-- MySQL Administrator dump 1.4
--
-- ------------------------------------------------------
-- Server version	5.1.72-community-log


/*!40101 SET @OLD_CHARACTER_SET_CLIENT=@@CHARACTER_SET_CLIENT */;
/*!40101 SET @OLD_CHARACTER_SET_RESULTS=@@CHARACTER_SET_RESULTS */;
/*!40101 SET @OLD_COLLATION_CONNECTION=@@COLLATION_CONNECTION */;
/*!40101 SET NAMES utf8 */;

/*!40014 SET @OLD_UNIQUE_CHECKS=@@UNIQUE_CHECKS, UNIQUE_CHECKS=0 */;
/*!40014 SET @OLD_FOREIGN_KEY_CHECKS=@@FOREIGN_KEY_CHECKS, FOREIGN_KEY_CHECKS=0 */;
/*!40101 SET @OLD_SQL_MODE=@@SQL_MODE, SQL_MODE='NO_AUTO_VALUE_ON_ZERO' */;


--
-- Create schema vboss_myhouse
--

CREATE DATABASE IF NOT EXISTS vboss_myhouse;
USE vboss_myhouse;

--
-- Definition of table `account_service`
--

DROP TABLE IF EXISTS `account_service`;
CREATE TABLE `account_service` (
  `COD_ACCOUNT_SERVICE` int(10) NOT NULL AUTO_INCREMENT,
  `GRUPO` varchar(80) DEFAULT NULL,
  `TIPO` varchar(20) DEFAULT NULL,
  `FORNECEDOR` varchar(80) DEFAULT NULL,
  `CONTA_USR` varchar(250) DEFAULT NULL,
  `CONTA_SENHA` varchar(50) DEFAULT NULL,
  `CONTA_EXTRA1` varchar(50) DEFAULT NULL,
  `CONTA_EXTRA2` varchar(50) DEFAULT NULL,
  `CONTA_EXTRA3` varchar(50) DEFAULT NULL,
  `ENDER_URL` varchar(250) DEFAULT NULL,
  `OBS` longtext,
  `ORDEM` int(10) DEFAULT NULL,
  `DT_INATIVO` datetime DEFAULT NULL,
  `SYS_DT_INS` datetime DEFAULT NULL,
  `SYS_USR_INS` varchar(50) DEFAULT NULL,
  `SYS_DT_UPD` datetime DEFAULT NULL,
  `SYS_USR_UPD` varchar(50) DEFAULT NULL,
  PRIMARY KEY (`COD_ACCOUNT_SERVICE`),
  KEY `DT_INATIVO` (`DT_INATIVO`),
  KEY `FORNECEDOR` (`FORNECEDOR`),
  KEY `GRUPO` (`GRUPO`),
  KEY `TIPO` (`TIPO`)
) ENGINE=InnoDB DEFAULT CHARSET=utf8;

--
-- Dumping data for table `account_service`
--

/*!40000 ALTER TABLE `account_service` DISABLE KEYS */;
/*!40000 ALTER TABLE `account_service` ENABLE KEYS */;


--
-- Definition of table `adm_cargo`
--

DROP TABLE IF EXISTS `adm_cargo`;
CREATE TABLE `adm_cargo` (
  `COD_CARGO` int(10) NOT NULL AUTO_INCREMENT,
  `TITULO` varchar(50) DEFAULT NULL,
  `UNIDADE` varchar(250) DEFAULT NULL,
  `DEPARTAMENTO` varchar(250) DEFAULT NULL,
  `SETOR` varchar(250) DEFAULT NULL,
  `SUP_HIERARQUICO` varchar(250) DEFAULT NULL,
  `DESCRICAO` longtext,
  `ATIVIDADES` longtext,
  `QUALIFICACOES` longtext,
  `COMPETENCIAS` longtext,
  `DT_INATIVO` datetime DEFAULT NULL,
  `SYS_DTT_INS` datetime DEFAULT NULL,
  `SYS_DTT_ALT` datetime DEFAULT NULL,
  `SYS_ID_USUARIO_INS` varchar(50) DEFAULT NULL,
  `SYS_ID_USUARIO_ALT` varchar(50) DEFAULT NULL,
  PRIMARY KEY (`COD_CARGO`),
  UNIQUE KEY `Index_504F1178_D21A_4435` (`COD_CARGO`)
) ENGINE=InnoDB DEFAULT CHARSET=utf8;

--
-- Dumping data for table `adm_cargo`
--

/*!40000 ALTER TABLE `adm_cargo` DISABLE KEYS */;
/*!40000 ALTER TABLE `adm_cargo` ENABLE KEYS */;


--
-- Definition of table `adm_classe`
--

DROP TABLE IF EXISTS `adm_classe`;
CREATE TABLE `adm_classe` (
  `COD_CLASSE` int(10) NOT NULL AUTO_INCREMENT,
  `ID_CLASSE` varchar(10) DEFAULT NULL,
  `DESCRICAO` varchar(250) DEFAULT NULL,
  `PESO_MIN` int(10) DEFAULT NULL,
  `PESO_MAX` int(10) DEFAULT NULL,
  `PONTOS` int(10) DEFAULT NULL,
  `DT_INATIVO` datetime DEFAULT NULL,
  `SYS_DTT_INS` datetime DEFAULT NULL,
  `SYS_DTT_ALT` datetime DEFAULT NULL,
  `SYS_ID_USUARIO_INS` varchar(50) DEFAULT NULL,
  `SYS_ID_USUARIO_ALT` varchar(50) DEFAULT NULL,
  PRIMARY KEY (`COD_CLASSE`),
  UNIQUE KEY `Index_77196C48_9AE8_4931` (`COD_CLASSE`)
) ENGINE=InnoDB DEFAULT CHARSET=utf8;

--
-- Dumping data for table `adm_classe`
--

/*!40000 ALTER TABLE `adm_classe` DISABLE KEYS */;
/*!40000 ALTER TABLE `adm_classe` ENABLE KEYS */;


--
-- Definition of table `adm_competencia`
--

DROP TABLE IF EXISTS `adm_competencia`;
CREATE TABLE `adm_competencia` (
  `COD_COMPETENCIA` int(10) NOT NULL AUTO_INCREMENT,
  `SIGLA` varchar(3) DEFAULT NULL,
  `COMPETENCIA` varchar(250) DEFAULT NULL,
  `CONCEITO` longtext,
  `PESO` int(10) DEFAULT NULL,
  `DT_INATIVO` datetime DEFAULT NULL,
  `SYS_DTT_INS` datetime DEFAULT NULL,
  `SYS_DTT_ALT` datetime DEFAULT NULL,
  `SYS_ID_USUARIO_INS` varchar(50) DEFAULT NULL,
  `SYS_ID_USUARIO_ALT` varchar(50) DEFAULT NULL,
  PRIMARY KEY (`COD_COMPETENCIA`),
  UNIQUE KEY `Index_4E532FA5_AD80_40E6` (`COD_COMPETENCIA`)
) ENGINE=InnoDB AUTO_INCREMENT=31 DEFAULT CHARSET=utf8;

--
-- Dumping data for table `adm_competencia`
--

/*!40000 ALTER TABLE `adm_competencia` DISABLE KEYS */;
INSERT INTO `adm_competencia` (`COD_COMPETENCIA`,`SIGLA`,`COMPETENCIA`,`CONCEITO`,`PESO`,`DT_INATIVO`,`SYS_DTT_INS`,`SYS_DTT_ALT`,`SYS_ID_USUARIO_INS`,`SYS_ID_USUARIO_ALT`) VALUES 
 (1,'GP','Gestão de pessoas','Dominar os conceitos e os princípios da gestão de equipes e as ferramentas e procssos de seleção, avaliação, ensino e desenvolvimento de pessoas, de modo a manter um quadro capacitado, motivado e comprometido.',8,NULL,'2009-08-04 17:00:00',NULL,'alessandro',NULL),
 (2,'LD','Liderança','Dominar os conceitos e os princípios e ser capaz de inspirar e estimular pessoas e grupos na realização de missões, atribuir tarefas, acompanhar, orientar e facilitar.',8,NULL,'2009-08-04 17:00:00',NULL,'alessandro',NULL),
 (3,'SV','Supervisão','Dominar o processo de atribuir tarefas, acompanhar, orientar e revisar trabalho.',8,NULL,'2009-08-04 17:00:00',NULL,'alessandro',NULL),
 (4,'AP','Atendimento ao público','Dominar o processo de prestar atendimento eficaz, informar e orientar o público interno e externo de modo a satisfazer aos interessados e preservar a boa imagem da empresa.',4,NULL,'2009-08-04 17:00:00',NULL,'alessandro',NULL),
 (5,'AC','Atendimento ao cliente','Dominar o processo de prestar atendimento comercial eficaz aos atuais e potenciais clientes, de modo a preservar e ajudar a incrementar os negócios da empresa.',4,NULL,'2009-08-04 17:00:00',NULL,'alessandro',NULL),
 (6,'RH','Relações humanas','Dominar o processo de relacionamento interpessoal e intergrupal, de forma a gerar ambiente e relações de trabalho harmoniosos, profisionais, éticos e produtivos.',4,NULL,'2009-08-04 17:00:00',NULL,'alessandro',NULL),
 (7,'IB','Informática Usuário Nível 1','Dominar, como usuário, os recursos fundamentais de microinformática: sistemas operacionais, editor de texto, planilha eletrônica, aplicativos de apresentação, internet e intranet.',2,NULL,'2009-08-04 17:00:00',NULL,'alessandro',NULL),
 (8,'IP','Informática Usuário Nível 2','Dominar todos os itens de informática Usuário Nível 1, sendo alguns em nível avançado, e/ou softwares/aplicativos profissionais e sistemas informatizados em uso na empresa.',5,NULL,'2009-08-04 17:00:00',NULL,'alessandro',NULL),
 (9,'MF','Matemática Financeira','Dominar o processo de efetuar os cálculos de juros, custo financeiro, projeções de valores, valor presente, valor futuro, amortizações, fatores de correção etc.',5,NULL,'2009-08-04 17:00:00',NULL,'alessandro',NULL),
 (10,'RE','Comunicação escrita','Dominar as técnicas de escrever em nível especial, escrever corretamente no idioma nacional e/ou conhecer os formatos oficiais e usuais de redação nos negócios: relatórios, atas, ofícios, cartas, etc.',5,NULL,'2009-08-04 17:00:00',NULL,'alessandro',NULL),
 (11,'CE','Comunicação e Expressão','Dominar o processo de exposição de idéias e fatos por meio da fala e da expressão corporal, de forma a se fazer entender com clareza e objetividade, convencer e gerar empatia nos interlocutores.',3,NULL,'2009-08-04 17:00:00',NULL,'alessandro',NULL),
 (12,'TN','Técnicas de negociação','Dominar o processo de negociar interesses econômico-financeiros e de atendimento de demandas, no âmbito interno e/ou externo da empresa, de modo a atingir integralmente os objetivos preservando os direitos envolvidos.',6,NULL,'2009-08-04 17:00:00',NULL,'alessandro',NULL),
 (13,'EA','Estatístia Aplicada','Dominar os conceitos e cálculos estatísticos e saber interpretar os resultados nas aplicações requeridas pelos controles e estudos de interesse da empresa.',6,NULL,'2009-08-04 17:00:00',NULL,'alessandro',NULL),
 (14,'ES','Espanhol','Dominar técnicas de leitura, escrita e conversação no idioma espanhol.',6,NULL,'2009-08-04 17:00:00',NULL,'alessandro',NULL),
 (15,'IN','Inglês','Dominar técnicas de leitura, escrita e conversação no idioma inglês.',7,NULL,'2009-08-04 17:00:00',NULL,'alessandro',NULL),
 (16,'PF','Prática Comercial/Fiscal','Conhecer e saber interpretar as normas que regem as trasações comerciais, a emissão e controle de notas fiscais e faturas e a apuração dos tributos.',5,NULL,'2009-08-04 17:00:00',NULL,'alessandro',NULL),
 (17,'PD','Produtos/Serviços','Conhecer a área de atuação e os diversos produtos e serviços da empresa.',5,NULL,'2009-08-04 17:00:00',NULL,'alessandro',NULL),
 (18,'TV','Técnicas de Vendas','Dominar o processo de conquista e manutenção de clientes para a empresa e de levar os clientes a se interessarem e se decidirem pela aquisição dos produtos/serviços.',6,NULL,'2009-08-04 17:00:00',NULL,'alessandro',NULL),
 (19,'LB','Legislação Tributária','Conhecer e saber interpretar as normas que regem a aplicação dos tributos federais, estaduais e municipais à empresa de modo a conduzir as atividades, orientações e decisões em consonância com os seus dispositivos.',6,NULL,'2009-08-04 17:00:00',NULL,'alessandro',NULL),
 (20,'LT','Legislação Trabalhista','Conhecer e saber interpretar as normas que regem as relações de trabalho, de modo a conduzir as atividades, orientações e decisões em consonância com os seus dispositivos.',6,NULL,'2009-08-04 17:00:00',NULL,'alessandro',NULL),
 (21,'LC','Legislação Comercial','Conhecer e saber interpretar as normas que regem as transações comerciais que afetam a empresa, de modo a conduzir as atividades, orientações e decisões em consonância com os seus dispositivos.',6,NULL,'2009-08-04 17:00:00',NULL,'alessandro',NULL),
 (22,'PL','Planejamento','Dominar o processo de antecipar cenários, planejar, controlar e executar as tarefas.',7,NULL,'2009-08-04 17:00:00',NULL,'alessandro',NULL),
 (23,'HB','Habilitação de Motorista Categoria B','Possuir habilitação legal e saber conduzir veículos com capacidade de até 3.500 Kg ou para até nove passageiros.',7,NULL,'2009-08-04 17:00:00',NULL,'alessandro',NULL),
 (24,'SQ','Sistema de Qualidade','Conhecer e saber aplicar conceitos, instrumentos e processos do Sistema da Qualidade adotados pela empresa.',4,NULL,'2009-08-04 17:00:00',NULL,'alessandro',NULL),
 (25,'KB','Kanban','Conhecer e saber aplicar conceitos do sistema Kanban de gestão do fluxo de produção.',4,NULL,'2009-08-04 17:00:00',NULL,'alessandro',NULL),
 (26,'KZ','Kaizen','Conhecer e saber aplicar conceitos do processo de melhorias contínuas denominado Kaizen.',4,NULL,'2009-08-04 17:00:00',NULL,'alessandro',NULL),
 (27,'5S','5 Esses','Conhecer e saber aplicar conceitos do sistema 5 Ss de organização e limpeza.',5,NULL,'2009-08-04 17:00:00',NULL,'alessandro',NULL),
 (28,'DC','Diagrama de Causa e Efeito','Conhecer e saber aplicar conceitos e técnicas do processo de análise e solução de problemas denominada Diagrama de Causa e Efeito ou Diagrama Espinha de Peixe.',5,NULL,'2009-08-04 17:00:00',NULL,'alessandro',NULL),
 (29,'CD','Cad/3D','Conhecer e saber trabalhar com os aplicativos de desenho informatizado.',7,NULL,'2009-08-04 17:00:00',NULL,'alessandro',NULL),
 (30,'ID','Leitura e Interpretação de Desenho','Saber ler e entender diagramas, plantas, fluxogramas e outras formas de apresentação de objetos e estruturas.',5,NULL,'2009-08-04 17:00:00',NULL,'alessandro',NULL);
/*!40000 ALTER TABLE `adm_competencia` ENABLE KEYS */;


--
-- Definition of table `ag_agenda`
--

DROP TABLE IF EXISTS `ag_agenda`;
CREATE TABLE `ag_agenda` (
  `COD_AGENDA` int(10) NOT NULL AUTO_INCREMENT,
  `ID_RESPONSAVEL` varchar(50) DEFAULT NULL,
  `ID_ULT_EXECUTOR` varchar(50) DEFAULT NULL,
  `ID_CITADOS` longtext,
  `COD_CATEGORIA` int(10) DEFAULT NULL,
  `TITULO` varchar(250) DEFAULT NULL,
  `DESCRICAO` longtext,
  `SITUACAO` varchar(50) DEFAULT NULL,
  `PRIORIDADE` varchar(50) DEFAULT NULL,
  `PREV_DT_INI` datetime DEFAULT NULL,
  `PREV_HORAS` double(15,5) DEFAULT NULL,
  `DT_REALIZADO` datetime DEFAULT NULL,
  `ARQUIVO_ANEXO` longtext,
  `SYS_DTT_INS` datetime DEFAULT NULL,
  `SYS_DTT_ALT` datetime DEFAULT NULL,
  `SYS_ID_USUARIO_INS` varchar(50) DEFAULT NULL,
  PRIMARY KEY (`COD_AGENDA`),
  KEY `DT_AGENDA` (`PREV_DT_INI`),
  KEY `DT_REALIZADO` (`DT_REALIZADO`),
  KEY `ID_CONVOCADOS` (`ID_CITADOS`(45)),
  KEY `ID_ULT_EXECUTOR` (`ID_ULT_EXECUTOR`),
  KEY `ID_USUARIO` (`ID_RESPONSAVEL`),
  KEY `PREV_DT_INI` (`PREV_HORAS`),
  KEY `PRIORIDADE` (`PRIORIDADE`),
  KEY `SITUACAO` (`SITUACAO`),
  KEY `SYS_ID_USUARIO_INS` (`SYS_ID_USUARIO_INS`),
  KEY `TITULO` (`TITULO`)
) ENGINE=InnoDB AUTO_INCREMENT=4 DEFAULT CHARSET=utf8;

--
-- Dumping data for table `ag_agenda`
--

/*!40000 ALTER TABLE `ag_agenda` DISABLE KEYS */;
INSERT INTO `ag_agenda` (`COD_AGENDA`,`ID_RESPONSAVEL`,`ID_ULT_EXECUTOR`,`ID_CITADOS`,`COD_CATEGORIA`,`TITULO`,`DESCRICAO`,`SITUACAO`,`PRIORIDADE`,`PREV_DT_INI`,`PREV_HORAS`,`DT_REALIZADO`,`ARQUIVO_ANEXO`,`SYS_DTT_INS`,`SYS_DTT_ALT`,`SYS_ID_USUARIO_INS`) VALUES 
 (1,'aless',NULL,';aless;daiane;',15,'MEDICO-ALESS','GERIATRIA ---------------------------------------\r\nDr EVALDO CARLOMAGNO DO NASCIMENTO\r\nAv. Ipiranga, 6681 (SÃO LUCAS/PUC)\r\nPARTENON - POA/RS (4º/ 406)\r\nTelefone(s): 51 3320.5066\r\n','ABERTO','NORMAL','2014-02-07 14:00:00',0.50000,NULL,'','2014-01-28 13:04:04',NULL,'aless'),
 (2,'aless',NULL,';aless;daiane;',15,'MEDICO-ALESS','OFTALMOLOGIA: Dr LUIZ CARLOS EIROA DA FONSECA, RUA MOSTARDEIRO, 157/804 - MOINHOS DE VENTO - POA/RS - Fone 51 3222.1267\r\n','ABERTO','NORMAL','2014-02-05 11:00:00',0.50000,NULL,'','2014-01-28 13:05:52',NULL,'aless'),
 (3,'aless',NULL,';aless;daiane;',15,'MEDICO-ALESS','Dr HERBERT SAUER\r\nRua José de Alencar n.207, conj. 202\r\nE-mail: herburol@terra.com.br\r\nTelefone: (51) 3233-8914\r\n','ABERTO','NORMAL','2014-02-03 13:30:00',0.50000,NULL,'','2014-01-31 16:27:18',NULL,'aless');
/*!40000 ALTER TABLE `ag_agenda` ENABLE KEYS */;


--
-- Definition of table `ag_categoria`
--

DROP TABLE IF EXISTS `ag_categoria`;
CREATE TABLE `ag_categoria` (
  `COD_CATEGORIA` int(10) NOT NULL AUTO_INCREMENT,
  `NOME` varchar(50) DEFAULT NULL,
  `DESCRICAO` varchar(255) DEFAULT NULL,
  `DT_INATIVO` datetime DEFAULT NULL,
  PRIMARY KEY (`COD_CATEGORIA`),
  KEY `DT_INATIVO` (`DT_INATIVO`),
  KEY `NOME` (`NOME`)
) ENGINE=InnoDB AUTO_INCREMENT=21 DEFAULT CHARSET=utf8;

--
-- Dumping data for table `ag_categoria`
--

/*!40000 ALTER TABLE `ag_categoria` DISABLE KEYS */;
INSERT INTO `ag_categoria` (`COD_CATEGORIA`,`NOME`,`DESCRICAO`,`DT_INATIVO`) VALUES 
 (1,'Reunião',NULL,NULL),
 (2,'Encontro',NULL,NULL),
 (3,'Conferência',NULL,NULL),
 (4,'Almoço',NULL,NULL),
 (5,'Jantar',NULL,NULL),
 (15,'Visita',NULL,NULL),
 (16,'Viagem',NULL,NULL),
 (18,'Aniversário',NULL,NULL),
 (19,'Comemoração',NULL,NULL),
 (20,'Feriado',NULL,NULL);
/*!40000 ALTER TABLE `ag_categoria` ENABLE KEYS */;


--
-- Definition of table `ag_resposta`
--

DROP TABLE IF EXISTS `ag_resposta`;
CREATE TABLE `ag_resposta` (
  `COD_AG_RESPOSTA` int(10) NOT NULL AUTO_INCREMENT,
  `COD_AGENDA` int(10) DEFAULT NULL,
  `ID_FROM` varchar(50) DEFAULT NULL,
  `ID_TO` longtext,
  `RESPOSTA` longtext,
  `HORAS` double(15,5) DEFAULT NULL,
  `DTT_RESPOSTA` datetime DEFAULT NULL,
  `SYS_ID_USUARIO_INS` varchar(50) DEFAULT NULL,
  PRIMARY KEY (`COD_AG_RESPOSTA`),
  KEY `ID_SENDTO` (`ID_TO`(45)),
  KEY `ID_USUARIO` (`ID_FROM`),
  KEY `TL_RESPOSTACOD_TODOLIST` (`COD_AGENDA`)
) ENGINE=InnoDB DEFAULT CHARSET=utf8;

--
-- Dumping data for table `ag_resposta`
--

/*!40000 ALTER TABLE `ag_resposta` DISABLE KEYS */;
/*!40000 ALTER TABLE `ag_resposta` ENABLE KEYS */;


--
-- Definition of table `aslw_categoria`
--

DROP TABLE IF EXISTS `aslw_categoria`;
CREATE TABLE `aslw_categoria` (
  `COD_CATEGORIA` int(10) NOT NULL AUTO_INCREMENT,
  `NOME` varchar(50) DEFAULT NULL,
  `DESCRICAO` longtext,
  `DT_INATIVO` datetime DEFAULT NULL,
  PRIMARY KEY (`COD_CATEGORIA`),
  KEY `DT_INATIVO` (`DT_INATIVO`),
  KEY `IDX_NOME` (`NOME`)
) ENGINE=InnoDB AUTO_INCREMENT=296 DEFAULT CHARSET=utf8;

--
-- Dumping data for table `aslw_categoria`
--

/*!40000 ALTER TABLE `aslw_categoria` DISABLE KEYS */;
INSERT INTO `aslw_categoria` (`COD_CATEGORIA`,`NOME`,`DESCRICAO`,`DT_INATIVO`) VALUES 
 (289,'Financeiro',NULL,NULL),
 (290,'Gerencial',NULL,NULL),
 (291,'Produtos',NULL,NULL),
 (292,'Administrativo',NULL,NULL),
 (293,'Cadastramento',NULL,NULL),
 (294,'Visitação',NULL,NULL),
 (295,'Newsletters',NULL,NULL);
/*!40000 ALTER TABLE `aslw_categoria` ENABLE KEYS */;


--
-- Definition of table `aslw_relatorio`
--

DROP TABLE IF EXISTS `aslw_relatorio`;
CREATE TABLE `aslw_relatorio` (
  `COD_RELATORIO` int(10) NOT NULL AUTO_INCREMENT,
  `COD_CATEGORIA` int(10) DEFAULT NULL,
  `NOME` varchar(80) DEFAULT NULL,
  `DESCRICAO` longtext,
  `EXECUTOR` varchar(255) DEFAULT NULL,
  `PARAMETRO` longtext,
  `SYS_CRIA` varchar(50) DEFAULT NULL,
  `SYS_ALTERA` varchar(50) DEFAULT NULL,
  `DT_CRIACAO` datetime DEFAULT NULL,
  `DT_INATIVO` datetime DEFAULT NULL,
  `DT_ALTERACAO` datetime DEFAULT NULL,
  PRIMARY KEY (`COD_RELATORIO`),
  KEY `ASLW_RELATORIOCOD_CATEGORIA` (`COD_CATEGORIA`)
) ENGINE=InnoDB DEFAULT CHARSET=utf8;

--
-- Dumping data for table `aslw_relatorio`
--

/*!40000 ALTER TABLE `aslw_relatorio` DISABLE KEYS */;
/*!40000 ALTER TABLE `aslw_relatorio` ENABLE KEYS */;


--
-- Definition of table `bs_boletim`
--

DROP TABLE IF EXISTS `bs_boletim`;
CREATE TABLE `bs_boletim` (
  `COD_BOLETIM` int(10) NOT NULL AUTO_INCREMENT,
  `COD_PROJETO` int(10) DEFAULT NULL,
  `COD_CLIENTE` int(10) DEFAULT NULL,
  `COD_CATEGORIA` int(10) DEFAULT NULL,
  `ID_RESPONSAVEL` varchar(50) DEFAULT NULL,
  `TITULO` varchar(255) DEFAULT NULL,
  `DESCRICAO` longtext,
  `SITUACAO` varchar(50) DEFAULT NULL,
  `PRIORIDADE` varchar(50) DEFAULT NULL,
  `MODELO` tinyint(1) NOT NULL DEFAULT '0',
  `SYS_DTT_INS` datetime DEFAULT NULL,
  `SYS_DTT_ALT` datetime DEFAULT NULL,
  `SYS_ID_USUARIO_INS` varchar(50) DEFAULT NULL,
  `SYS_ID_USUARIO_ALT` varchar(50) DEFAULT NULL,
  `COD_ANTIGO` int(10) DEFAULT NULL,
  `TIPO` varchar(10) DEFAULT NULL,
  PRIMARY KEY (`COD_BOLETIM`),
  KEY `BSCOD_CLIENTE` (`COD_CLIENTE`),
  KEY `COD_SETOR` (`COD_CATEGORIA`),
  KEY `ID_RESPONSAVEL` (`ID_RESPONSAVEL`),
  KEY `MODELO` (`MODELO`),
  KEY `TITULO` (`TITULO`)
) ENGINE=InnoDB DEFAULT CHARSET=utf8;

--
-- Dumping data for table `bs_boletim`
--

/*!40000 ALTER TABLE `bs_boletim` DISABLE KEYS */;
/*!40000 ALTER TABLE `bs_boletim` ENABLE KEYS */;


--
-- Definition of table `bs_categoria`
--

DROP TABLE IF EXISTS `bs_categoria`;
CREATE TABLE `bs_categoria` (
  `COD_CATEGORIA` int(10) NOT NULL AUTO_INCREMENT,
  `NOME` varchar(50) DEFAULT NULL,
  `DESCRICAO` varchar(255) DEFAULT NULL,
  `DT_INATIVO` datetime DEFAULT NULL,
  PRIMARY KEY (`COD_CATEGORIA`),
  KEY `DT_INATIVO` (`DT_INATIVO`),
  KEY `NOME` (`NOME`)
) ENGINE=InnoDB AUTO_INCREMENT=10 DEFAULT CHARSET=utf8;

--
-- Dumping data for table `bs_categoria`
--

/*!40000 ALTER TABLE `bs_categoria` DISABLE KEYS */;
INSERT INTO `bs_categoria` (`COD_CATEGORIA`,`NOME`,`DESCRICAO`,`DT_INATIVO`) VALUES 
 (1,'Administrativo',NULL,NULL),
 (2,'Financeiro',NULL,NULL),
 (3,'Produção',NULL,NULL),
 (4,'Pesquisa',NULL,NULL),
 (5,'Marketing',NULL,NULL),
 (6,'Pessoas - RH',NULL,NULL),
 (7,'Qualidade',NULL,NULL),
 (9,'Evento',NULL,NULL);
/*!40000 ALTER TABLE `bs_categoria` ENABLE KEYS */;


--
-- Definition of table `bs_equipe`
--

DROP TABLE IF EXISTS `bs_equipe`;
CREATE TABLE `bs_equipe` (
  `COD_EQUIPE` int(10) NOT NULL AUTO_INCREMENT,
  `COD_BOLETIM` int(10) DEFAULT NULL,
  `ID_USUARIO` varchar(50) DEFAULT NULL,
  `DT_INATIVO` datetime DEFAULT NULL,
  `SYS_DTT_INS` datetime DEFAULT NULL,
  `SYS_ID_USUARIO_INS` varchar(50) DEFAULT NULL,
  PRIMARY KEY (`COD_EQUIPE`),
  KEY `BS_EQUIPECOD_BS` (`COD_BOLETIM`),
  KEY `ID_RESPONSAVEL` (`ID_USUARIO`)
) ENGINE=InnoDB DEFAULT CHARSET=utf8;

--
-- Dumping data for table `bs_equipe`
--

/*!40000 ALTER TABLE `bs_equipe` DISABLE KEYS */;
/*!40000 ALTER TABLE `bs_equipe` ENABLE KEYS */;


--
-- Definition of table `cfg_aviso`
--

DROP TABLE IF EXISTS `cfg_aviso`;
CREATE TABLE `cfg_aviso` (
  `COD_CFG_AVISO` int(10) NOT NULL AUTO_INCREMENT,
  `AVISAR_MANAGER_BS_TODO` tinyint(1) NOT NULL DEFAULT '0',
  PRIMARY KEY (`COD_CFG_AVISO`),
  UNIQUE KEY `Index_FC0E93B9_8BB1_45D0` (`COD_CFG_AVISO`)
) ENGINE=InnoDB AUTO_INCREMENT=2 DEFAULT CHARSET=utf8;

--
-- Dumping data for table `cfg_aviso`
--

/*!40000 ALTER TABLE `cfg_aviso` DISABLE KEYS */;
INSERT INTO `cfg_aviso` (`COD_CFG_AVISO`,`AVISAR_MANAGER_BS_TODO`) VALUES 
 (1,0);
/*!40000 ALTER TABLE `cfg_aviso` ENABLE KEYS */;


--
-- Definition of table `cfg_boleto`
--

DROP TABLE IF EXISTS `cfg_boleto`;
CREATE TABLE `cfg_boleto` (
  `COD_CFG_BOLETO` int(10) NOT NULL AUTO_INCREMENT,
  `DESCRICAO` longtext,
  `CEDENTE_NOME` varchar(50) DEFAULT NULL,
  `CEDENTE_ENDERECO` longtext,
  `CEDENTE_AGENCIA` varchar(50) DEFAULT NULL,
  `CEDENTE_CNPJ` varchar(20) DEFAULT NULL,
  `CEDENTE_CODIGO` varchar(10) DEFAULT NULL,
  `CEDENTE_CODIGO_DV` varchar(10) DEFAULT NULL,
  `COD_CLIENTE` varchar(10) DEFAULT NULL,
  `BANCO_CODIGO` int(10) DEFAULT NULL,
  `BANCO_DV` varchar(50) DEFAULT NULL,
  `BANCO_IMG` varchar(50) DEFAULT NULL,
  `BOLETO_ACEITE` varchar(10) DEFAULT NULL,
  `BOLETO_CARTEIRA` varchar(10) DEFAULT NULL,
  `BOLETO_ESPECIE` varchar(10) DEFAULT NULL,
  `BOLETO_TIPO_DOC` varchar(20) DEFAULT NULL,
  `LOCAL_PGTO` varchar(255) DEFAULT NULL,
  `INSTRUCOES` longtext,
  `MODELO_HTML` varchar(255) DEFAULT NULL,
  `DT_INATIVO` datetime DEFAULT NULL,
  PRIMARY KEY (`COD_CFG_BOLETO`)
) ENGINE=InnoDB AUTO_INCREMENT=2 DEFAULT CHARSET=utf8;

--
-- Dumping data for table `cfg_boleto`
--

/*!40000 ALTER TABLE `cfg_boleto` DISABLE KEYS */;
INSERT INTO `cfg_boleto` (`COD_CFG_BOLETO`,`DESCRICAO`,`CEDENTE_NOME`,`CEDENTE_ENDERECO`,`CEDENTE_AGENCIA`,`CEDENTE_CNPJ`,`CEDENTE_CODIGO`,`CEDENTE_CODIGO_DV`,`COD_CLIENTE`,`BANCO_CODIGO`,`BANCO_DV`,`BANCO_IMG`,`BOLETO_ACEITE`,`BOLETO_CARTEIRA`,`BOLETO_ESPECIE`,`BOLETO_TIPO_DOC`,`LOCAL_PGTO`,`INSTRUCOES`,`MODELO_HTML`,`DT_INATIVO`) VALUES 
 (1,'Boleto Itaú','ATHENAS SOFTWARE AND SYSTEMS',NULL,'3115','01.390.825/0001-22','2301','6',NULL,341,'7',NULL,'N','109','R$','DP','Até o vencimento, preferencialmente no Itaú ou BANERJ.<br>\r\nApós o vencimento, somente no Itaú ou BANERJ.','- Pagável em qualquer banco até o vencimento.<br>\r\n- Cobrar 0,10% de juros por dia de atraso<br>\r\n- Cobrar multa de 2% após o vencimento<br>\r\n- Este título será protestado após 05 dias do vencimento<br>','Boleto_Itau.asp',NULL);
/*!40000 ALTER TABLE `cfg_boleto` ENABLE KEYS */;


--
-- Definition of table `cfg_nf`
--

DROP TABLE IF EXISTS `cfg_nf`;
CREATE TABLE `cfg_nf` (
  `COD_CFG_NF` int(10) NOT NULL AUTO_INCREMENT,
  `SERIE` varchar(10) DEFAULT NULL,
  `DESCRICAO` longtext,
  `TIPO` varchar(50) DEFAULT NULL,
  `ULT_NUM_NF` int(10) DEFAULT NULL,
  `ULT_NUM_FORM` int(10) DEFAULT NULL,
  `MODELO_HTML` varchar(255) DEFAULT NULL,
  `NUM_LINHAS` int(10) DEFAULT NULL,
  `TAM_LINHA` int(10) DEFAULT NULL,
  `ALIQ_ISSQN` double(15,5) DEFAULT NULL,
  `ALIQ_IRPJ` double(15,5) DEFAULT NULL,
  `ALIQ_COFINS` double(15,5) DEFAULT NULL,
  `ALIQ_PIS` double(15,5) DEFAULT NULL,
  `ALIQ_CSOCIAL` double(15,5) DEFAULT NULL,
  `ALIQ_IRRF` double(15,5) DEFAULT NULL,
  `VLR_LIM_IRRF` double(15,5) DEFAULT NULL,
  `VLR_LIM_REDUCAO` double(15,5) DEFAULT NULL,
  `ORDEM` int(10) DEFAULT NULL,
  `DT_INATIVO` datetime DEFAULT NULL,
  `COD_FORNEC` int(10) DEFAULT NULL,
  PRIMARY KEY (`COD_CFG_NF`),
  KEY `IDX_ISSQN` (`ALIQ_ISSQN`)
) ENGINE=InnoDB AUTO_INCREMENT=6 DEFAULT CHARSET=utf8;

--
-- Dumping data for table `cfg_nf`
--

/*!40000 ALTER TABLE `cfg_nf` DISABLE KEYS */;
INSERT INTO `cfg_nf` (`COD_CFG_NF`,`SERIE`,`DESCRICAO`,`TIPO`,`ULT_NUM_NF`,`ULT_NUM_FORM`,`MODELO_HTML`,`NUM_LINHAS`,`TAM_LINHA`,`ALIQ_ISSQN`,`ALIQ_IRPJ`,`ALIQ_COFINS`,`ALIQ_PIS`,`ALIQ_CSOCIAL`,`ALIQ_IRRF`,`VLR_LIM_IRRF`,`VLR_LIM_REDUCAO`,`ORDEM`,`DT_INATIVO`,`COD_FORNEC`) VALUES 
 (2,'01','Serviços ATHENAS','PADRAO',4300,4300,'NOTA_SERVICO_XP_IE7.asp',10,112,2.00000,4.85000,3.00000,0.65000,1.00000,1.50000,10.00000,5000.00000,50,'2009-09-15 00:00:00',124),
 (3,'02','Modelo para emissão de RECIBO','PADRAO',478,478,'RECIBO_SIMPLES.asp',10,112,0.00000,0.00000,3.00000,0.65000,1.00000,0.00000,0.00000,5000.00000,100,NULL,131),
 (4,'03','Serviços ATHENAS - 2009','PADRAO',4473,4473,'NOTA_SERVICO2009_XP_IE7.asp',7,112,2.00000,4.85000,3.00000,0.65000,1.00000,1.50000,10.00000,5000.00000,0,'2010-01-18 00:00:00',124),
 (5,'04','Modelo para NF-e PMSP','PADRAO',448,447,'RECIBO_NFe_2010.asp',7,110,0.00000,0.00000,0.00000,0.00000,0.00000,0.00000,100000.00000,100000.00000,110,NULL,131);
/*!40000 ALTER TABLE `cfg_nf` ENABLE KEYS */;


--
-- Definition of table `ch_anexo`
--

DROP TABLE IF EXISTS `ch_anexo`;
CREATE TABLE `ch_anexo` (
  `COD_ANEXO` int(10) NOT NULL AUTO_INCREMENT,
  `COD_CHAMADO` int(10) DEFAULT NULL,
  `ARQUIVO` varchar(250) DEFAULT NULL,
  `DESCRICAO` longtext,
  `SYS_DTT_INS` datetime DEFAULT NULL,
  `SYS_ID_USUARIO_INS` varchar(50) DEFAULT NULL,
  PRIMARY KEY (`COD_ANEXO`)
) ENGINE=InnoDB DEFAULT CHARSET=utf8;

--
-- Dumping data for table `ch_anexo`
--

/*!40000 ALTER TABLE `ch_anexo` DISABLE KEYS */;
/*!40000 ALTER TABLE `ch_anexo` ENABLE KEYS */;


--
-- Definition of table `ch_categoria`
--

DROP TABLE IF EXISTS `ch_categoria`;
CREATE TABLE `ch_categoria` (
  `COD_CATEGORIA` int(10) NOT NULL AUTO_INCREMENT,
  `NOME` varchar(50) DEFAULT NULL,
  `DESCRICAO` varchar(255) DEFAULT NULL,
  `DT_INATIVO` datetime DEFAULT NULL,
  PRIMARY KEY (`COD_CATEGORIA`),
  KEY `DT_INATIVO` (`DT_INATIVO`),
  KEY `NOME` (`NOME`)
) ENGINE=InnoDB AUTO_INCREMENT=5 DEFAULT CHARSET=utf8;

--
-- Dumping data for table `ch_categoria`
--

/*!40000 ALTER TABLE `ch_categoria` DISABLE KEYS */;
INSERT INTO `ch_categoria` (`COD_CATEGORIA`,`NOME`,`DESCRICAO`,`DT_INATIVO`) VALUES 
 (1,'GERAL',NULL,NULL),
 (2,'BUG',NULL,NULL),
 (3,'SUGESTAO',NULL,NULL),
 (4,'DUVIDA',NULL,NULL);
/*!40000 ALTER TABLE `ch_categoria` ENABLE KEYS */;


--
-- Definition of table `ch_chamado`
--

DROP TABLE IF EXISTS `ch_chamado`;
CREATE TABLE `ch_chamado` (
  `COD_CHAMADO` int(10) NOT NULL AUTO_INCREMENT,
  `COD_CATEGORIA` int(10) DEFAULT NULL,
  `COD_CLI` int(10) DEFAULT NULL,
  `TITULO` varchar(255) DEFAULT NULL,
  `DESCRICAO` longtext,
  `SIGILOSO` longtext,
  `SITUACAO` varchar(50) DEFAULT NULL,
  `PRIORIDADE` varchar(50) DEFAULT NULL,
  `ARQUIVO_ANEXO` varchar(250) DEFAULT NULL,
  `COD_TODOLIST` int(10) DEFAULT NULL,
  `SYS_DTT_INS` datetime DEFAULT NULL,
  `SYS_ID_USUARIO_INS` varchar(50) DEFAULT NULL,
  `SYS_DTT_UPD` datetime DEFAULT NULL,
  `SYS_ID_USUARIO_UPD` varchar(50) DEFAULT NULL,
  `SYS_DTT_DESBLOQUEIO` datetime DEFAULT NULL,
  `SYS_ID_USUARIO_DESBLOQUEIO` varchar(50) DEFAULT NULL,
  `DESBLOQUEIO` longtext,
  `DESBLOQUEIO_SIGI` longtext,
  `HORAS` double(15,5) DEFAULT NULL,
  `VALOR` double(15,5) DEFAULT NULL,
  `EXTRA` varchar(25) DEFAULT NULL,
  PRIMARY KEY (`COD_CHAMADO`),
  KEY `COD_CATEGORIA` (`COD_CATEGORIA`),
  KEY `COD_CLI` (`COD_CLI`),
  KEY `PRIORIDADE` (`PRIORIDADE`),
  KEY `SITUACAO` (`SITUACAO`),
  KEY `SYS_ID_USUARIO_INS` (`SYS_ID_USUARIO_INS`),
  KEY `SYS_ID_USUARIO_INS1` (`SYS_ID_USUARIO_UPD`),
  KEY `TITULO` (`TITULO`)
) ENGINE=InnoDB DEFAULT CHARSET=utf8;

--
-- Dumping data for table `ch_chamado`
--

/*!40000 ALTER TABLE `ch_chamado` DISABLE KEYS */;
/*!40000 ALTER TABLE `ch_chamado` ENABLE KEYS */;


--
-- Definition of table `contrato`
--

DROP TABLE IF EXISTS `contrato`;
CREATE TABLE `contrato` (
  `COD_CONTRATO` int(10) NOT NULL AUTO_INCREMENT,
  `COD_CONTRATO_PAI` int(10) DEFAULT NULL,
  `TITULO` varchar(250) DEFAULT NULL,
  `CODIFICACAO` varchar(100) DEFAULT NULL,
  `SITUACAO` varchar(50) DEFAULT 'ABERTO' COMMENT 'ABERTO, FATURADO',
  `CODIGO` int(11) DEFAULT NULL,
  `TIPO` varchar(20) DEFAULT NULL,
  `OBS` longtext,
  `DT_INI` datetime DEFAULT NULL,
  `DT_FIM` datetime DEFAULT NULL,
  `DT_ASSINATURA` datetime DEFAULT NULL,
  `DOC_CONTRATO` varchar(250) DEFAULT NULL,
  `NUM_PARC` int(10) DEFAULT NULL,
  `VLR_TOTAL` double(15,2) DEFAULT NULL,
  `FREQUENCIA` varchar(20) DEFAULT NULL,
  `DT_BASE_VCTO` datetime DEFAULT NULL,
  `TP_RENOVACAO` varchar(30) DEFAULT 'RENOVAVEL' COMMENT 'RENOVAVEL, NAO_RENOVAVEL, AUTO_RENOVAVEL',
  `TP_COBRANCA` varchar(20) DEFAULT 'PAGAR' COMMENT 'PAGAR, RECEBER',
  `DT_INATIVO` datetime DEFAULT NULL,
  `SYS_DT_INSERCAO` datetime DEFAULT NULL,
  `SYS_INS_ID_USUARIO` varchar(120) DEFAULT NULL,
  `SYS_DT_ALTERACAO` datetime DEFAULT NULL,
  `SYS_ALT_ID_USUARIO` varchar(120) DEFAULT NULL,
  `ALIQ_ISSQN_SERVICO` double(15,3) DEFAULT NULL,
  `VLR_PARCELA` double(15,2) DEFAULT NULL,
  `TP_REAJUSTE` varchar(20) DEFAULT NULL,
  `FATOR_REAJUSTE` double(15,3) DEFAULT NULL,
  `DT_BASE_CONTRATO` date DEFAULT NULL,
  `DTT_VLR_REAJUSTE` datetime DEFAULT NULL,
  `DTT_PROX_REAJUSTE` datetime DEFAULT NULL,
  `DTT_ULT_REAJUSTE` datetime DEFAULT NULL,
  `SYS_DEL_ID_USUARIO` varchar(120) DEFAULT NULL,
  `SYS_DT_CANCEL` datetime DEFAULT NULL,
  `MOTIVO_CANC_DEL` longtext,
  PRIMARY KEY (`COD_CONTRATO`),
  KEY `DT_ASSINATURA` (`DT_ASSINATURA`),
  KEY `DT_FIM` (`DT_FIM`),
  KEY `ID` (`DT_INI`),
  KEY `NUM` (`CODIFICACAO`)
) ENGINE=InnoDB DEFAULT CHARSET=utf8;

--
-- Dumping data for table `contrato`
--

/*!40000 ALTER TABLE `contrato` DISABLE KEYS */;
/*!40000 ALTER TABLE `contrato` ENABLE KEYS */;


--
-- Definition of table `contrato_anexo`
--

DROP TABLE IF EXISTS `contrato_anexo`;
CREATE TABLE `contrato_anexo` (
  `COD_ANEXO` int(10) NOT NULL AUTO_INCREMENT,
  `COD_CONTRATO` int(10) DEFAULT NULL,
  `ARQUIVO` varchar(250) DEFAULT NULL,
  `DESCRICAO` longtext,
  `SYS_DTT_INS` datetime DEFAULT NULL,
  `SYS_ID_USUARIO_INS` varchar(50) DEFAULT NULL,
  PRIMARY KEY (`COD_ANEXO`)
) ENGINE=InnoDB DEFAULT CHARSET=utf8;

--
-- Dumping data for table `contrato_anexo`
--

/*!40000 ALTER TABLE `contrato_anexo` DISABLE KEYS */;
/*!40000 ALTER TABLE `contrato_anexo` ENABLE KEYS */;


--
-- Definition of table `contrato_parcela`
--

DROP TABLE IF EXISTS `contrato_parcela`;
CREATE TABLE `contrato_parcela` (
  `COD_CONTRATO_PARCELA` int(11) NOT NULL AUTO_INCREMENT,
  `COD_CONTRATO` int(11) DEFAULT NULL,
  `VLR_PARCELA` double(15,2) DEFAULT NULL,
  `DT_VENC` date DEFAULT NULL,
  PRIMARY KEY (`COD_CONTRATO_PARCELA`)
) ENGINE=InnoDB DEFAULT CHARSET=latin1;

--
-- Dumping data for table `contrato_parcela`
--

/*!40000 ALTER TABLE `contrato_parcela` DISABLE KEYS */;
/*!40000 ALTER TABLE `contrato_parcela` ENABLE KEYS */;


--
-- Definition of table `contrato_servico`
--

DROP TABLE IF EXISTS `contrato_servico`;
CREATE TABLE `contrato_servico` (
  `COD_CONTRATO_SERVICO` int(11) NOT NULL AUTO_INCREMENT,
  `COD_CONTRATO` int(11) NOT NULL,
  `COD_SERVICO` int(11) NOT NULL,
  `DESCRICAO` varchar(255) DEFAULT NULL,
  `QTDE` int(11) NOT NULL DEFAULT '0',
  `VALOR` double(15,5) DEFAULT '0.00000',
  PRIMARY KEY (`COD_CONTRATO_SERVICO`)
) ENGINE=InnoDB DEFAULT CHARSET=latin1;

--
-- Dumping data for table `contrato_servico`
--

/*!40000 ALTER TABLE `contrato_servico` DISABLE KEYS */;
/*!40000 ALTER TABLE `contrato_servico` ENABLE KEYS */;


--
-- Definition of table `en_alternativa`
--

DROP TABLE IF EXISTS `en_alternativa`;
CREATE TABLE `en_alternativa` (
  `COD_ALTERNATIVA` int(10) unsigned NOT NULL AUTO_INCREMENT,
  `COD_QUESTAO` int(11) DEFAULT NULL,
  `ALTERNATIVA` varchar(250) DEFAULT NULL,
  `TIPO` varchar(10) DEFAULT 'OBJETIVA',
  `NUM_VOTOS` int(11) DEFAULT '0',
  `RESPOSTAS` text,
  PRIMARY KEY (`COD_ALTERNATIVA`),
  KEY `EN_ALTERNATIVACOD_QUESTAO` (`COD_QUESTAO`),
  KEY `NUM_VOTOS` (`NUM_VOTOS`)
) ENGINE=InnoDB AUTO_INCREMENT=125 DEFAULT CHARSET=latin1;

--
-- Dumping data for table `en_alternativa`
--

/*!40000 ALTER TABLE `en_alternativa` DISABLE KEYS */;
INSERT INTO `en_alternativa` (`COD_ALTERNATIVA`,`COD_QUESTAO`,`ALTERNATIVA`,`TIPO`,`NUM_VOTOS`,`RESPOSTAS`) VALUES 
 (1,1001,'Concordo Plenamente','OBJETIVA',0,NULL),
 (2,1001,'Concordo','OBJETIVA',0,NULL),
 (3,1001,'Discordo','OBJETIVA',0,NULL),
 (4,1001,'Discordo Plenamente','OBJETIVA',0,NULL),
 (5,1002,'Concordo Plenamente','OBJETIVA',0,NULL),
 (6,1002,'Concordo','OBJETIVA',0,NULL),
 (7,1002,'Discordo','OBJETIVA',0,NULL),
 (8,1002,'Discordo Plenamente','OBJETIVA',0,NULL),
 (9,1003,'Concordo Plenamente','OBJETIVA',0,NULL),
 (10,1003,'Concordo','OBJETIVA',0,NULL),
 (11,1003,'Discordo','OBJETIVA',0,NULL),
 (12,1003,'Discordo Plenamente','OBJETIVA',0,NULL),
 (13,1004,'Concordo Plenamente','OBJETIVA',0,NULL),
 (14,1004,'Concordo','OBJETIVA',0,NULL),
 (15,1004,'Discordo','OBJETIVA',0,NULL),
 (16,1004,'Discordo Plenamente','OBJETIVA',0,NULL),
 (17,1005,'Concordo Plenamente','OBJETIVA',0,NULL),
 (18,1005,'Concordo','OBJETIVA',0,NULL),
 (19,1005,'Discordo','OBJETIVA',0,NULL),
 (20,1005,'Discordo Plenamente','OBJETIVA',0,NULL),
 (21,1006,'Concordo Plenamente','OBJETIVA',0,NULL),
 (22,1006,'Concordo','OBJETIVA',0,NULL),
 (23,1006,'Discordo','OBJETIVA',0,NULL),
 (24,1006,'Discordo Plenamente','OBJETIVA',0,NULL),
 (25,1007,'Concordo Plenamente','OBJETIVA',0,NULL),
 (26,1007,'Concordo','OBJETIVA',0,NULL),
 (27,1007,'Discordo','OBJETIVA',0,NULL),
 (28,1007,'Discordo Plenamente','OBJETIVA',0,NULL),
 (29,1008,'Concordo Plenamente','OBJETIVA',0,NULL),
 (30,1008,'Concordo','OBJETIVA',0,NULL),
 (31,1008,'Discordo','OBJETIVA',0,NULL),
 (32,1008,'Discordo Plenamente','OBJETIVA',0,NULL),
 (33,1009,'Concordo Plenamente','OBJETIVA',0,NULL),
 (34,1009,'Concordo','OBJETIVA',0,NULL),
 (35,1009,'Discordo','OBJETIVA',0,NULL),
 (36,1009,'Discordo Plenamente','OBJETIVA',0,NULL),
 (37,1010,'Concordo Plenamente','OBJETIVA',0,NULL),
 (38,1010,'Concordo','OBJETIVA',0,NULL),
 (39,1010,'Discordo','OBJETIVA',0,NULL),
 (40,1010,'Discordo Plenamente','OBJETIVA',0,NULL),
 (41,1011,'Concordo Plenamente','OBJETIVA',0,NULL),
 (42,1011,'Concordo','OBJETIVA',0,NULL),
 (43,1011,'Discordo','OBJETIVA',0,NULL),
 (44,1011,'Discordo Plenamente','OBJETIVA',0,NULL),
 (45,1012,'Concordo Plenamente','OBJETIVA',0,NULL),
 (46,1012,'Concordo','OBJETIVA',0,NULL),
 (47,1012,'Discordo','OBJETIVA',0,NULL),
 (48,1012,'Discordo Plenamente','OBJETIVA',0,NULL),
 (49,1013,'Concordo Plenamente','OBJETIVA',0,NULL),
 (50,1013,'Concordo','OBJETIVA',0,NULL),
 (51,1013,'Discordo','OBJETIVA',0,NULL),
 (52,1013,'Discordo Plenamente','OBJETIVA',0,NULL),
 (53,1014,'Concordo Plenamente','OBJETIVA',0,NULL),
 (54,1014,'Concordo','OBJETIVA',0,NULL),
 (55,1014,'Discordo','OBJETIVA',0,NULL),
 (56,1014,'Discordo Plenamente','OBJETIVA',0,NULL),
 (57,1015,'Concordo Plenamente','OBJETIVA',0,NULL),
 (58,1015,'Concordo','OBJETIVA',0,NULL),
 (59,1015,'Discordo','OBJETIVA',0,NULL),
 (60,1015,'Discordo Plenamente','OBJETIVA',0,NULL),
 (61,1016,'Concordo Plenamente','OBJETIVA',0,NULL),
 (62,1016,'Concordo','OBJETIVA',0,NULL),
 (63,1016,'Discordo','OBJETIVA',0,NULL),
 (64,1016,'Discordo Plenamente','OBJETIVA',0,NULL),
 (65,1017,'Concordo Plenamente','OBJETIVA',0,NULL),
 (66,1017,'Concordo','OBJETIVA',0,NULL),
 (67,1017,'Discordo','OBJETIVA',0,NULL),
 (68,1017,'Discordo Plenamente','OBJETIVA',0,NULL),
 (69,1018,'Concordo Plenamente','OBJETIVA',0,NULL),
 (70,1018,'Concordo','OBJETIVA',0,NULL),
 (71,1018,'Discordo','OBJETIVA',0,NULL),
 (72,1018,'Discordo Plenamente','OBJETIVA',0,NULL),
 (73,1019,'Concordo Plenamente','OBJETIVA',0,NULL),
 (74,1019,'Concordo','OBJETIVA',0,NULL),
 (75,1019,'Discordo','OBJETIVA',0,NULL),
 (76,1019,'Discordo Plenamente','OBJETIVA',0,NULL),
 (77,1020,'Concordo Plenamente','OBJETIVA',0,NULL),
 (78,1020,'Concordo','OBJETIVA',0,NULL),
 (79,1020,'Discordo','OBJETIVA',0,NULL),
 (80,1020,'Discordo Plenamente','OBJETIVA',0,NULL),
 (81,1021,'Concordo Plenamente','OBJETIVA',0,NULL),
 (82,1021,'Concordo','OBJETIVA',0,NULL),
 (83,1021,'Discordo','OBJETIVA',0,NULL),
 (84,1021,'Discordo Plenamente','OBJETIVA',0,NULL),
 (85,1022,'Concordo Plenamente','OBJETIVA',0,NULL),
 (86,1022,'Concordo','OBJETIVA',0,NULL),
 (87,1022,'Discordo','OBJETIVA',0,NULL),
 (88,1022,'Discordo Plenamente','OBJETIVA',0,NULL),
 (89,1023,'Concordo Plenamente','OBJETIVA',0,NULL),
 (90,1023,'Concordo','OBJETIVA',0,NULL),
 (91,1023,'Discordo','OBJETIVA',0,NULL),
 (92,1023,'Discordo Plenamente','OBJETIVA',0,NULL),
 (93,1024,'Concordo Plenamente','OBJETIVA',0,NULL),
 (94,1024,'Concordo','OBJETIVA',0,NULL),
 (95,1024,'Discordo','OBJETIVA',0,NULL),
 (96,1024,'Discordo Plenamente','OBJETIVA',0,NULL),
 (97,1025,'Concordo Plenamente','OBJETIVA',0,NULL),
 (98,1025,'Concordo Plenamente','OBJETIVA',0,NULL),
 (99,1025,'Discordo','OBJETIVA',0,NULL),
 (100,1025,'Discordo Plenamente','OBJETIVA',0,NULL),
 (101,1026,'Concordo Plenamente','OBJETIVA',0,NULL),
 (102,1026,'Concordo','OBJETIVA',0,NULL),
 (103,1026,'Discordo','OBJETIVA',0,NULL),
 (104,1026,'Discordo Plenamente','OBJETIVA',0,NULL),
 (105,1027,'Concordo Plenamente','OBJETIVA',0,NULL),
 (106,1027,'Concordo','OBJETIVA',0,NULL),
 (107,1027,'Discordo','OBJETIVA',0,NULL),
 (108,1027,'Discordo Plenamente','OBJETIVA',0,NULL),
 (109,1028,'Concordo Plenamente','OBJETIVA',0,NULL),
 (110,1028,'Concordo','OBJETIVA',0,NULL),
 (111,1028,'Discordo','OBJETIVA',0,NULL),
 (112,1028,'Discordo Plenamente','OBJETIVA',0,NULL),
 (113,1029,'Concordo Plenamente','OBJETIVA',0,NULL),
 (114,1029,'Concordo','OBJETIVA',0,NULL),
 (115,1029,'Discordo','OBJETIVA',0,NULL),
 (116,1029,'Discordo Plenamente','OBJETIVA',0,NULL),
 (117,1030,'Concordo Plenamente','OBJETIVA',0,NULL),
 (118,1030,'Concordo','OBJETIVA',0,NULL),
 (119,1030,'Discordo','OBJETIVA',0,NULL),
 (120,1030,'Discordo Plenamente','OBJETIVA',0,NULL),
 (121,1031,'Primeira ação','SUBJETIVA',0,NULL),
 (122,1031,'Segunda ação','SUBJETIVA',0,NULL),
 (123,1031,'Terceira ação','SUBJETIVA',0,NULL),
 (124,1032,'Seus comentários e ou sugestões','SUBJETIVA',0,NULL);
/*!40000 ALTER TABLE `en_alternativa` ENABLE KEYS */;


--
-- Definition of table `en_enquete`
--

DROP TABLE IF EXISTS `en_enquete`;
CREATE TABLE `en_enquete` (
  `COD_ENQUETE` int(10) unsigned NOT NULL AUTO_INCREMENT,
  `TITULO` varchar(250) DEFAULT NULL,
  `TIPO_ENTIDADE` varchar(50) DEFAULT 'ENT_COLABORADOR',
  `DT_INI` datetime DEFAULT NULL,
  `DT_FIM` datetime DEFAULT NULL,
  `QUORUM` int(10) unsigned NOT NULL COMMENT 'Valor referente ao a exibiçao minima da enquete',
  PRIMARY KEY (`COD_ENQUETE`)
) ENGINE=InnoDB AUTO_INCREMENT=2 DEFAULT CHARSET=latin1;

--
-- Dumping data for table `en_enquete`
--

/*!40000 ALTER TABLE `en_enquete` DISABLE KEYS */;
INSERT INTO `en_enquete` (`COD_ENQUETE`,`TITULO`,`TIPO_ENTIDADE`,`DT_INI`,`DT_FIM`,`QUORUM`) VALUES 
 (1,'1º Pesquisa de Clima Organizacional 2014','ENT_COLABORADOR','2014-10-30 12:26:12','2014-11-16 12:26:12',0);
/*!40000 ALTER TABLE `en_enquete` ENABLE KEYS */;


--
-- Definition of table `en_log`
--

DROP TABLE IF EXISTS `en_log`;
CREATE TABLE `en_log` (
  `COD_LOG` int(10) unsigned NOT NULL AUTO_INCREMENT,
  `COD_ENQUETE` int(11) DEFAULT NULL,
  `ID_USUARIO` varchar(50) DEFAULT NULL,
  `IP` varchar(50) DEFAULT NULL,
  `DATA` datetime DEFAULT NULL,
  PRIMARY KEY (`COD_LOG`),
  KEY `EN_LOGCOD_QUESTAO` (`COD_ENQUETE`)
) ENGINE=InnoDB DEFAULT CHARSET=latin1;

--
-- Dumping data for table `en_log`
--

/*!40000 ALTER TABLE `en_log` DISABLE KEYS */;
/*!40000 ALTER TABLE `en_log` ENABLE KEYS */;


--
-- Definition of table `en_questao`
--

DROP TABLE IF EXISTS `en_questao`;
CREATE TABLE `en_questao` (
  `COD_QUESTAO` int(11) NOT NULL AUTO_INCREMENT,
  `COD_ENQUETE` int(11) DEFAULT NULL,
  `ORDEM` int(11) DEFAULT NULL,
  `QUESTAO` varchar(250) DEFAULT NULL,
  PRIMARY KEY (`COD_QUESTAO`)
) ENGINE=InnoDB AUTO_INCREMENT=1033 DEFAULT CHARSET=latin1;

--
-- Dumping data for table `en_questao`
--

/*!40000 ALTER TABLE `en_questao` DISABLE KEYS */;
INSERT INTO `en_questao` (`COD_QUESTAO`,`COD_ENQUETE`,`ORDEM`,`QUESTAO`) VALUES 
 (1001,1,10,'Nossa empresa adota a filosofia do trabalho em equipe.'),
 (1002,1,20,'Sei o que se espera do meu trabalho.'),
 (1003,1,30,'Na minha área de trabalho, as instalações físicas são adequadas.'),
 (1004,1,40,'Percebo que meu trabalho me possibilita crescer profissionalmente.'),
 (1005,1,50,'Na minha área de trabalho a liderança pratica o que prega.'),
 (1006,1,60,'Trabalho numa empresa que transmite uma imagem positiva ao publico externo.'),
 (1007,1,70,'Tenho um salário condizente com o mercado.'),
 (1008,1,80,'Sinto o apoio do colegas e dos líderes.'),
 (1009,1,90,'Conhecemos os objetivos e estratégias da nossa área de trabalho.'),
 (1010,1,100,'As condições de trabalho em minha área são adequadas.'),
 (1011,1,110,'Sinto que os líderes estão sempre abertos a novas idéias.'),
 (1012,1,120,'Aqui na empresa existem programas de treinamento que melhoram minha qualificação.'),
 (1013,1,130,'trabalho numa empresa que se preocupa com meio ambiente.'),
 (1014,1,140,'Recebo meu salário em dia e entendo todos os descontos praticados.'),
 (1015,1,150,'Planejamento dos projetos e direcionado a satisfação dos clientes.'),
 (1016,1,160,'Podemos expressar nossos pontos de vista sem medo de punições.'),
 (1017,1,170,'Nosso empenho para atingir metas é sempre reconhecido.'),
 (1018,1,180,'Trabalho numa empresa sólida e confivél.'),
 (1019,1,190,'Temos os recursos de trabalho(máquinas e equipamentos) necessários para fazer o trabalho.'),
 (1020,1,200,'A decisão dos líderes é baseada em fatos concretos e não em pré-julgamentos.'),
 (1021,1,210,'Trabalho em uma empresa que possui critérios definidos e claros para promoções.'),
 (1022,1,220,'Mantemos um bom relacionamento com os colegas.'),
 (1023,1,230,'Trabalho numa empresa socialmente responsável.'),
 (1024,1,240,'Quando existem conflitos entre nós, nosso líderes sabem administra-los.'),
 (1025,1,250,'Consigo realizar meu trabalho, fazendo oque é importante primeiro.'),
 (1026,1,260,'trabalho numa empresa com uma boa politica de beneficios(cesta básica, ticket refeição , etc).'),
 (1027,1,270,'Sinto que a empresa é um lugar motivador para se trabalhar.'),
 (1028,1,280,'Somo informados quando ocorrem mudanças de procedimentos ou estratégias.'),
 (1029,1,290,'Os líderes deixam claro quais são as possibilidades futuras da equipe.'),
 (1030,1,300,'Trabalho numa empresa que possui política para remuneração dos funcionários por função.'),
 (1031,1,310,'Se você fosse gerente por um dia quais seriam suas três primeiras ações.'),
 (1032,1,320,'Espaço para você comentar o que julgar importante.');
/*!40000 ALTER TABLE `en_questao` ENABLE KEYS */;


--
-- Definition of table `ent_cliente`
--

DROP TABLE IF EXISTS `ent_cliente`;
CREATE TABLE `ent_cliente` (
  `COD_CLIENTE` int(10) NOT NULL AUTO_INCREMENT,
  `SIGLA_PONTO` varchar(5) DEFAULT NULL,
  `RAZAO_SOCIAL` varchar(250) DEFAULT NULL,
  `NOME_FANTASIA` varchar(250) DEFAULT NULL,
  `NOME_COMERCIAL` varchar(250) DEFAULT NULL,
  `NUM_DOC` varchar(20) DEFAULT NULL,
  `TIPO_DOC` char(1) DEFAULT NULL,
  `INSC_ESTADUAL` varchar(20) DEFAULT NULL,
  `FONE_2` varchar(250) DEFAULT NULL,
  `FAX` varchar(250) DEFAULT NULL,
  `EMAIL` varchar(250) DEFAULT NULL,
  `SITE` varchar(250) DEFAULT NULL,
  `CONTATO` varchar(250) DEFAULT NULL,
  `DT_CADASTRO` datetime DEFAULT NULL,
  `DT_INATIVO` datetime DEFAULT NULL,
  `SYS_DT_ALTERACAO` datetime DEFAULT NULL,
  `ENTR_ENDERECO` varchar(250) DEFAULT NULL,
  `ENTR_NUMERO` varchar(20) DEFAULT NULL,
  `ENTR_COMPLEMENTO` varchar(100) DEFAULT NULL,
  `ENTR_CEP` varchar(20) DEFAULT NULL,
  `ENTR_BAIRRO` varchar(250) DEFAULT NULL,
  `ENTR_CIDADE` varchar(250) DEFAULT NULL,
  `ENTR_ESTADO` varchar(50) DEFAULT NULL,
  `ENTR_PAIS` varchar(250) DEFAULT NULL,
  `FATURA_NUMERO` varchar(20) DEFAULT NULL,
  `FATURA_CEP` varchar(20) DEFAULT NULL,
  `FATURA_BAIRRO` varchar(250) DEFAULT NULL,
  `FATURA_CIDADE` varchar(250) DEFAULT NULL,
  `FATURA_ESTADO` varchar(50) DEFAULT NULL,
  `FATURA_PAIS` varchar(250) DEFAULT NULL,
  `COBR_ENDERECO` varchar(250) DEFAULT NULL,
  `COBR_NUMERO` varchar(20) DEFAULT NULL,
  `COBR_COMPLEMENTO` varchar(100) DEFAULT NULL,
  `COBR_CEP` varchar(20) DEFAULT NULL,
  `COBR_BAIRRO` varchar(250) DEFAULT NULL,
  `COBR_CIDADE` varchar(250) DEFAULT NULL,
  `COBR_ESTADO` varchar(50) DEFAULT NULL,
  `COBR_PAIS` varchar(250) DEFAULT NULL,
  `CLASSE` varchar(20) DEFAULT NULL,
  `INSC_MUNICIPAL` varchar(20) DEFAULT NULL,
  `COD_ANTIGO` int(10) DEFAULT NULL,
  `OLD_FONE_1` varchar(250) DEFAULT NULL,
  `OLD_FATURA_ENDERECO` varchar(250) DEFAULT NULL,
  `OLD_FATURA_COMPLEMENTO` varchar(100) DEFAULT NULL,
  `FONE_1` varchar(25) DEFAULT NULL,
  `FATURA_ENDERECO` varchar(190) DEFAULT NULL,
  `FATURA_COMPLEMENTO` varchar(40) DEFAULT NULL,
  `TEM_ALIQ_IRPJ` tinyint(1) DEFAULT '0',
  `ALIQ_IRPJ` double(15,3) DEFAULT NULL,
  `TIPO_CHAMADO` varchar(50) DEFAULT 'LIVRE',
  `COD_BANCO` int(11) DEFAULT NULL,
  `AGENCIA` varchar(50) DEFAULT NULL,
  `CONTA` varchar(50) DEFAULT NULL,
  `FAVORECIDO` varchar(120) DEFAULT NULL,
  `OBS` longtext,
  PRIMARY KEY (`COD_CLIENTE`),
  UNIQUE KEY `SIGLA_PONTO` (`SIGLA_PONTO`),
  KEY `CLASSE` (`CLASSE`),
  KEY `CONTATO` (`CONTATO`),
  KEY `ndxCNPJ` (`NUM_DOC`),
  KEY `ndxEMAIL` (`EMAIL`),
  KEY `NOME_COMERCIAL` (`NOME_COMERCIAL`),
  KEY `NOME_FANTASIA` (`NOME_FANTASIA`),
  KEY `RAZAO_SOCIAL` (`RAZAO_SOCIAL`),
  KEY `TIPO_DOC` (`TIPO_DOC`)
) ENGINE=InnoDB AUTO_INCREMENT=4276 DEFAULT CHARSET=utf8;

--
-- Dumping data for table `ent_cliente`
--

/*!40000 ALTER TABLE `ent_cliente` DISABLE KEYS */;
INSERT INTO `ent_cliente` (`COD_CLIENTE`,`SIGLA_PONTO`,`RAZAO_SOCIAL`,`NOME_FANTASIA`,`NOME_COMERCIAL`,`NUM_DOC`,`TIPO_DOC`,`INSC_ESTADUAL`,`FONE_2`,`FAX`,`EMAIL`,`SITE`,`CONTATO`,`DT_CADASTRO`,`DT_INATIVO`,`SYS_DT_ALTERACAO`,`ENTR_ENDERECO`,`ENTR_NUMERO`,`ENTR_COMPLEMENTO`,`ENTR_CEP`,`ENTR_BAIRRO`,`ENTR_CIDADE`,`ENTR_ESTADO`,`ENTR_PAIS`,`FATURA_NUMERO`,`FATURA_CEP`,`FATURA_BAIRRO`,`FATURA_CIDADE`,`FATURA_ESTADO`,`FATURA_PAIS`,`COBR_ENDERECO`,`COBR_NUMERO`,`COBR_COMPLEMENTO`,`COBR_CEP`,`COBR_BAIRRO`,`COBR_CIDADE`,`COBR_ESTADO`,`COBR_PAIS`,`CLASSE`,`INSC_MUNICIPAL`,`COD_ANTIGO`,`OLD_FONE_1`,`OLD_FATURA_ENDERECO`,`OLD_FATURA_COMPLEMENTO`,`FONE_1`,`FATURA_ENDERECO`,`FATURA_COMPLEMENTO`,`TEM_ALIQ_IRPJ`,`ALIQ_IRPJ`,`TIPO_CHAMADO`,`COD_BANCO`,`AGENCIA`,`CONTA`,`FAVORECIDO`,`OBS`) VALUES 
 (2,'ATH','ATHENAS INFORMÁTICA IMPORTAÇÃO E EXPORTAÇÃO LTDA.','ATHENAS SOFTWARE AND SYSTEMS','ATHENAS','01.390.825/0001-22','J',NULL,NULL,'51-33306993','athenas@athenas.com.br','http://www.athenas.com.br','ALESSANDER','1996-08-23 00:00:00',NULL,NULL,'RUA JOAO ABOTT','319','503','90460-150','PETROPOLIS','PORTO ALEGRE','RS','BRASIL','319','90460-150','PETROPOLIS','PORTO ALEGRE','RS','BRASIL','RUA JOAO ABOTT','319','503','90460-150','PETROPOLIS','PORTO ALEGRE','RS','BRASIL',NULL,NULL,NULL,'51-33888466','RUA JOAO ABOTT','503','51-33888466','RUA JOAO ABOTT','503',0,NULL,'LIVRE',NULL,NULL,NULL,NULL,NULL),
 (3,'GAU','GAUCHAFARMA MEDICAMENTOS LTDA','GAUCHAFARMA MEDICAMENTOS LTDA','GAUCHAFARMA','89.735.070/0001-00','J','0960586288','51-33381566',NULL,'gauchafarma@gauchafarma.com.br','www.gauchafarma.com.br','Márcio',NULL,NULL,NULL,'RUA GENERAL SALVADOR PINHEIRO','917',NULL,'91320-000','VILA JARDIM','PORTO ALEGRE','RS','BRASIL','917','91320-000','VILA JARDIM','PORTO ALEGRE','RS','BRASIL','RUA GENERAL SALVADOR PINHEIRO','917',NULL,'91320-000','VILA JARDIM','PORTO ALEGRE','RS','BRASIL',NULL,NULL,NULL,NULL,NULL,NULL,'51-33822000','RUA GENERAL SALVADOR PINHEIRO',NULL,0,NULL,'LIVRE',NULL,NULL,NULL,NULL,NULL),
 (13,NULL,'ALZIRA','ALZIRA',NULL,NULL,'F',NULL,'51-99899008',NULL,'alzira.fpires@gmail.com',NULL,NULL,'1994-11-13 00:00:00',NULL,'2006-09-14 17:46:36','VERISSIMO ROSA','320',NULL,'90610-280','PARTENON','PORTO ALEGRE','RS','BRASIL','1086',NULL,'CRISTAL','PORTO ALEGRE','RS','BRASIL','VERISSIMO ROSA','320',NULL,'90610-280','PARTENON','PORTO ALEGRE','RS','BRASIL',NULL,NULL,NULL,'51-33362533','VERISSIMO ROSA',NULL,'51-32690561','RUA WENCESLAU ESCOBAR, 1086/103','103',0,NULL,'LIVRE',1,NULL,NULL,NULL,NULL),
 (15,NULL,'ASSOCIACAO REDEMAC DE LOJAS DE MATERIAL DE CONSTRUCAO E DECORACAO LTDA','ASSOC. REDEMAC LOJAS DE MAT. CONST E DECOR. LTDA','REDEMAC','04.608.850/0001-28','J',NULL,NULL,NULL,'rentabilidade@redemac.com.br','www.redemac.com.br','ANE KARINE','1996-10-24 00:00:00',NULL,NULL,'AVENIDA PLINIO KROEF','2010',NULL,'91150-170','RUBEM BERTA','PORTO ALEGRE','RS','BRASIL','2010','91150-170','RUBEM BERTA','PORTO ALEGRE','RS','BRASIL','AVENIDA PLINIO KROEF','2010',NULL,'91150-170','RUBEM BERTA','PORTO ALEGRE','RS','AVENIDA PLINIO KROEF',NULL,NULL,NULL,'51-33442122','AVENIDA PLINIO KROEF',NULL,'51-33442122','AVENIDA PLINIO KROEF',NULL,0,NULL,'LIVRE',NULL,NULL,NULL,NULL,NULL),
 (16,NULL,'BALEARIC COMÉRCIO EXTERIOR E REPRESENTACOES LTDA','BALEARIC COMÉRCIO EXTERIOR E REPRESENTACOES LTDA','BALEARIC','93.482.370/0001-93','J',NULL,NULL,NULL,'balearic@terra.com.br','www.balearic.com.br','THOMAS','1995-01-23 00:00:00',NULL,'2006-09-15 10:09:43','RUA MARCELO GAMA','1412','402','90540-041','AUXILIADORA','PORTO ALEGRE','RS','BRASIL','1412','90540-041','AUXILIADORA','PORTO ALEGRE','RS','BRASIL','RUA MARCELO GAMA','1412','402','90540-041','AUXILIADORA','PORTO ALEGRE','RS','RUA MARCELO GAMA',NULL,NULL,NULL,'51-33437047','RUA MARCELO GAMA','402','51-33437047','RUA MARCELO GAMA','402',0,NULL,'LIVRE',NULL,NULL,NULL,NULL,NULL),
 (17,NULL,'DAIANE','DAINANE',NULL,NULL,'J',NULL,NULL,NULL,NULL,NULL,NULL,'1994-09-13 00:00:00',NULL,'2006-09-15 10:11:01','RUA JOAO ABOTT','319','503','90460-150','PETROPOLIS','PORTO ALEGRE','RS','BRASIL',NULL,NULL,NULL,'PORTO ALEGRE','RS','BRASIL','RUA JOAO ABOTT','319','503','90460-150','PETROPOLIS','PORTO ALEGRE','RS','RUA JOAO ABOTT',NULL,NULL,NULL,'51-33309599','RUA JOAO ABOTT','503',NULL,NULL,NULL,0,NULL,'LIVRE',1,NULL,NULL,NULL,NULL),
 (19,NULL,'BIOTERM INDUSTRIA E COMERCIO LTDA','BIOTERM INDUSTRIA E COMERCIO LTDA','BIOTERM','06.933.350/0001-97','J',NULL,NULL,NULL,'bioterm@bioterm.com.br','www.bioterm.com.br','RAFAEL','1993-04-13 00:00:00',NULL,'2006-09-15 10:16:11','RUA CIRCULAR','688',NULL,'91320-180','VILA JARDIM','PORTO ALEGRE','RS','BRASIL','688','91320-180','VILA JARDIM','PORTO ALEGRE','RS','BRASIL','RUA CIRCULAR','688',NULL,'91320-180','VILA JARDIM','PORTO ALEGRE','RS','BRASIL',NULL,NULL,NULL,'51-30614420','RUA CIRCULAR',NULL,'51-30614420','RUA CIRCULAR',NULL,0,NULL,'LIVRE',NULL,NULL,NULL,NULL,NULL),
 (22,NULL,'BOLSA DE ARTE DE PORTO ALEGRE','BOLSA DE ARTE DE PORTO ALEGRE','BOLSA DE ARTE','90.882.713/0001-19','J','096/0638768','51-33316459','055-2223057','bolsadearte@bolsadearte.com.br','www.bolsadearte.com.br','MARGA','1996-07-22 00:00:00',NULL,'2006-09-15 10:18:31','RUA QUINTINO BOCAIUVA','1115',NULL,'90440-051','MOINHOS DE VENTO','PORTO ALEGRE','RS','BRASIL','1115','90440-051','MOINHOS DE VENTO','PORTO ALEGRE','RS','BRASIL','RUA QUINTINO BOCAIUVA','1115',NULL,'90440-051','MOINHOS DE VENTO','PORTO ALEGRE','RS','RUA QUINTINO BOCAIUVA',NULL,NULL,NULL,'51-33326799','RUA QUINTINO BOCAIUVA',NULL,'51-33326799','RUA QUINTINO BOCAIUVA',NULL,0,NULL,'LIVRE',NULL,NULL,NULL,NULL,NULL),
 (23,NULL,'BONDMANN QUIMICA LTDA','BONDMANN QUIMICA LTDA','BONDMANN','94.984.796/0001-08','J','024/021267-3','51-98071797','51-34282097','william@bondmann.com.br','www.bondmann.com.br','WILLIAM','1994-11-13 00:00:00',NULL,'2006-09-26 11:07:43','RUA DIRETOR AUGUSTO PESTANA','2250',NULL,'92200-580','FATIMA','CANOAS','RS','BRASIL','2250','92200-580','FATIMA','CANOAS','RS','BRASIL','RUA DIRETOR AUGUSTO PESTANA','2250',NULL,'92200-580','FATIMA','CANOAS','RS','BRASIL',NULL,NULL,NULL,'51-34668666','RUA DIRETOR AUGUSTO PESTANA',NULL,'51-34668666','RUA DIRETOR AUGUSTO PESTANA',NULL,0,NULL,'LIVRE',NULL,NULL,NULL,NULL,NULL),
 (24,NULL,'BAR E CHURRASCARIA BARRANCO','BAR E CHURRASCARIA BARRANCO','BARRANCO','92.926.211/0001-78','J',NULL,NULL,NULL,'churrascariabarranco@terra.com.br','www.churrascariabarranco.com.br','LEANDRO','1997-01-08 00:00:00','2009-05-05 00:00:00','2006-09-15 10:10:36','AVENIDA PROTASIO ALVES','1578',NULL,'90410-005','PETROPOLIS','PORTO ALEGRE','RS','BRASIL','1578','90410-005','PETROPOLIS','PORTO ALEGRE','RS','BRASIL','AVENIDA PROTASIO ALVES','1578',NULL,'90410-005','PETROPOLIS','PORTO ALEGRE','RS','AVENIDA PROTASIO ALVES',NULL,NULL,NULL,'51-33316172','AVENIDA PROTASIO ALVES',NULL,'51-33316172','AVENIDA PROTASIO ALVES',NULL,0,NULL,'LIVRE',NULL,NULL,NULL,NULL,NULL),
 (26,NULL,'CABRAL ARQUITETOS S/C LTDA','CABRAL ARQUITETOS S/C LTDA','CABRAL','01.644.490/0001-21','J',NULL,NULL,NULL,'cabral@cabral.arq.br','www.cabral.arq.br','MIGUEL','1995-12-18 00:00:00',NULL,'2006-09-15 10:37:13','RUA QUINTINO BOCAIUVA','655','304','90440-051','MOINHOS DE VENTO','PORTO ALEGRE','RS','BRASIL','655','90440-051','MOINHOS DE VENTO','PORTO ALEGRE','RS','BRASIL','RUA QUINTINO BOCAIUVA','655','304','90440-051','MOINHOS DE VENTO','PORTO ALEGRE','RS','RUA QUINTINO BOCAIUVA',NULL,NULL,NULL,'51-32228601','RUA QUINTINO BOCAIUVA','304','51-32228601','RUA QUINTINO BOCAIUVA','304',0,NULL,'LIVRE',NULL,NULL,NULL,NULL,NULL),
 (27,NULL,'CADS TREINAMENTO E ASSESSORIA LTDA','CADS TREINAMENTO E ASSESSORIA LTDA','CADS','72.457.021/0001-41','J',NULL,NULL,NULL,'gilson@cads.com.br','www.cads.com.br','GILSON','1995-10-13 00:00:00',NULL,'2006-09-15 10:38:09','RUA FABRICIO PILAR','770','401','90450-040','MONT SERRAT','PORTO ALEGRE','RS','BRASIL','770','90450-040','MONT SERRAT','PORTO ALEGRE','RS','BRASIL','RUA FABRICIO PILAR','770','401','90450-040','MONT SERRAT','PORTO ALEGRE','RS','RUA FABRICIO PILAR',NULL,NULL,NULL,'51-33331353','RUA FABRICIO PILAR','401','51-33331353','RUA FABRICIO PILAR','401',0,NULL,'LIVRE',NULL,NULL,NULL,NULL,NULL),
 (29,NULL,'CINCO CONTINENTES EDITORA LTDA','CINCO CONTINENTES EDITORA LTDA','CINCO CONTINENTES','00.697.934/0001-24','J',NULL,'51-33163009',NULL,'suzete@gabinete.ufrgs.br','www.5continentes.com.br','SUZETE','1995-11-27 00:00:00',NULL,'2006-09-15 10:40:59','1110',NULL,NULL,'91330-290','Três Figueiras','Porto Alegre','RS','BRASIL','1110','91330-290','Três Figueiras','Porto Alegre','RS','BRASIL','Rua Matias José Bins','1110',NULL,'91330-290','Três Figueiras','Porto Alegre','RS','BRASIL',NULL,NULL,NULL,'51-32641377','AV ENG ARY DE ABREU LIMA',NULL,'51-32641377','Rua Matias José Bins',NULL,0,NULL,'LIVRE',NULL,NULL,NULL,NULL,NULL),
 (30,NULL,'CORPO EM MOVIMENTO','CORPO EM MOVIMENTO','CORPO EM MOVIMENTO','05.094.899/0001-72','J',NULL,NULL,NULL,'neto@patinacaocm.com.br','www.patinacaocm.com.br','NETO','1996-06-13 00:00:00',NULL,'2006-09-15 10:41:50','RUA PIAUI','348','202','91030-320','SANTA MARIA GORETI','PORTO ALEGRE','RS','BRASIL','348','91030-320','SANTA MARIA GORETI','PORTO ALEGRE','RS','BRASIL','RUA PIAUI','348','202','91030-320','SANTA MARIA GORETI','PORTO ALEGRE','RS','RUA PIAUI',NULL,NULL,NULL,'51-92734544','RUA PIAUI','202','51-92734544','RUA PIAUI','202',0,NULL,'LIVRE',NULL,NULL,NULL,NULL,NULL),
 (31,NULL,'FORMINTON CHEMICALS QUIMICA LTDA','FORMINTON CHEMICALS QUIMICA LTDA','FORMINTON','93.505.444/0001-60','J',NULL,NULL,NULL,'forminton@forminton.com.br','www.forminton.com.br','ANDRE','1996-07-15 00:00:00',NULL,'2006-09-15 11:10:37','RUA DOUTOR AUGUSTO PESTANA','2220',NULL,'92200-999','FATIMA','CANOAS','RS','BRASIL','2220','92200-999','FATIMA','CANOAS','RS','BRASIL','RUA DOUTOR AUGUSTO PESTANA','2220',NULL,'92200-999','FATIMA','CANOAS','RS','BRASIL',NULL,NULL,NULL,'51-30518776','RUA DOUTOR AUGUSTO PESTANA',NULL,'51-30518776','RUA DOUTOR AUGUSTO PESTANA',NULL,0,NULL,'LIVRE',NULL,NULL,NULL,NULL,NULL),
 (32,NULL,'DHB - COMPONENTES AUTOMOTIVOS S/A','DHB - COMPONENTES AUTOMOTIVOS S/A','DHB','89.734.537/0001-99','J',NULL,NULL,NULL,'tiago.soares@dhb.com.br','http://www.dhb.com.br','THIAGO','1994-08-25 00:00:00',NULL,'2006-09-15 10:46:22','AVENIDA DAS INDUSTRIAS','864',NULL,'90200-290','SAO JOAO','PORTO ALEGRE','RS','BRASIL','864','90200-290','SAO JOAO','PORTO ALEGRE','RS','BRASIL','AVENIDA DAS INDUSTRIAS','864',NULL,'90200-290','SAO JOAO','PORTO ALEGRE','RS','BRASIL',NULL,NULL,NULL,'51-21211219','AVENIDA DAS INDUSTRIAS',NULL,'51-21211219','AVENIDA DAS INDUSTRIAS',NULL,0,NULL,'LIVRE',NULL,NULL,NULL,NULL,NULL),
 (34,NULL,'ELEONORA SOUZA DIAS','ELEONORA SOUZA DIAS','MULHER CLINICA','606.634.800-00','F',NULL,NULL,NULL,'esdias@orion.ufrgs.br','www.mulherclinica.com.br','DRA.ELEONORA','1996-07-15 00:00:00',NULL,'2006-09-15 10:51:35','RUA LUCIANA DE ABREU','323','501','90570-060','MOINHOS DE VENTO','PORTO ALEGRE','RS','BRASIL','323','90570-060','MOINHOS DE VENTO','PORTO ALEGRE','RS','BRASIL','RUA LUCIANA DE ABREU','323','501','90570-060','MOINHOS DE VENTO','PORTO ALEGRE','RS','RUA LUCIANA DE ABREU',NULL,NULL,NULL,'51-32211455','RUA LUCIANA DE ABREU','501','51-32211455','RUA LUCIANA DE ABREU','501',0,NULL,'LIVRE',NULL,NULL,NULL,NULL,NULL),
 (39,NULL,'GABRIEL BUFFE DE MELLO','GABRIEL BUFFE DE MELLO','MOVIMENTO GREMIO NOVO','831.766.590-91','F',NULL,'51-32220340',NULL,'gabrielbmello@terra.com.br','www.gremionovo.com.br','GABRIEL','1996-07-22 00:00:00',NULL,'2006-09-15 11:11:16','RUA MARQUES DO POMBAL','500','802','90540-000','MOINHOS DE VENTO','PORTO ALEGRE','RS','BRASIL','500','90540-000','MOINHOS DE VENTO','PORTO ALEGRE','RS','BRASIL','RUA MARQUES DO POMBAL','500','802','90540-000','MOINHOS DE VENTO','PORTO ALEGRE','RS','BRASIL',NULL,NULL,NULL,'51-93270303','RUA MARQUES DO POMBAL','802','51-93270303','RUA MARQUES DO POMBAL','802',0,NULL,'LIVRE',NULL,NULL,NULL,NULL,NULL),
 (49,NULL,'CCTEL RADIOCOMUNICACOES LTDA','CCTEL RADIOCOMUNICACOES LTDA','CCTEL','94.541.059/0001-30','J',NULL,NULL,'51-33379765',NULL,'www.cctel.com.br','1','1994-11-21 00:00:00',NULL,'2006-09-26 11:08:14','RUA DONA MARGARIDA','1229',NULL,'90420-611','IPANEMA','PORTO ALEGRE','RS','BRASIL','1229','90420-611','IPANEMA','PORTO ALEGRE','RS','BRASIL','RUA DONA MARGARIDA','1229',NULL,'90420-611','IPANEMA','PORTO ALEGRE','RS','RUA DONA MARGARIDA',NULL,NULL,NULL,'51-33379725','RUA DONA MARGARIDA',NULL,'51-33379725','RUA DONA MARGARIDA',NULL,0,NULL,'LIVRE',NULL,NULL,NULL,NULL,NULL),
 (72,NULL,'MEU VINHO COMERCIO ELETRONICO LTDA','MEU VINHO COMERCIO ELETRONICO LTDA','MEU VINHO','07.167.201/0001-27','J',NULL,NULL,NULL,NULL,'www.meuvinho.com.br','JORDAN','1995-10-23 00:00:00',NULL,'2006-09-19 15:39:49','RUA PROFESSOR ABILIO AZAMBUJA','148',NULL,'91410-130','BOM JESUS','PORTO ALEGRE','RS','BRASIL','148','91410-130','BOM JESUS','PORTO ALEGRE','RS','BRASIL','RUA PROFESSOR ABILIO AZAMBUJA','148',NULL,'91410-130','BOM JESUS','PORTO ALEGRE','RS','RUA PROFESSOR ABILIO AZAMBUJA',NULL,NULL,NULL,'51-33886860','RUA PROFESSOR ABILIO AZAMBUJA',NULL,'51-33886860','RUA PROFESSOR ABILIO AZAMBUJA',NULL,0,NULL,'LIVRE',NULL,NULL,NULL,NULL,NULL),
 (80,NULL,'GASS AUDITORIA E PLANEJAMENTO SC LTDA','GASS AUDITORIA E PLANEJAMENTO SC LTDA','GASS','03.153.781/0001-42','J',NULL,NULL,NULL,NULL,'www.gassauditoria.com.br','VINICIUS','1996-07-15 00:00:00',NULL,'2006-09-19 15:04:37','RUA DOUTOR TIMOTEO','475','102','90570-041','FLORESTA','PORTO ALEGRE','RS','BRASIL','475','90570-041','FLORESTA','PORTO ALEGRE','RS','BRASIL','RUA DOUTOR TIMOTEO','475','102','90570-041','FLORESTA','PORTO ALEGRE','RS','BRASIL',NULL,NULL,NULL,'51-33114228','RUA DOUTOR TIMOTEO','102','51-33114228','RUA DOUTOR TIMOTEO','102',0,NULL,'LIVRE',NULL,NULL,NULL,NULL,NULL),
 (81,NULL,'GEANCOOK COMERCIO DE ALIMENTOS LTDA','GEANCOOK COMERCIO DE ALIMENTOS LTDA','SHOPPING DO MAR','04.597.280/0001-18','J',NULL,'51-33198000',NULL,'elpidio@shoppingdomar.com.br','www.shoppingdomar.com.br','ELPIDIO','1996-07-15 00:00:00',NULL,'2006-09-19 15:12:02','RUA PEDRO BOTICÁRIO','480',NULL,'90660-070','GLORIA','PORTO ALEGRE','RS','BRASIL','480','90660-070','GLORIA','PORTO ALEGRE','RS','BRASIL','RUA PEDRO BOTICÁRIO','480',NULL,'90660-070','GLORIA','PORTO ALEGRE','RS','RUA PEDRO BOTICÁRIO',NULL,NULL,NULL,'51-33364164','RUA PEDRO BOTICÁRIO',NULL,'51-33364164','RUA PEDRO BOTICÁRIO',NULL,0,NULL,'LIVRE',NULL,NULL,NULL,NULL,NULL),
 (83,NULL,'GIORNALE COMUNICACAO EMPRESARIAL LTDA','GIORNALE COMUNICACAO EMPRESARIAL LTDA','GIORNALE','01.578.071/0001-39','J',NULL,NULL,NULL,NULL,'www.giornale.com.br','ROBERTA','1995-11-13 00:00:00',NULL,'2006-09-19 15:07:01','RUA FURRIEL LUIZ ANTONIO VARGAS','250','401','90470-130','BELA VISTA','PORTO ALEGRE','RS','BRASIL','250','90470-130','BELA VISTA','PORTO ALEGRE','RS','BRASIL','RUA FURRIEL LUIZ ANTONIO VARGAS','250','401','90470-130','BELA VISTA','PORTO ALEGRE','RS','BRASIL',NULL,NULL,NULL,'51-33283555','RUA FURRIEL LUIZ ANTONIO VARGAS','401','51-33283555','RUA FURRIEL LUIZ ANTONIO VARGAS','401',0,NULL,'LIVRE',NULL,NULL,NULL,NULL,NULL),
 (85,NULL,'GIRARDI AUDITORIA E CONTABILIDADE LTDA','GIRARDI AUDITORIA E CONTABILIDADE LTDA','GIRARDI','07.653.740/0001-76','J',NULL,NULL,NULL,'financeiro@girardibrasil.com.br','www.girardibrasil.com.br','LUCIANA','1995-05-13 00:00:00',NULL,'2006-09-19 15:11:14','Rua Dom Pedro II',' 302','sala 04','90550-140','SÃO JOÃO','PORTO ALEGRE','RS','BRASIL',' 302','90550-140','SÃO JOÃO','PORTO ALEGRE','RS','BRASIL','Rua Dom Pedro II',' 302','sala 04','90550-140','SÃO JOÃO','PORTO ALEGRE','RS','BRASIL',NULL,NULL,NULL,'51-30293331','RUA PEDRO AMERICO',NULL,'51-30293331','Rua Dom Pedro II','sala 04',0,NULL,'LIVRE',NULL,NULL,NULL,NULL,NULL),
 (88,NULL,'GONCALVES DA SILVA COMERCIO IMPORTACAO E EXPORTACAO LTDA','GONCALVES DA SILVA COMERCIO IMPORT. E EXPORT. LTDA','DETECT BUSINESS','06.614.099.0001-72','J',NULL,NULL,NULL,'detect@detecbusiness.com','www.detectbusiness.com','GUILHERME','1996-10-24 00:00:00',NULL,NULL,'RUA FLORENCIA YGARTUA','69','305','90430-010','MOINHOS DE VENTO','PORTO ALEGRE','RS','BRASIL','69','90430-010','MOINHOS DE VENTO','PORTO ALEGRE','RS','BRASIL','RUA FLORENCIA YGARTUA','69','305','90430-010','MOINHOS DE VENTO','PORTO ALEGRE','RS','RUA FLORENCIA YGARTUA',NULL,NULL,NULL,'51-91231138','RUA FLORENCIA YGARTUA','305','51-91231138','RUA FLORENCIA YGARTUA','305',0,NULL,'LIVRE',NULL,NULL,NULL,NULL,NULL),
 (89,NULL,'GUILHERME RUIVO GONCALVES DA SILVA','GUILHERME RUIVO GONCALVES DA SILVA','ENDO','151.548.150-68','F',NULL,'51-91231138','51-32223198',' josi_vasconcellos@yahoo.com.br','www.endo.com.br','GUILHERME','1996-01-22 00:00:00',NULL,'2006-09-19 15:26:31','RUA FLORENCIO YGARTUA','69','305','90430-010','MOINHOS DE VENTO','PORTO ALEGRE','RS','BRASIL','69','90430-010','MOINHOS DE VENTO','PORTO ALEGRE','RS','BRASIL','RUA FLORENCIO YGARTUA','69','305','90430-010','MOINHOS DE VENTO','PORTO ALEGRE','RS','BRASIL',NULL,NULL,NULL,'51-32223198','RUA FLORENCIO YGARTUA','305','51-32223198','RUA FLORENCIO YGARTUA','305',0,NULL,'LIVRE',NULL,NULL,NULL,NULL,NULL),
 (90,NULL,'BERNARDI ADVOGADOS ASSOCIADOS','BERNARDI ADVOGADOS ASSOCIADOS','BERNARDI ADVOGADOS ASSOCIADOS','05.743.055/0001-05','J',NULL,NULL,NULL,NULL,'www.bernardi.com.br','MARIANA','1995-11-13 00:00:00',NULL,'2006-09-19 15:27:49','JERONIMO DE ORNELLAS','95',NULL,'90040341','RIO BRANCO','PORTO ALEGRE','RS','BRASIL','95','90040341','RIO BRANCO','PORTO ALEGRE','RS','BRASIL','JERONIMO DE ORNELLAS','95',NULL,'90040341','RIO BRANCO','PORTO ALEGRE','RS','JERONIMO DE ORNELLAS',NULL,NULL,NULL,'51-3219-0022','JERONIMO DE ORNELLAS',NULL,'51-3393-3000','JERONIMO DE ORNELLAS',NULL,0,NULL,'LIVRE',NULL,NULL,NULL,NULL,NULL),
 (93,NULL,'INEX-PLANEJAMENTO EMPRESARIAL LTDA','INEX-PLANEJAMENTO EMPRESARIAL LTDA','INEX MARKETING','02.776.210/0001-00','J',NULL,NULL,NULL,'inex@inexmarketing.com.br','www.inexmarketing.com.br','HENRI','1994-10-13 00:00:00',NULL,'2006-09-19 15:28:23','AVENIDA 24 DE OUTUBRO','1557','311','90510-003','AUXILIADORA','PORTO ALEGRE','RS','BRASIL','1557','90510-003','AUXILIADORA','PORTO ALEGRE','RS','BRASIL','AVENIDA 24 DE OUTUBRO','1557','311','90510-003','AUXILIADORA','PORTO ALEGRE','RS','BRASIL',NULL,NULL,NULL,'51-33310316','AVENIDA 24 DE OUTUBRO','311','51-33310316','AVENIDA 24 DE OUTUBRO','311',0,NULL,'LIVRE',NULL,NULL,NULL,NULL,NULL),
 (94,NULL,'INSTITUTO NACIONAL DE ENSINO E TECNOLOGIA','INSTITUTO NACIONAL DE ENSINO E TECNOLOGIA','INETEC','02.399.471/0001-40','J',NULL,'51-91134386 (vinicius)',NULL,'ricardogass@inetec.org.br','www.inetec.org.br','VINICIUS','1996-07-15 00:00:00',NULL,'2006-09-19 15:28:38','RUA DOUTOR TIMOTEO','475','102','90570-041','MOINHOS DE VENTO','PORTO ALEGRE','RS','BRASIL','2149','90560-005','FLORESTA','PORTO ALEGRE','RS','BRASIL','RUA DOUTOR TIMOTEO','475','102','90570-041','MOINHOS DE VENTO','PORTO ALEGRE','RS','BRASIL',NULL,NULL,NULL,'51-33114228','RUA DOUTOR TIMOTEO','102','51-33114228','Av. Cristovão Colombo','417',0,NULL,'LIVRE',NULL,NULL,NULL,NULL,NULL),
 (95,NULL,'JJ CHAVES - CONTADORES SOCIEDADE SIMPLES LTDA','JJ CHAVES - ASSES. CONTABIL E TRIBUTARIA SIMPLES LTDA','JJCHAVES','94.154.119/0001-62','J',NULL,NULL,NULL,'jjchaves@jjchaves.com.br','www.jjchaves.com.br','Patricia','1994-10-21 00:00:00',NULL,'2006-09-19 15:29:56','RUA ERNESTO DA FONTOURA','1479','507','90230-090','SAO GERALDO','PORTO ALEGRE','RS','BRASIL','1479','90230-090','SAO GERALDO','PORTO ALEGRE','RS','BRASIL','RUA ERNESTO DA FONTOURA','1479','507','90230-090','SAO GERALDO','PORTO ALEGRE','RS','BRASIL',NULL,NULL,NULL,'51-33883677','RUA DONA LAURA','601','51-33333777','RUA ERNESTO DA FONTOURA','507',0,NULL,'LIVRE',NULL,NULL,NULL,NULL,NULL),
 (96,NULL,'LABORATORIO IBASA LTDA','LABORATORIO IBASA LTDA','IBASA','91.850.875/0001-38','J','0960955399','51-33955350',NULL,'tatiana@ibasa.com.br','www.ibasa.com.br','TATIANA','1996-01-22 00:00:00',NULL,'2006-09-19 15:30:13','RUA ALMIRANTE TAMANDARE','530',NULL,'90220-030','FLORESTA','PORTO ALEGRE','RS','BRASIL','530','90220-030','FLORESTA','PORTO ALEGRE','RS','BRASIL','RUA ALMIRANTE TAMANDARE','530',NULL,'90220-030','FLORESTA','PORTO ALEGRE','RS','BRASIL',NULL,NULL,NULL,'51-33951549','RUA ALMIRANTE TAMANDARE',NULL,'51-33951549','RUA ALMIRANTE TAMANDARE',NULL,0,NULL,'LIVRE',NULL,NULL,NULL,NULL,NULL),
 (98,NULL,'LIMIAR FESTAS','LIMIAR FESTAS','LIMIAR FESTAS','04.078.339/0001-61','J',NULL,NULL,NULL,'financeiro@limiarfestas.com.br','www.limiarfestas.com.br','JAQUELINE','1994-10-21 00:00:00',NULL,'2006-09-19 15:32:04','ANGELO DOURADO','175',NULL,'90200-060','ANCHIETA','PORTO ALEGRE','RS','BRASIL','175','90200-060','ANCHIETA','PORTO ALEGRE','RS','BRASIL','ANGELO DOURADO','175',NULL,'90200-060','ANCHIETA','PORTO ALEGRE','RS','ANGELO DOURADO',NULL,NULL,NULL,'51-33371339','ANGELO DOURADO',NULL,'51-33371339','ANGELO DOURADO',NULL,0,NULL,'LIVRE',NULL,NULL,NULL,NULL,NULL),
 (99,NULL,'HAUCKDECOR INDÚSTRIA E COMÉRCIO DE ARTIGOS DECORATIVOS LTDA','HAUCKDECOR INDÚSTRIA E COMÉRCIO DE ARTIGOS DECORATIVOS LTDA','HAUCKDECOR INDÚSTRIA E COMÉRCIO DE ARTIGOS DECORATIVOS LTDA','08.935.607/0001-75','J','096/3194518',NULL,NULL,NULL,'www.hauckdecor.com.br','LUCIANO','1996-07-22 00:00:00',NULL,'2006-09-19 15:33:33','RUA EMANCIPACAO','54',NULL,'90220-080','FLORESTA','PORTO ALEGRE','RS','BRASIL','84','90220-080','FLORESTA','PORTO ALEGRE','RS','BRASIL','RUA EMANCIPACAO','54',NULL,'90220-080','FLORESTA','PORTO ALEGRE','RS','RUA EMANCIPACAO',NULL,NULL,NULL,'51-33954955','RUA EMANCIPACAO',NULL,'51-33954955','RUA EMANCIPACAO',NULL,0,NULL,'LIVRE',NULL,NULL,NULL,NULL,NULL),
 (106,NULL,'MIGUEL ANTONIO PIERETTI & CIA LTDA','MIGUEL ANTONIO PIERETTI & CIA LTDA','LEMHAP','97.297.212/0001-14','J',NULL,NULL,NULL,'lemhap@lemhap.com.br','www.lemhap.com.br','MIGUEL','1994-09-14 00:00:00',NULL,NULL,'RUA SENHOR DOS PASSOS','247',NULL,'90020-180','CENTRO','PORTO ALEGRE','RS','BRASIL','247','90020-180','CENTRO','PORTO ALEGRE','RS','BRASIL','RUA SENHOR DOS PASSOS','247',NULL,'90020-180','CENTRO','PORTO ALEGRE','RS','RUA SENHOR DOS PASSOS',NULL,NULL,NULL,'51-32214077','RUA SENHOR DOS PASSOS',NULL,'51-32214077','RUA SENHOR DOS PASSOS',NULL,0,NULL,'LIVRE',NULL,NULL,NULL,NULL,NULL),
 (108,'MON','MONTREAL FARMACEUTICA LTDA','MONTREAL FARMACEUTICA LTDA','MONTREAL','05.220.169/0001-70','J',NULL,NULL,NULL,NULL,'www.montrealfarma.com.br','CRISTIANE','1996-07-22 00:00:00',NULL,NULL,'RUA SERGIO JUNGBLUT DIETERICH','820','21','91060-410','SAO JOAO','PORTO ALEGRE','RS','BRASIL','820','91060-410','SAO JOAO','PORTO ALEGRE','RS','BRASIL','RUA SERGIO JUNGBLUT DIETERICH','820','21','91060-410','SAO JOAO','PORTO ALEGRE','RS','RUA SERGIO JUNGBLUT DIETERICH',NULL,NULL,NULL,'51-33662223','RUA SERGIO JUNGBLUT DIETERICH','21','51-33662223','RUA SERGIO JUNGBLUT DIETERICH','21',0,NULL,'LIVRE',NULL,NULL,NULL,NULL,NULL),
 (111,NULL,'PLANETA MERGULHO LTDA ME','PLANETA MERGULHO','PLANETA MERGULHO','03.052.821/0001-60','J',NULL,'51-96978851',NULL,'niara@planetamergulho.com.br','www.planetamergulho.com.br','NIARA','1996-10-24 00:00:00',NULL,NULL,'RUA BARAO DO AMAZONAS','226','230','90670-080','PETROPOLIS','PORTO ALEGRE','RS','BRASIL','226','90670-080','PETROPOLIS','PORTO ALEGRE','RS','BRASIL','RUA BARAO DO AMAZONAS','226','230','90670-080','PETROPOLIS','PORTO ALEGRE','RS','RUA BARAO DO AMAZONAS',NULL,NULL,NULL,'51-33303172','RUA BARAO DO AMAZONAS','230','51-33303172','RUA BARAO DO AMAZONAS','230',0,NULL,'LIVRE',NULL,NULL,NULL,NULL,NULL),
 (112,NULL,'PROPESCA COMERCIO DE PESCADOS LTDA','PROPESCA COMERCIO DE PESCADOS LTDA','PROPESCA','02.127.105/0001-31','J',NULL,NULL,NULL,'keila@japesca.com.br,regis@japesca.com.br','www.peixariapropesca.com.br','ROBERTO','1996-07-22 00:00:00',NULL,NULL,'MERCADO PUBLICO DE PORTO ALEGRE','LOJA 4',NULL,'90020-070','CENTRO','PORTO ALEGRE','RS','BRASIL','LOJA 4','90020-070','CENTRO','PORTO ALEGRE','RS','BRASIL','MERCADO PUBLICO DE PORTO ALEGRE','LOJA 4',NULL,'90020-070','CENTRO','PORTO ALEGRE','RS','BRASIL',NULL,NULL,NULL,'51-32280462','MERCADO PUBLICO DE PORTO ALEGRE',NULL,'51-32280462','MERCADO PUBLICO DE PORTO ALEGRE',NULL,0,NULL,'LIVRE',NULL,NULL,NULL,NULL,NULL),
 (115,NULL,'REPRESENTACOES MARTINHO DE PRODUTOS HOSPITALARES LTDA','REPRESENTACOES MARTINHO DE PRODUTOS HOSPITALARES','MARTINHO RS','87.976.122/0001-04','J',NULL,'51-33411523','51-33416474','martinhors@martinhors.com.br','www.martinhors.com.br','EDUARDO','1996-08-13 00:00:00',NULL,NULL,'RUA FERNANDO CORTEZ','558',NULL,'91350-270','CRISTO REDENTOR','PORTO ALEGRE','RS','BRASIL','558','91350-270','CRISTO REDENTOR','PORTO ALEGRE','RS','BRASIL','RUA FERNANDO CORTEZ','558',NULL,'91350-270','CRISTO REDENTOR','PORTO ALEGRE','RS','RUA FERNANDO CORTEZ',NULL,NULL,NULL,'51-33413449','RUA FERNANDO CORTEZ',NULL,'51-33413449','RUA FERNANDO CORTEZ',NULL,0,NULL,'LIVRE',NULL,NULL,NULL,NULL,NULL),
 (116,NULL,'GERONTOLOGIA RESIDENCIAL MENINO DEUS','GERONTOLOGIA RESIDENCIAL MENINO DEUS','RESIDENCIAL MENINO DEUS','92.695.329/0001-32','J',NULL,NULL,NULL,'www.rmd.com.br / cleia@mdrs.com.br','celso@rmd.com.br','CELSO','1996-07-15 00:00:00',NULL,NULL,'AVENIDA PRAIA DE BELAS','2124',NULL,'90110-000','MENINO DEUS','PORTO ALEGRE','RS','BRASIL','2124','90110-000','MENINO DEUS','PORTO ALEGRE','RS','BRASIL','AVENIDA PRAIA DE BELAS','2124',NULL,'90110-000','MENINO DEUS','PORTO ALEGRE','RS','BRASIL',NULL,NULL,NULL,'51-32321044','AVENIDA PRAIA DE BELAS',NULL,'51-32321044','AVENIDA PRAIA DE BELAS',NULL,0,NULL,'LIVRE',NULL,NULL,NULL,NULL,NULL),
 (117,NULL,'SERVICO NACIONAL DE APRENDIZAGEM INDUSTRIAL SENAI','SERVICO NACIONAL DE APRENDIZAGEM INDUSTRIAL SENAI','SENAI - RS','03.775.069/0001-85','J',NULL,NULL,NULL,'fernando@dr.rs.senai.br','www.neadrs.com.br','FERNANDO','1997-01-10 00:00:00',NULL,NULL,'AVENIDA ASSIS BRASIL','8787',NULL,'91140-001','SARANDI','PORTO ALEGRE','RS','BRASIL','8787','91140-001','SARANDI','PORTO ALEGRE','RS','BRASIL','AVENIDA ASSIS BRASIL','8787',NULL,'91140-001','SARANDI','PORTO ALEGRE','RS','BRASIL',NULL,NULL,NULL,'51-33478671','AVENIDA ASSIS BRASIL',NULL,'51-33478671','AVENIDA ASSIS BRASIL',NULL,0,NULL,'LIVRE',NULL,NULL,NULL,NULL,NULL),
 (118,NULL,'LOJA VIRTUAL DE VINHOS LTDA','LOJA VIRTUAL DE VINHOS LTDA','WINESTORE','04.204.583/0001-23','J',NULL,NULL,NULL,'barbara@winestore.com.br','www.winestore.com.br','BARBARA','1997-01-10 00:00:00',NULL,'2006-09-19 15:34:26','AVENIDA BRIGADEIRO FARIA LIMA','1912','SALA 4C','01452-001','JARDIM PAULISTANO','SAO PAULO','SP','BRASIL','1912','01452-001','JARDIM PAULISTANO','SAO PAULO','SP','BRASIL','AVENIDA BRIGADEIRO FARIA LIMA','1912','SALA 4C','01452-001','JARDIM PAULISTANO','SAO PAULO','SP','AVENIDA BRIGADEIRO FARIA LIMA',NULL,NULL,NULL,'11-38137673','AVENIDA BRIGADEIRO FARIA LIMA','SALA 4C','11-38137673','AVENIDA BRIGADEIRO FARIA LIMA','SALA 4C',0,NULL,'LIVRE',NULL,NULL,NULL,NULL,NULL),
 (119,NULL,'RESTAURANTE COPACABANA LTDA','RESTAURANTE COPACABANA LTDA','RESTAURANTE COPACABANA','92.759.877/0001-89','J',NULL,NULL,NULL,'copacabana@restcopacabana.com.br','www.restcopacabana.com.br','MELISSA','1994-08-13 00:00:00',NULL,NULL,'PRACA GARIBALDI','02',NULL,'90050-020','CIDADE BAIXA','PORTO ALEGRE','RS','BRASIL','02','90050-020','CIDADE BAIXA','PORTO ALEGRE','RS','BRASIL','PRACA GARIBALDI','02',NULL,'90050-020','CIDADE BAIXA','PORTO ALEGRE','RS','BRASIL',NULL,NULL,NULL,'51-32214616','PRACA GARIBALDI',NULL,'51-32214616','PRACA GARIBALDI',NULL,0,NULL,'LIVRE',NULL,NULL,NULL,NULL,NULL),
 (120,NULL,'RF MEDICAL DEVICES DO BRASIL LTDA','RF MEDICAL DEVICES','RF MEDICAL','04.715.414/0001-58','J',NULL,'99520960',NULL,'rfmedical@yahoo.com.br','www.adroshape.com.br','ROGERIO','1994-07-13 00:00:00',NULL,NULL,'RUA CARLOS DE CARVALHO','95',NULL,'90630-040','PETROPOLIS','PORTO ALEGRE','RS','BRASIL','95','90630-040','PETROPOLIS','PORTO ALEGRE','RS','BRASIL','RUA CARLOS DE CARVALHO','95',NULL,'90630-040','PETROPOLIS','PORTO ALEGRE','RS','BRASIL',NULL,NULL,NULL,'51-33316290','RUA CARLOS DE CARVALHO',NULL,'51-33316290','RUA CARLOS DE CARVALHO',NULL,0,NULL,'LIVRE',NULL,NULL,NULL,NULL,NULL),
 (122,NULL,'SHOPPING DA CRIANCADA LTDA','SHOPPING DA CRIANCADA LTDA','CANTINHO DA LIONE','03.357.793/0001-99','J',NULL,'51-92629967',NULL,'alexandre@add-digital.com.br','www.cantinhodalione.com.br','ALEXANDRE','1994-11-25 00:00:00',NULL,NULL,'RUA ANITA GARIBALDI','760',NULL,'90450-000','MONT SERRAT','PORTO ALEGRE','RS','BRASIL','760','90450-000','MONT SERRAT','PORTO ALEGRE','RS','BRASIL','RUA ANITA GARIBALDI','760',NULL,'90450-000','MONT SERRAT','PORTO ALEGRE','RS','RUA ANITA GARIBALDI',NULL,NULL,NULL,'51-33881433','RUA ANITA GARIBALDI',NULL,'51-33881433','RUA ANITA GARIBALDI',NULL,0,NULL,'LIVRE',NULL,NULL,NULL,NULL,NULL),
 (123,NULL,'S K O DIREITOS DA PROPR INDL EM MARCAS E PATENTES LTDA','S K O DIREITOS DA PROPR INDL EM MARCAS E PATENTES','SKO','87.030.540/0001-04','J',NULL,NULL,NULL,'contato@sko.com.br','www.sko.com.br','TIAGO','1996-10-13 00:00:00',NULL,NULL,'RUA DONA LEOPOLDINA','270',NULL,'90550-130','SAO JOAO','PORTO ALEGRE','RS','BRASIL','270','90550-130','SAO JOAO','PORTO ALEGRE','RS','BRASIL','RUA DONA LEOPOLDINA','270',NULL,'90550-130','SAO JOAO','PORTO ALEGRE','RS','BRASIL',NULL,NULL,NULL,'51-33429323','RUA DONA LEOPOLDINA',NULL,'51-33429323','RUA DONA LEOPOLDINA',NULL,0,NULL,'LIVRE',NULL,NULL,NULL,NULL,NULL),
 (124,NULL,'TENSOR MEDICAL LTDA','TENSOR MEDICAL LTDA','TENSOR MEDICAL','04.919.921/0001-03','J',NULL,NULL,NULL,NULL,'www.tensormedical.com','ROGERIO','1996-04-16 00:00:00',NULL,NULL,'RUA CARLOS DE CARVALHO','95',NULL,'90630-040','PETROPOLIS','PORTO ALEGRE','RS','BRASIL','95','90630-040','PETROPOLIS','PORTO ALEGRE','RS','BRASIL','RUA CARLOS DE CARVALHO','95',NULL,'90630-040','PETROPOLIS','PORTO ALEGRE','RS','RUA CARLOS DE CARVALHO',NULL,NULL,NULL,'51-33303130','RUA CARLOS DE CARVALHO',NULL,'51-33303130','RUA CARLOS DE CARVALHO',NULL,0,NULL,'LIVRE',NULL,NULL,NULL,NULL,NULL),
 (126,NULL,'WEISUL AGRICOLA LTDA','WEISUL AGRICOLA LTDA','WEISUL','05.033.730/0001-02','J',NULL,NULL,NULL,'leandro@weisul.com.br','www.weisul.com.br','LEANDRO','1996-08-26 00:00:00',NULL,NULL,'AVENIDA MARCOS KONDER','1207','165','88301-303','CENTRO','ITAJAI','SC','BRASIL','1207','88301-303','CENTRO','ITAJAI','SC','BRASIL','AVENIDA MARCOS KONDER','1207','165','88301-303','CENTRO','ITAJAI','SC','AVENIDA MARCOS KONDER',NULL,NULL,NULL,'47-32419000','AVENIDA MARCOS KONDER','165','47-32419000','AVENIDA MARCOS KONDER','165',0,NULL,'LIVRE',NULL,NULL,NULL,NULL,NULL),
 (128,NULL,'NITRO PUBLICIDADE LTDA','NITRO PUBLICIDADE LTDA','NITRO PUBLICIDADE','02.263.756/0001-59','J',NULL,'51-30226042',NULL,NULL,'www.nitroilimitada.com.br','MARCELO','1996-07-22 00:00:00',NULL,NULL,'RUA CARLOS VON KOSERITZ','1294',NULL,'90540-031','AUXILIADORA','PORTO ALEGRE','RS','BRASIL','1294','90540-031','AUXILIADORA','PORTO ALEGRE','RS','BRASIL','RUA CARLOS VON KOSERITZ','1294',NULL,'90540-031','AUXILIADORA','PORTO ALEGRE','RS','RUA CARLOS VON KOSERITZ',NULL,NULL,NULL,'51-30290552','RUA CARLOS VON KOSERITZ',NULL,'51-30290552','RUA CARLOS VON KOSERITZ',NULL,0,NULL,'LIVRE',NULL,NULL,NULL,NULL,NULL),
 (173,NULL,'ESTRUTURAL SERVICOS E INDUSTRIAS LTDA','ESTRUTURAL SERVICOS E INDUSTRIAS LTDA','ESTRUTURAL','94.480.480/0001-89','J',NULL,NULL,NULL,'compras2@estruturalrs.com.br','www.estruturalrs.com.br','JUAN','1996-03-26 00:00:00','2007-10-10 00:00:00','2006-09-15 10:48:06','RUA MARTINHO LUTERO','228',NULL,'94818-470','FORMOZA','ALVORADA','RS','BRASIL','228','94818-470','FORMOZA','ALVORADA','RS','BRASIL','RUA MARTINHO LUTERO','228',NULL,'94818-470','FORMOZA','ALVORADA','RS','RUA MARTINHO LUTERO',NULL,NULL,NULL,'51-33741975','RUA MARTINHO LUTERO',NULL,'51-33741975','RUA MARTINHO LUTERO',NULL,0,NULL,'LIVRE',NULL,NULL,NULL,NULL,NULL),
 (217,NULL,'ASSOCIACAO POOL DE OPERADORES DE ALIMENTACAO','ASSOCIACAO POOL DE OPERADORES DE ALIMENTACAO','REDE POOL','07.020.744/0001-17','J',NULL,NULL,NULL,'pool@redepool.com.br','www.redepool.com.br','ERNANI','1996-09-27 00:00:00',NULL,'2006-09-15 10:08:53','AVENIDA ALBERTO BINS','325','92','90030-142','CENTRO','PORTO ALEGRE','RS','BRASIL','325','90030-142','CENTRO','PORTO ALEGRE','RS','BRASIL','AVENIDA ALBERTO BINS','325','92','90030-142','CENTRO','PORTO ALEGRE','RS','BRASIL',NULL,NULL,NULL,'51-30198002','AVENIDA ALBERTO BINS','92','51-30120321','AVENIDA ALBERTO BINS','92',0,NULL,'LIVRE',NULL,NULL,NULL,NULL,NULL),
 (290,NULL,'SANSEI EDITORA LTDA','SANSEI EDITORA LTDA','SANSEI EDITORA','01.176.883/0001-58','J',NULL,NULL,NULL,'marcelo@feiraecia.com.br',NULL,'MARCELO','1997-01-16 00:00:00',NULL,NULL,'AVENIDA SAO GUALTER','620',NULL,'05455-000','ALTO DE PINHEIROS','SAO PAULO','SP','BRASIL','620','05455-000','ALTO DE PINHEIROS','SAO PAULO','SP','BRASIL','AVENIDA SAO GUALTER','620',NULL,'05455-000','ALTO DE PINHEIROS','SAO PAULO','SP','AVENIDA SAO GUALTER',NULL,NULL,NULL,'11-3025-5555','AVENIDA SAO GUALTER',NULL,'11-3025-5555','AVENIDA SAO GUALTER',NULL,0,NULL,'LIVRE',NULL,NULL,NULL,NULL,NULL),
 (359,NULL,'LUQUED PUBLICIDADE LTDA','LUQUED PUBLICIDADE LTDA','LUQ','07.323.527/0001-04','J',NULL,NULL,NULL,'luciane@luq.com.br','www.luq.com.br','LUCIANE','1997-01-22 00:00:00',NULL,NULL,'AVENIDA CARLOS GOMES','126','207','90480-002','AUXILIADORA','PORTO ALEGRE','RS','BRASIL','126','90480-002','AUXILIADORA','PORTO ALEGRE','RS','BRASIL','AVENIDA CARLOS GOMES','126','207','90480-002','AUXILIADORA','PORTO ALEGRE','RS','AVENIDA CARLOS GOMES',NULL,NULL,NULL,'51-30291088','AVENIDA CARLOS GOMES','207','51-30291088','AVENIDA CARLOS GOMES','207',0,NULL,'LIVRE',NULL,NULL,NULL,NULL,NULL),
 (360,NULL,'METALURGICA MAHLER LTDA','METALURGICA MAHLER LTDA','MAHLER','92.700.988/0001-10','J',NULL,NULL,NULL,'vitor@mahler.com.br','www.mahler.com.br','VITOR','1997-01-22 00:00:00',NULL,'2006-09-19 15:40:44','RUA ITALO RAFFO','325',NULL,'94930-240','DIST. INDUSTRIAL','CACHOEIRINHA','RS','BRASIL','325','94930-240','DIST. INDUSTRIAL','CACHOEIRINHA','RS','BRASIL','RUA ITALO RAFFO','325',NULL,'94930-240','DIST. INDUSTRIAL','CACHOEIRINHA','RS','BRASIL',NULL,NULL,NULL,'51-33033350','RUA ITALO RAFFO',NULL,'51-33033350','RUA ITALO RAFFO',NULL,0,NULL,'LIVRE',NULL,NULL,NULL,NULL,NULL),
 (414,NULL,'FEIRA E CIA EVENTOS','FEIRA E CIA EVENTOS','FEIRA E CIA','07.387.421/0001-66','J',NULL,NULL,NULL,'marcelo@feiraecia.com.br','www.feiraecia.com.br','MARCELO','1997-01-23 00:00:00',NULL,'2006-09-15 11:09:09','AVENIDA SAO GUALTER','620',NULL,'05455-000','ALTO DE PINHEIROS','SAO PAULO','SP','BRASIL','620','05455-000','ALTO DE PINHEIROS','SAO PAULO','SP','BRASIL','AVENIDA SAO GUALTER','620',NULL,'05455-000','ALTO DE PINHEIROS','SAO PAULO','SP','BRASIL',NULL,NULL,NULL,'11-30255555','AVENIDA SAO GUALTER',NULL,'11-30255555','AVENIDA SAO GUALTER',NULL,0,NULL,'LIVRE',NULL,NULL,NULL,NULL,NULL),
 (600,NULL,'JASCHTER TRADE - EXPORTACAO, IMPORTACAO E COMERCIO LTDA','JASCHTER TRADE - EXPOR., IMPORT. COMERCIO LTDA','JASCHTER TRADE','06.814.667/0001-04','J',NULL,NULL,NULL,'waechter@jaschter.com.br','www.jaschter.com','DR.FABIO','1997-02-26 00:00:00',NULL,'2006-09-19 15:28:52','RUA RAMIRO BARCELOS','910','605','90035-001','FLORESTA','PORTO ALEGRE','RS','BRASIL','910','90035-001','FLORESTA','PORTO ALEGRE','RS','BRASIL','RUA RAMIRO BARCELOS','910','605','90035-001','FLORESTA','PORTO ALEGRE','RS','RUA RAMIRO BARCELOS',NULL,NULL,NULL,'51-99820201','RUA RAMIRO BARCELOS','605','51-99820201','RUA RAMIRO BARCELOS','605',0,NULL,'LIVRE',NULL,NULL,NULL,NULL,NULL),
 (622,NULL,'PEK INDÚSTRIA QUÍMICA LTDA.','PISOCLEAN','PISOCLEAN','09.077.776/0001-84','J','I.E. 096/3207199','51-30228077',NULL,'financeiro@pisoclean.com.br','www.pisoclean.com.br','RODRIGO','1995-03-13 00:00:00',NULL,NULL,'RUA TENENTE ARI TARRAGO','2890',NULL,'91225-002','JARDIM PLANALTO','PORTO ALEGRE','RS','BRASIL','2890','91225-002','JARDIM PLANALTO','PORTO ALEGRE','RS','BRASIL','RUA TENENTE ARI TARRAGO','2890',NULL,'91225-002','JARDIM PLANALTO','PORTO ALEGRE','RS','RUA JOAO ABOTT',NULL,NULL,NULL,'51-33318208','RUA JOAO ABOTT',NULL,'51-33318208','RUA TENENTE ARI TARRAGO',NULL,0,NULL,'LIVRE',1,NULL,NULL,NULL,NULL),
 (691,NULL,'DOMUS - CENTRO DE TERAPIA DE CASAL E DE FAMILIA','DOMUS - CENTRO DE TERAPIA DE CASAL E DE FAMILIA','DOMUS','74.872.300/0001-05','J',NULL,'51-33463022',NULL,'hchintz@terra.com.br','www.domusterapia.com.br','DRA.HELENA','1994-09-16 00:00:00',NULL,'2006-09-15 10:46:37','RUA TOBIAS DA SILVA','248','1 ANDAR','90570-020','MOINHOS DE VENTO','PORTO ALEGRE','RS','BRASIL','248','90570-020','MOINHOS DE VENTO','PORTO ALEGRE','RS','BRASIL','RUA TOBIAS DA SILVA','248','1 ANDAR','90570-020','MOINHOS DE VENTO','PORTO ALEGRE','RS','BRASIL',NULL,NULL,NULL,'51-33951895','RUA TOBIAS DA SILVA','1 ANDAR','51-33951895','RUA TOBIAS DA SILVA','1 ANDAR',0,NULL,'LIVRE',NULL,NULL,NULL,NULL,NULL),
 (802,NULL,'ENGEMAT SERVICOS TECNICOS DE ENGENHARIA SC LTDA','ENGEMAT SERVICOS TECNICOS DE ENGENHARIA SC LTDA','ENGEMAT','94.923.984/0001-26','J',NULL,NULL,NULL,NULL,'www.engemat.com.br','1','1997-03-14 00:00:00',NULL,'2006-09-15 10:50:51','RUA MONSENHOR VERAS','558',NULL,'90610-010','PARTENON','PORTO ALEGRE','RS','BRASIL','558','90610-010','PARTENON','PORTO ALEGRE','RS','BRASIL','RUA MONSENHOR VERAS','558',NULL,'90610-010','PARTENON','PORTO ALEGRE','RS','RUA MONSENHOR VERAS',NULL,NULL,NULL,'51-32172595','RUA MONSENHOR VERAS',NULL,'51-32172595','RUA MONSENHOR VERAS',NULL,0,NULL,'LIVRE',NULL,NULL,NULL,NULL,NULL),
 (806,NULL,'ASSOC DOS FUNCIONARIOS DE COMPANHIAS E EMPRESAS DE ENERGIA ELETRICA','ASSOC DOS FUNC. DE COMPANHIAS E EMPR. ENERGIA ELET.','AFCEEE','92.828.953/0001-60','J',NULL,NULL,NULL,'afceee@afceee.com.br','www.afceee.com.br','JUAN RICARDO','1997-03-14 00:00:00',NULL,'2006-09-14 17:49:33','AVENIDA IPIRANGA','7931',NULL,'91530-001','JARDIM BOTANICO','PORTO ALEGRE','RS','BRASIL','7931','91530-001','JARDIM BOTANICO','PORTO ALEGRE','RS','BRASIL','AVENIDA IPIRANGA','7931',NULL,'91530-001','JARDIM BOTANICO','PORTO ALEGRE','RS','AVENIDA IPIRANGA',NULL,NULL,NULL,'51-33151000','AVENIDA IPIRANGA',NULL,'51-33151000','AVENIDA IPIRANGA',NULL,0,NULL,'LIVRE',NULL,NULL,NULL,NULL,NULL),
 (888,NULL,'FORMILAMINAS COM EXP E IMP DE PROD PARA MOVEIS LTDA','FORMILAMINAS COM EXP E IMP DE PROD PARA MOVEIS LTDA','FORMILAMINAS','92.672.948/0001-01','J',NULL,NULL,NULL,'cpd@formilaminas.com.br','www.formilaminas.com.br','SABRINA','1995-10-06 00:00:00',NULL,'2006-09-15 11:10:13','AVENIDA SAO PAULO','539',NULL,'90230-161','SAO GERALDO','PORTO ALEGRE','RS','BRASIL','539','90230-161','SAO GERALDO','PORTO ALEGRE','RS','BRASIL','AVENIDA SAO PAULO','539',NULL,'90230-161','SAO GERALDO','PORTO ALEGRE','RS','AVENIDA SAO PAULO',NULL,NULL,NULL,'51-33422488','AVENIDA SAO PAULO',NULL,'51-33422488','AVENIDA SAO PAULO',NULL,0,NULL,'LIVRE',NULL,NULL,NULL,NULL,NULL),
 (1000,NULL,'CRESCENET TECNOLOGIA DA INFORMACAO LTDA','CRESCENET INTERNET','CRESCENET','03.121.858/0001-00','J',NULL,'51-33322837',NULL,'diretoria@crescenet.net','www.crescenet.com.br','DENIS','1997-05-28 00:00:00',NULL,NULL,'RUA ANITA GARIBALDI','1418','504','90480-200','BOA VISTA','PORTO ALEGRE','RS','BRASIL','1418','90480-200','BOA VISTA','PORTO ALEGRE','RS','BRASIL','RUA ANITA GARIBALDI','1418','504','90480-200','BOA VISTA','PORTO ALEGRE','RS','RUA ANITA GARIBALDI',NULL,NULL,NULL,'51-33881111','RUA ANITA GARIBALDI','504','51-33881111','RUA ANITA GARIBALDI','504',0,NULL,'LIVRE',NULL,NULL,NULL,NULL,NULL),
 (3737,NULL,'PRONTOPLASTIC MEDICOS LTDA','PRONTOPLASTIC MEDICOS LTDA','PRONTOPLASTIC MEDICOS LTDA','01.316.036/0001-41','J',NULL,NULL,NULL,'clinicapauloamaral@terra.com.br',NULL,NULL,'2007-08-29 00:00:00',NULL,NULL,'RUA MOSTARDEIRO','333','705','90430-001','MOINHOS DE VENTO','PORTO ALEGRE','RS','BRASIL','333','90430-001','MOINHOS DE VENTO','PORTO ALEGRE','RS','BRASIL','RUA MOSTARDEIRO','333','705','90430-001','MOINHOS DE VENTO','PORTO ALEGRE','RS','RUA MOSTARDEIRO',NULL,NULL,NULL,'51-32223187','RUA MOSTARDEIRO','705','51-32223187','RUA MOSTARDEIRO','705',0,NULL,'LIVRE',NULL,NULL,NULL,NULL,NULL),
 (3741,NULL,'SANTINI E ROCHA ARQUITETOS S/S LTDA','SANTINI E ROCHA','SANTINI E ROCHA','90.157.553/0001-45','J',NULL,NULL,NULL,NULL,NULL,'VICENTE','2007-09-13 00:00:00',NULL,NULL,'RUA MOSTARDEIRO','992','03','90430000','INDEPENDÊNCIA','PORTO ALEGRE','RS','BRASIL','992','90430000','INDEPENDÊNCIA','PORTO ALEGRE','RS','BRASIL','RUA MOSTARDEIRO','992','03','90430000','INDEPENDÊNCIA','PORTO ALEGRE','RS','BRASIL',NULL,NULL,NULL,'51-33326911','RUA MOSTARDEIRO','03','51-33326911','RUA MOSTARDEIRO','03',0,NULL,'LIVRE',NULL,NULL,NULL,NULL,NULL),
 (3742,NULL,'CCA CONSULTORIA E AUDITORIA SS LTDA','CCA','CCA','91.344.374/0001-80','J','Munic. 082.394.28',NULL,NULL,'eliziane@cca.com.br','www.cca.com.br','Missak','2007-09-13 00:00:00',NULL,NULL,'RUA VISCONDE DO RIO BRANCO','477',NULL,'90220-231','FLORESTA','PORTO ALEGRE','RS','BRASIL','477','90220-231','FLORESTA','PORTO ALEGRE','RS','BRASIL','RUA VISCONDE DO RIO BRANCO','477',NULL,'90220-231','FLORESTA','PORTO ALEGRE','RS','RUA VISCONDE DO RIO BRANCO',NULL,NULL,NULL,'51-30271700','RUA VISCONDE DO RIO BRANCO',NULL,'51-30271700','RUA VISCONDE DO RIO BRANCO',NULL,0,NULL,'LIVRE',NULL,NULL,NULL,NULL,NULL),
 (3743,NULL,'FONINI E AMARAL LTDA','FONINI E AMARAL LTDA','FONINI E AMARAL','72.317.845/0001-16','J','096/23490-70','51-33461923',NULL,NULL,NULL,NULL,'2007-09-17 00:00:00',NULL,NULL,NULL,NULL,NULL,NULL,NULL,NULL,NULL,NULL,'202','90570-090','MOINHOS DE VENTO','PORTO ALEGRE','RS','BRASIL',NULL,NULL,NULL,NULL,NULL,NULL,NULL,NULL,NULL,NULL,NULL,'51-33951482','RUA BARAO DE SANTO ANGELO',NULL,'51-33951482','RUA BARAO DE SANTO ANGELO',NULL,0,NULL,'LIVRE',NULL,NULL,NULL,NULL,NULL),
 (3744,NULL,'STEMMER','STEMMER','STEMMER',NULL,'J',NULL,NULL,NULL,NULL,'www.stemmer.com.br',NULL,'2007-09-24 00:00:00',NULL,NULL,NULL,NULL,NULL,NULL,NULL,NULL,NULL,NULL,NULL,NULL,NULL,NULL,NULL,NULL,NULL,NULL,NULL,NULL,NULL,NULL,NULL,NULL,NULL,NULL,NULL,NULL,NULL,NULL,NULL,NULL,NULL,0,NULL,'LIVRE',NULL,NULL,NULL,NULL,NULL),
 (3745,NULL,'ASSOCIACAO SULMOVEIS E ELETRODOMESTICOS','ASSOCIACAO SULMOVEIS E ELETRODOMESTICOS','REDLAR','07.166.862/0001-38','J',NULL,NULL,NULL,NULL,'www.redlar.com.br','JULIANO/ALINE','2007-09-27 00:00:00',NULL,NULL,'Rua Rolante','110',NULL,'93214-130','SANTA CATARINA','SAPUCAIA DO SUL','RS','BRASIL','110','93214-130','SANTA CATARINA','SAPUCAIA DO SUL','RS','BRASIL','Rua Rolante','110',NULL,'93214-130','SANTA CATARINA','SAPUCAIA DO SUL','RS','BRASIL',NULL,NULL,NULL,'51- 34741616','Rua Rolante',NULL,'51- 34741616','Rua Rolante',NULL,0,NULL,'LIVRE',NULL,NULL,NULL,NULL,NULL),
 (3747,NULL,'B2BRAZIL SERVICOS INTERATIVOS LTDA','B2BRAZIL','B2BRAZIL','09.465.102/0001-57','J',NULL,NULL,NULL,'gardinerjd@aol.com',NULL,NULL,'2007-10-16 00:00:00',NULL,NULL,'RUA URUSSUI','71','CONJ 53','04542-050','ITAIM BIBI','SÃO PAULO','SP','BRASIL','71','04542-050','ITAIM BIBI','SÃO PAULO','SP','BRASIL','RUA URUSSUI','71','CONJ 53','04542-050','ITAIM BIBI','SÃO PAULO','SP','BRASIL',NULL,NULL,NULL,NULL,'RUA URUSSUI','CONJ 53',NULL,'RUA URUSSUI','CONJ 53',0,NULL,'LIVRE',NULL,NULL,NULL,NULL,NULL),
 (3748,NULL,'CEDRO EDITORA E EMPRESA DE COMUNICACAO LTDA','CEDRO EDITORA','O TIMONEIRO','02.347.932/0001-30','J',NULL,NULL,NULL,NULL,NULL,NULL,'2007-10-16 00:00:00',NULL,NULL,'VICTOR BARRETO','3056','314','92010-240','CENTRO','CANOAS','RS','BRASIL','3056','92010-240','CENTRO','CANOAS','RS','BRASIL','VICTOR BARRETO','3056','314','92010-240','CENTRO','CANOAS','RS','VICTOR BARRETO',NULL,NULL,NULL,'51-30323022','VICTOR BARRETO','314','51-30323022','VICTOR BARRETO','314',0,NULL,'LIVRE',NULL,NULL,NULL,NULL,NULL),
 (3750,NULL,'GILSON ESTEVES','GILSON ESTEVES','GILSON ESTEVES','198.084.700-25','F',NULL,'51-33339668',NULL,'gilson@ideiacads.com.br','www.gilsonesteves.com.br',NULL,'2008-01-10 00:00:00',NULL,NULL,'RUA DR TAUPHICK SAADI','121','202','90470-040','BELA VISTA','PORTO ALEGRE','RS','BRASIL','121','90470-040','BELA VISTA','PORTO ALEGRE','RS','BRASIL','RUA DR TAUPHICK SAADI','121','202','90470-040','BELA VISTA','PORTO ALEGRE','RS','BRASIL',NULL,NULL,NULL,'51-81551661','RUA DR TAUPHICK SAADI','202','51-81551661','RUA DR TAUPHICK SAADI','202',0,NULL,'LIVRE',NULL,NULL,NULL,NULL,NULL),
 (3752,NULL,'RODRIGO SILVA DE RESENDE','RODRIGO SILVA DE RESENDE','RODRIGO SILVA DE RESENDE','801.191.070-15','F',NULL,'3023-2024','30614191',NULL,'www.metavestibulares.com.br','RODRIGO','2008-01-22 00:00:00',NULL,NULL,'AV SALGADO FILHO','230','5º ANDAR','90010-220','CENTRO','PORTO ALEGRE','RS','BRASIL','230','90010-220','CENTRO','PORTO ALEGRE','RS','BRASIL','AV SALGADO FILHO','230','5º ANDAR','90010-220','CENTRO','PORTO ALEGRE','RS','BRASIL',NULL,NULL,NULL,'51-84515008','AV SALGADO FILHO','5º ANDAR','51-99211864','AV SALGADO FILHO','5º ANDAR',0,NULL,'LIVRE',NULL,NULL,NULL,NULL,NULL),
 (3753,NULL,'GABRIEL MACIEL VOGEL','AGENCIA POINT','AGENCIA POINT','09.180.174/0001-58','J',NULL,NULL,NULL,NULL,NULL,NULL,'2008-03-05 00:00:00',NULL,NULL,'RUA DOS COQUEIROS','260','03','93334-220','CENTRO','NOVO HAMBURGO','RS','BRASIL','260','93334-220','CENTRO','NOVO HAMBURGO','RS','BRASIL','RUA DOS COQUEIROS','260','03','93334-220','CENTRO','NOVO HAMBURGO','RS','BRASIL',NULL,NULL,NULL,'51-35251396','RUA DOS COQUEIROS','03','51-35251396','RUA DOS COQUEIROS','03',0,NULL,'LIVRE',NULL,NULL,NULL,NULL,NULL),
 (3754,NULL,'IRWIN INDUSTRIAL TOOL FERRAMENTAS DO BRASIL LTDA','IRWIN','IRWIN','90.049.289/0001-26','J','026/0001414','51-81347560','(cel Carmen)','carmen.zorer@irwin.com.br','http://www.irwin.com.br','Carmen ou Tiago','2008-04-04 00:00:00',NULL,NULL,'AV. PRESIDENTE KENNEDY','1049',NULL,'95185-000','AURORA','CARLOS BARBOSA','RS','BRASIL','1049','95185-000','AURORA','CARLOS BARBOSA','RS','BRASIL','AV. PRESIDENTE KENNEDY','1049',NULL,'95185-000','AURORA','CARLOS BARBOSA','RS','AV. PRESIDENTE KENNEDY','Sistema Web',NULL,NULL,'11-37181600','AV. PRESIDENTE KENNEDY',NULL,'11-37181600','AV. PRESIDENTE KENNEDY',NULL,0,NULL,'LIVRE',NULL,NULL,NULL,NULL,NULL),
 (3756,NULL,'RS DISTRIBUIDORA DE MEDICAMENTOS LTDA','RS DISTRIBUIDORA','RS DISTRIBUIDORA','06.252.513/0001-76','J','096/3047051','51-92716015',NULL,'carmem@rsdistribuidora.com.br',NULL,'MARILISE','2008-05-07 00:00:00',NULL,NULL,'RUA CAUDURO','16','801','90035-110','BONFIM','PORTO ALEGRE','RS','BRASIL','16','90035-110','BONFIM','PORTO ALEGRE','RS','BRASIL','RUA CAUDURO','16','801','90035-110','BONFIM','PORTO ALEGRE','RS','BRASIL','SYS DESKTOP',NULL,NULL,'51-32758488','RUA CAUDURO','801','51-32758488','RUA CAUDURO','801',0,NULL,'LIVRE',NULL,NULL,NULL,NULL,NULL),
 (3757,NULL,'DRUMMONND EVENTOS LTDA','DRUMMONND EVENTOS LTDA','DRUMMONND EVENTOS LTDA','02.117.998/0001-34','J',NULL,NULL,NULL,NULL,'www.drummonnd.com.br',NULL,'2008-05-16 00:00:00',NULL,NULL,'AV FARRAPOS','3481',NULL,'90220-006','NAVEGANTES','PORTO ALEGRE','RS','BRASIL','3481','90220-006','NAVEGANTES','PORTO ALEGRE','RS','BRASIL','AV FARRAPOS','3481',NULL,'90220-006','NAVEGANTES','PORTO ALEGRE','RS','BRASIL',NULL,NULL,NULL,'51-33740816','AV FARRAPOS',NULL,'51-33740816','AV FARRAPOS',NULL,0,NULL,'LIVRE',NULL,NULL,NULL,NULL,NULL),
 (3758,NULL,'DETECT INTERNATIONAL BUSINESS LTDA','DETECT INTERNATIONAL BUSINESS LTDA','DETECT INTERNATIONAL BUSINESS LTDA',NULL,'J',NULL,NULL,NULL,NULL,NULL,NULL,'2008-06-09 00:00:00',NULL,NULL,'RUA MOSTARDEIRO','366','501','90430-010','MOINHOS DE VENTO','PORTO ALEGRE','RS','BRASIL','366','90430-010','MOINHOS DE VENTO','PORTO ALEGRE','RS','BRASIL','RUA MOSTARDEIRO','366','501','90430-010','MOINHOS DE VENTO','PORTO ALEGRE','RS','RUA MOSTARDEIRO',NULL,NULL,NULL,NULL,'RUA MOSTARDEIRO','501',NULL,'RUA MOSTARDEIRO','501',0,NULL,'LIVRE',NULL,NULL,NULL,NULL,NULL),
 (3759,NULL,'SOCIEDADE ESPIRITA CIRCULO DA LUZ','SOCIEDADE ESPIRITA CIRCULO DA LUZ','SOCIEDADE ESPIRITA CIRCULO DA LUZ','92.962.265/0001-99','J',NULL,NULL,NULL,NULL,NULL,NULL,'2008-06-09 00:00:00',NULL,NULL,'RUA ALFREDO VARELA','191',NULL,'91720-580','TERESOPOLIS','PORTO ALEGRE','RS','BRASIL','191','91720-580','TERESOPOLIS','PORTO ALEGRE','RS','BRASIL','RUA ALFREDO VARELA','191',NULL,'91720-580','TERESOPOLIS','PORTO ALEGRE','RS','BRASIL',NULL,NULL,NULL,'33365909','RUA ALFREDO VARELA',NULL,'30721909','RUA ALFREDO VARELA',NULL,0,NULL,'LIVRE',NULL,NULL,NULL,NULL,NULL),
 (3761,NULL,'RICARDO FISCHER','RICARDO FISCHER','RICARDO FISCHER','698.581.870-68','F',NULL,NULL,NULL,'ricardof@email.com',NULL,NULL,'2008-08-26 00:00:00',NULL,NULL,NULL,NULL,NULL,'04578-903','Brooklin Novo','São Paulo','SP','Brasil','12551','04578-903','Brooklin Novo','São Paulo','SP','Brasil','Av. Das Nações Unidas','12551','17 Andar','04578-903','Brooklin Novo','São Paulo','SP','Brasil',NULL,NULL,NULL,NULL,NULL,NULL,'+ 55 (11) 3711 7054','Av. Das Nações Unidas','17 Andar',0,NULL,'LIVRE',NULL,NULL,NULL,NULL,NULL),
 (3762,NULL,'TANAJURA ASSOCIADOS LTDA','TANAJURA PROJETOS E CONSTRUÇÕES','TANAJURA PROJETOS E CONSTRUÇÕES','87.158.952.0001/16','J',NULL,NULL,NULL,'financeiro@tanajuraassociados.com.br','www.tanajuraassociados.com.br','Simone Marcondes','2008-08-26 00:00:00',NULL,NULL,'AVENIDA SOLEDADE','467',NULL,'90470-340','PETROPOLIS','PORTO ALEGRE','RS','BRASIL','467','90470-340','PETROPOLIS','PORTO ALEGRE','RS','BRASIL','AVENIDA SOLEDADE','467',NULL,'90470-340','PETROPOLIS','PORTO ALEGRE','RS','AVENIDA SOLEDADE',NULL,NULL,NULL,'51-33380877','AVENIDA SOLEDADE',NULL,'51-33380877','AVENIDA SOLEDADE',NULL,0,NULL,'LIVRE',NULL,NULL,NULL,NULL,NULL),
 (3763,NULL,'CASA MASSON COM. IMP. E EXP. LTDA','MASSON','MASSON','03.722.891/0001-88','J','096/280599-8','51-32111010','51-32222727','thiago@opticaconfianca.com.br','www.masson.com.br','ANA','2008-09-02 00:00:00',NULL,NULL,'RUA OLAVO BARRETO VIANA','36','LJ 223B','90570-070','MOINHOS DE VENTO','PORTO ALEGRE','RS','BRASIL','36','90570-070','MOINHOS DE VENTO','PORTO ALEGRE','RS','BRASIL','RUA OLAVO BARRETO VIANA','36','LJ 223B','90570-070','MOINHOS DE VENTO','PORTO ALEGRE','RS','BRASIL',NULL,NULL,NULL,'51-32222727','RUA OLAVO BARRETO VIANA','LJ 223B','51-32222727','RUA OLAVO BARRETO VIANA','LJ 223B',0,NULL,'LIVRE',NULL,NULL,NULL,NULL,NULL),
 (3764,NULL,'UGHINI SANMARTIN CONSTRUCOES LTDA','UGHINI SANMARTIN','UGHINI SANMARTIN','97.270.433/0001-07','J',NULL,NULL,NULL,NULL,NULL,NULL,'2008-09-10 00:00:00',NULL,NULL,'RUA FELIX DA CUNHA','836','204','90570-000','FLORESTA','PORTO ALEGRE','RS','BRASIL','836','90570-000','FLORESTA','PORTO ALEGRE','RS','BRASIL','RUA FELIX DA CUNHA','836','204','90570-000','FLORESTA','PORTO ALEGRE','RS','BRASIL',NULL,NULL,NULL,NULL,'RUA FELIX DA CUNHA','204',NULL,'RUA FELIX DA CUNHA','204',0,NULL,'LIVRE',NULL,NULL,NULL,NULL,NULL),
 (3765,NULL,'BRAZIPEL DISTRIB. DE EMBALAGENS E ACESS. P/ ACOUGUE','BRAZIPEL','BRAZIPEL','000.369.061/0001-20','J',NULL,NULL,NULL,NULL,NULL,'Marcelino Baggio','2008-09-18 00:00:00',NULL,NULL,'RUA PEDRO CLAUDIO MONASSA','760',NULL,'94859-440',NULL,'ALVORADA','RS','BRASIL','760','94859-440',NULL,'ALVORADA','RS','BRASIL','RUA PEDRO CLAUDIO MONASSA','760',NULL,'94859-440',NULL,'ALVORADA','RS','BRASIL',NULL,NULL,NULL,'51-34433897','RUA PEDRO CLAUDIO MONASSA',NULL,'51-34433897','RUA PEDRO CLAUDIO MONASSA',NULL,0,NULL,'LIVRE',NULL,NULL,NULL,NULL,NULL),
 (3766,NULL,'ELIPLAST EMBALAGENS PLASTICAS LTDA','ELIPLAST','ELIPLAST','008.438.364/0001-60','J',NULL,NULL,NULL,NULL,NULL,'Eder Baggio','2008-09-18 00:00:00',NULL,NULL,'AV ZERO HORA','901',NULL,'94858-000',NULL,'ALVORADA','RS','BRASIL','901','94858-000',NULL,'ALVORADA','RS','BRASIL','AV ZERO HORA','901',NULL,'94858-000',NULL,'ALVORADA','RS','BRASIL',NULL,NULL,NULL,'51-34433339','AV ZERO HORA',NULL,'51-34433339','AV ZERO HORA',NULL,0,NULL,'LIVRE',NULL,NULL,NULL,NULL,NULL),
 (3767,NULL,'GHUNTER CAMPING DO BRASIL LTDA','GHUNTER CAMPING DO BRASIL LTDA','GHUNTER TOLDOS','92.668.847/0001-67','J',NULL,'51-33427999',NULL,'gunthertoldos@terra.com.br',NULL,'SANDRA','2008-09-26 00:00:00',NULL,NULL,'RUA FERNANDO CORTEZ','483',NULL,'91350-270','CRISTO REDENTOR','PORTO ALEGRE','RS','BRASIL','483','91350-270','CRISTO REDENTOR','PORTO ALEGRE','RS','BRASIL','RUA FERNANDO CORTEZ','483',NULL,'91350-270','CRISTO REDENTOR','PORTO ALEGRE','RS','RUA FERNANDO CORTEZ',NULL,NULL,NULL,'51-33422311','RUA FERNANDO CORTEZ',NULL,'51-33422311','RUA FERNANDO CORTEZ',NULL,0,NULL,'LIVRE',NULL,NULL,NULL,NULL,NULL),
 (3768,NULL,'BORGH EQUIPAMENTOS DE AUDIO E VIDEO LTDA','BORGH EQUIPAMENTOS DE AUDIO E VIDEO LTDA','BORGH EQUIPAMENTOS DE AUDIO E VIDEO LTDA','04.540.481/0001-89','J','ISENTO',NULL,NULL,'luisborghetti@terra.com.br','www.borgumshow.com.br','Luis Ramiro Borghetti','2009-02-04 00:00:00',NULL,NULL,'RUA 24 DE OUTUBRO','1330',NULL,'90510-001','AUXILIADORA','PORTO ALEGRE','RS','BRASIL','1330','90510-001','AUXILIADORA','PORTO ALEGRE','RS','BRASIL','RUA 24 DE OUTUBRO','1330',NULL,'90510-001','AUXILIADORA','PORTO ALEGRE','RS','BRASIL','cpf: 375.652.220-20',NULL,NULL,'51-33437396','RUA 24 DE OUTUBRO',NULL,'51-33437396','RUA 24 DE OUTUBRO',NULL,0,NULL,'LIVRE',NULL,NULL,NULL,NULL,NULL),
 (3769,NULL,'SOCIEDADE BENEFICIENTE NOSSA SRA DE BELEM','SOCIEDADE BENEFICIENTE NOSSA SRA DE BELEM','CEM. BELEM NOVO','87.024.121/0001-51','J',NULL,'51-32595626',NULL,'cemiteriobelem@ig.com.br',NULL,'Angélica','2009-03-19 00:00:00',NULL,NULL,'RUA DR CARLOS FLORES','30','212','91780-080','BELEM NOVO','PORTO ALEGRE','RS','BRASIL','30','91780-080','BELEM NOVO','PORTO ALEGRE','RS','BRASIL','RUA DR CARLOS FLORES','30','212','91780-080','BELEM NOVO','PORTO ALEGRE','RS','BRASIL',NULL,NULL,NULL,'51-32412939','RUA DR CARLOS FLORES','212','51-32412939','RUA DR CARLOS FLORES','212',0,NULL,'LIVRE',NULL,NULL,NULL,NULL,NULL),
 (3799,'PROE','PROEVENTO LTDA','PROEVENTO','PROEVENTO','10.812.688/0001-68','J',NULL,NULL,NULL,'rodrigo@proevento.com.br','www.proevento.com.br','Rodrigo Brunet','2008-01-21 00:00:00',NULL,NULL,NULL,NULL,NULL,NULL,NULL,NULL,NULL,NULL,NULL,NULL,NULL,NULL,NULL,NULL,NULL,NULL,NULL,NULL,NULL,NULL,NULL,NULL,NULL,NULL,3752,NULL,NULL,NULL,NULL,NULL,NULL,0,NULL,'LIVRE',NULL,NULL,NULL,NULL,NULL),
 (3800,NULL,'COUROMODA FEIRAS COMERCIAIS LTDA','COUROMODA FEIRAS COMERCIAIS LTDA','COUROMODA','87322673/0001-46','J','112634951110',NULL,NULL,NULL,NULL,NULL,'2008-01-21 00:00:00',NULL,NULL,NULL,NULL,NULL,NULL,NULL,NULL,NULL,NULL,'923','01411-001','Cerqueira César','São Paulo','SP','BRASIL','Rua Padre João Manuel','923','6º andar','01411-001','Cerqueira César','São Paulo','SP','Rua Padre João Manuel',NULL,NULL,3753,'(11) 3897-6100','Rua Padre João Manuel','6º andar','(11) 3897-6100','Rua Padre João Manuel','6º andar',0,NULL,'LIVRE',NULL,NULL,NULL,NULL,NULL),
 (3802,NULL,'SINDHOSP','SINDHOSP','SINDHOSP',NULL,'F',NULL,NULL,NULL,NULL,NULL,NULL,'2008-01-22 00:00:00',NULL,NULL,NULL,NULL,NULL,NULL,NULL,NULL,NULL,NULL,NULL,NULL,NULL,NULL,NULL,NULL,NULL,NULL,NULL,NULL,NULL,NULL,NULL,NULL,NULL,NULL,3755,NULL,NULL,NULL,NULL,NULL,NULL,0,NULL,'LIVRE',NULL,NULL,NULL,NULL,NULL),
 (3804,NULL,'UNIÃO SOCIAL CAMILIANA - CENTRO UNIVERSITÁRIO SÃO CAMILO','UNIÃO CAMILIANA / CENTRO UNIVERSITÁRIO SÃO CAMILO','SÃO CAMILO','58250689001245','J','ISENTA',NULL,NULL,'eventosEscamillo.edo.br','www.scamillo.edu.br',NULL,'2008-01-22 00:00:00',NULL,NULL,'AV. NAZARÉ','1501',NULL,'04263200','IPIRANGA','SÃO PAULO','SP','BRASIL','1501','04263200','IPIRANGA','SÃO PAULO','SP','BRASIL','AV. NAZARÉ','1501',NULL,'04263200','IPIRANGA','SÃO PAULO','SP','AV. NAZARÉ',NULL,NULL,3757,'(11) 3866-4442','AV. NAZARÉ',NULL,'(11) 3866-4442','AV. NAZARÉ',NULL,0,NULL,'LIVRE',NULL,NULL,NULL,NULL,NULL),
 (3805,NULL,'ONA','ONA','ONA',NULL,'F',NULL,NULL,NULL,NULL,NULL,NULL,'2008-01-22 00:00:00',NULL,NULL,NULL,NULL,NULL,NULL,NULL,NULL,NULL,NULL,NULL,NULL,NULL,NULL,NULL,NULL,NULL,NULL,NULL,NULL,NULL,NULL,NULL,NULL,NULL,NULL,3758,NULL,NULL,NULL,NULL,NULL,NULL,0,NULL,'LIVRE',NULL,NULL,NULL,NULL,NULL),
 (3806,NULL,'BOEING VIAGENS E TURISMO LTDA','BOEING VIAGENS E TURISMO','BOEING VIAGENS E TURISMO','00824384000167','J',NULL,'91 - 32419861',NULL,NULL,NULL,'Rose Mary Faraco Larrat','2008-01-23 00:00:00',NULL,NULL,'Travessa 14 de Março','1095',NULL,'66055490','Umarizal','Belém','PA','Brasil','1095','66055490','Umarizal','Belém','PA','Brasil','Travessa 14 de Março','1095',NULL,'66055490','Umarizal','Belém','PA','Travessa 14 de Março',NULL,NULL,3759,NULL,'Travessa 14 de Março',NULL,NULL,'Travessa 14 de Março',NULL,0,NULL,'LIVRE',NULL,NULL,NULL,NULL,NULL),
 (3807,NULL,'FEHOESP','FEHOESP','FEHOESP',NULL,'F',NULL,NULL,NULL,NULL,NULL,NULL,'2008-02-04 00:00:00',NULL,NULL,NULL,NULL,NULL,NULL,NULL,NULL,NULL,NULL,NULL,NULL,NULL,NULL,NULL,NULL,NULL,NULL,NULL,NULL,NULL,NULL,NULL,NULL,NULL,NULL,3760,NULL,NULL,NULL,NULL,NULL,NULL,0,NULL,'LIVRE',NULL,NULL,NULL,NULL,NULL),
 (3808,NULL,'HAIR BRASIL','HAIR BRASIL','HAIR BRASIL',NULL,'F',NULL,NULL,NULL,NULL,NULL,NULL,'2008-02-04 00:00:00',NULL,NULL,NULL,NULL,NULL,NULL,NULL,NULL,NULL,NULL,NULL,NULL,NULL,NULL,NULL,NULL,NULL,NULL,NULL,NULL,NULL,NULL,NULL,NULL,NULL,NULL,3761,NULL,NULL,NULL,NULL,NULL,NULL,0,NULL,'LIVRE',NULL,NULL,NULL,NULL,NULL),
 (3809,NULL,'Capacità Eventos Ltda','Capacità Eventos Ltda','Capacità Eventos Ltda','00.903.052/0001-78','J',NULL,NULL,NULL,'caren@capacita.com.br',NULL,'Caren','2008-02-04 00:00:00',NULL,NULL,'Rua General Caldwell','826',NULL,'90130-050',NULL,'PORTO ALEGRE','RS','BRASIL','826','90130-050',NULL,'PORTO ALEGRE','RS','BRASIL','Rua General Caldwell','826',NULL,'90130-050',NULL,'PORTO ALEGRE','RS','BRASIL',NULL,NULL,3762,NULL,NULL,NULL,NULL,'Rua General Caldwell',NULL,0,NULL,'LIVRE',NULL,NULL,NULL,NULL,NULL),
 (3810,NULL,'CBSSI','CBSSI','CBSSI',NULL,'F',NULL,NULL,NULL,NULL,NULL,NULL,'2008-02-06 00:00:00',NULL,NULL,NULL,NULL,NULL,NULL,NULL,NULL,NULL,NULL,NULL,NULL,NULL,NULL,NULL,NULL,NULL,NULL,NULL,NULL,NULL,NULL,NULL,NULL,NULL,NULL,3763,NULL,NULL,NULL,NULL,NULL,NULL,0,NULL,'LIVRE',NULL,NULL,NULL,NULL,NULL),
 (3811,NULL,'SÃO PAULO FEIRAS COMERCIAIS LTDA','SÃO PAULO FEIRAS COMERCIAIS LTDA','SÃO PAULO FEIRAS','02995701/0001-33','J','115528860112',NULL,NULL,NULL,NULL,NULL,'2008-02-25 00:00:00',NULL,NULL,'RUA PADRE JOÃO MANUEL','923','6º ANDAR','01411001','CERQUEIRA CÉSAR','SÃO PAULO','SP','BRASIL','923','01411001','CERQUEIRA CÉSAR','SÃO PAULO','SP','BRASIL','RUA PADRE JOÃO MANUEL','923','6º ANDAR','01411001','CERQUEIRA CÉSAR','SÃO PAULO','SP','RUA PADRE JOÃO MANUEL',NULL,NULL,3764,NULL,'RUA PADRE JOÃO MANUEL','6º ANDAR',NULL,'RUA PADRE JOÃO MANUEL','6º ANDAR',0,NULL,'LIVRE',NULL,NULL,NULL,NULL,NULL),
 (3812,NULL,'PAI-MAE','PAI-MAE','PAI-MAE',NULL,'J',NULL,NULL,NULL,NULL,NULL,'Rosani','2008-02-25 00:00:00',NULL,NULL,NULL,NULL,NULL,NULL,NULL,NULL,'RS','BRASIL',NULL,NULL,NULL,NULL,'RS','BRASIL',NULL,NULL,NULL,NULL,NULL,NULL,'RS','BRASIL',NULL,NULL,3765,'51-30612957','Rua São Benedito',NULL,NULL,NULL,NULL,0,NULL,'LIVRE',NULL,NULL,NULL,NULL,NULL),
 (3813,NULL,'ISMA','ISMA','ISMA',NULL,'F',NULL,NULL,NULL,NULL,NULL,NULL,'2008-07-14 00:00:00',NULL,NULL,NULL,NULL,NULL,NULL,NULL,NULL,NULL,NULL,NULL,NULL,NULL,NULL,NULL,NULL,NULL,NULL,NULL,NULL,NULL,NULL,NULL,NULL,NULL,NULL,3766,NULL,NULL,NULL,NULL,NULL,NULL,0,NULL,'LIVRE',NULL,NULL,NULL,NULL,NULL),
 (3814,NULL,'SBAC','SBAC','SBAC',NULL,'F',NULL,NULL,NULL,NULL,NULL,NULL,'2008-07-14 00:00:00',NULL,NULL,NULL,NULL,NULL,NULL,NULL,NULL,NULL,NULL,NULL,NULL,NULL,NULL,NULL,NULL,NULL,NULL,NULL,NULL,NULL,NULL,NULL,NULL,NULL,NULL,3767,NULL,NULL,NULL,NULL,NULL,NULL,0,NULL,'LIVRE',NULL,NULL,NULL,NULL,NULL),
 (3815,NULL,'IIE','IIE','IIE',NULL,'F',NULL,NULL,NULL,NULL,NULL,NULL,'2008-07-15 00:00:00',NULL,NULL,NULL,NULL,NULL,NULL,NULL,NULL,NULL,NULL,NULL,NULL,NULL,NULL,NULL,NULL,NULL,NULL,NULL,NULL,NULL,NULL,NULL,NULL,NULL,NULL,3768,NULL,NULL,NULL,NULL,NULL,NULL,0,NULL,'LIVRE',NULL,NULL,NULL,NULL,NULL),
 (3816,NULL,'SOCIEDADE DE CARDIOLOGIA DO RS','SCRS','SCRS',NULL,'F',NULL,NULL,NULL,NULL,NULL,NULL,'2008-07-15 00:00:00',NULL,NULL,NULL,NULL,NULL,NULL,NULL,NULL,NULL,NULL,NULL,NULL,NULL,NULL,NULL,NULL,NULL,NULL,NULL,NULL,NULL,NULL,NULL,NULL,NULL,NULL,3769,NULL,NULL,NULL,NULL,NULL,NULL,0,NULL,'LIVRE',NULL,NULL,NULL,NULL,NULL),
 (3817,NULL,'IIED','IIED','IIED',NULL,'F',NULL,NULL,NULL,NULL,NULL,NULL,'2008-07-15 00:00:00',NULL,NULL,NULL,NULL,NULL,NULL,NULL,NULL,NULL,NULL,NULL,NULL,NULL,NULL,NULL,NULL,NULL,NULL,NULL,NULL,NULL,NULL,NULL,NULL,NULL,NULL,3770,NULL,NULL,NULL,NULL,NULL,NULL,0,NULL,'LIVRE',NULL,NULL,NULL,NULL,NULL),
 (3818,NULL,'SOC. DE CARDIOLOGIA','SOC. DE CARDIOLOGIA','SOC. DE CARDIOLOGIA',NULL,'F',NULL,NULL,NULL,NULL,NULL,NULL,'2008-07-15 00:00:00',NULL,NULL,NULL,NULL,NULL,NULL,NULL,NULL,NULL,NULL,NULL,NULL,NULL,NULL,NULL,NULL,NULL,NULL,NULL,NULL,NULL,NULL,NULL,NULL,NULL,NULL,3771,NULL,NULL,NULL,NULL,NULL,NULL,0,NULL,'LIVRE',NULL,NULL,NULL,NULL,NULL),
 (3819,NULL,'IIED','IIED','IIED',NULL,'F',NULL,NULL,NULL,NULL,NULL,NULL,'2008-07-15 00:00:00',NULL,NULL,NULL,NULL,NULL,NULL,NULL,NULL,NULL,NULL,NULL,NULL,NULL,NULL,NULL,NULL,NULL,NULL,NULL,NULL,NULL,NULL,NULL,NULL,NULL,NULL,3772,NULL,NULL,NULL,NULL,NULL,NULL,0,NULL,'LIVRE',NULL,NULL,NULL,NULL,NULL),
 (3820,NULL,'SBCCV','SBCCV','SBCCV',NULL,'F',NULL,NULL,NULL,NULL,NULL,NULL,'2008-07-15 00:00:00',NULL,NULL,NULL,NULL,NULL,NULL,NULL,NULL,NULL,NULL,NULL,NULL,NULL,NULL,NULL,NULL,NULL,NULL,NULL,NULL,NULL,NULL,NULL,NULL,NULL,NULL,3773,NULL,NULL,NULL,NULL,NULL,NULL,0,NULL,'LIVRE',NULL,NULL,NULL,NULL,NULL),
 (3821,NULL,'LIDESUL','LIDESUL','LIDESUL',NULL,'F',NULL,NULL,NULL,NULL,NULL,NULL,'2008-07-16 00:00:00',NULL,NULL,NULL,NULL,NULL,NULL,NULL,NULL,NULL,NULL,NULL,NULL,NULL,NULL,NULL,NULL,NULL,NULL,NULL,NULL,NULL,NULL,NULL,NULL,NULL,NULL,3774,NULL,NULL,NULL,NULL,NULL,NULL,0,NULL,'LIVRE',NULL,NULL,NULL,NULL,NULL),
 (3824,NULL,'FEIRA','FEIRA','FEIRA',NULL,'J',NULL,NULL,NULL,NULL,NULL,NULL,'2008-11-26 00:00:00',NULL,NULL,NULL,NULL,NULL,NULL,NULL,NULL,NULL,NULL,NULL,NULL,NULL,NULL,NULL,NULL,NULL,NULL,NULL,NULL,NULL,NULL,NULL,NULL,NULL,NULL,3777,NULL,NULL,NULL,NULL,NULL,NULL,0,NULL,'LIVRE',NULL,NULL,NULL,NULL,NULL),
 (3825,NULL,'APAS','APAS','APAS',NULL,'F',NULL,NULL,NULL,NULL,NULL,NULL,'2009-01-14 00:00:00',NULL,NULL,NULL,NULL,NULL,NULL,NULL,NULL,NULL,NULL,NULL,NULL,NULL,NULL,NULL,NULL,NULL,NULL,NULL,NULL,NULL,NULL,NULL,NULL,NULL,NULL,3778,NULL,NULL,NULL,NULL,NULL,NULL,0,NULL,'LIVRE',NULL,NULL,NULL,NULL,NULL),
 (3826,NULL,'VINICIUS COLLING','VINICIUS COLLING','VINICIUS COLLING',NULL,'F',NULL,NULL,NULL,NULL,NULL,NULL,'2009-07-20 00:00:00',NULL,NULL,NULL,NULL,NULL,NULL,NULL,NULL,NULL,NULL,NULL,NULL,NULL,NULL,NULL,NULL,NULL,NULL,NULL,NULL,NULL,NULL,NULL,NULL,NULL,NULL,0,NULL,NULL,NULL,'98758783',NULL,NULL,0,NULL,'LIVRE',NULL,NULL,NULL,NULL,NULL),
 (3827,NULL,'JOSE SILVIO CARRAZONE MEDEIROS','JOSE SILVIO CARRAZONE MEDEIROS','JOSE SILVIO CARRAZONE MEDEIROS','379.388.940-87','F',NULL,NULL,NULL,NULL,NULL,NULL,'2009-07-21 00:00:00',NULL,NULL,'AVENIDA CARLOS GOMES','651','802','90480-000','AUXILIADORA','PORTO ALEGRE','RS','BRASIL','651','90480-000','AUXILIADORA','PORTO ALEGRE','RS','BRASIL','AVENIDA CARLOS GOMES','651','802','90480-000','AUXILIADORA','PORTO ALEGRE','RS','BRASIL',NULL,NULL,0,'( 51 ) 81333560','AVENIDA CARLOS GOMES','802','( 51 ) 81333560','AVENIDA CARLOS GOMES','802',0,NULL,'LIVRE',NULL,NULL,NULL,NULL,NULL),
 (3828,NULL,'SINDIEVENTOS','SINDIEVENTOS','SINDIEVENTOS',NULL,'F',NULL,NULL,NULL,NULL,NULL,NULL,'2009-07-24 00:00:00',NULL,NULL,NULL,NULL,NULL,NULL,NULL,NULL,NULL,NULL,NULL,NULL,NULL,NULL,NULL,NULL,NULL,NULL,NULL,NULL,NULL,NULL,NULL,NULL,NULL,NULL,0,NULL,NULL,NULL,NULL,NULL,NULL,0,NULL,'LIVRE',NULL,NULL,NULL,NULL,NULL),
 (3830,NULL,'BIOPLUS DESENVOLVIMENTO BIOTECNOLOGICO LTDA','BIOPLUS','BIOPLUS','06.025.634/0001-85','J',NULL,'51-33087765',NULL,'rose@bioplus.ind.br','www.bioplus.ind.br','Rose','2009-08-18 00:00:00',NULL,NULL,'AV. BENTO GONÇALVES','9500','SETOR IV PRÉDIO 43421 SALA 107','91501-970','AGRONOMIA','PORTO ALEGRE','RS','BRASIL',NULL,'91501-970','AGRONOMIA','PORTO ALEGRE','RS','BRASIL','AV. BENTO GONÇALVES','9500','SETOR IV PRÉDIO 43421 SALA 107','91501-970','AGRONOMIA','PORTO ALEGRE','RS','BRASIL',NULL,NULL,0,'51-33087765','Caixa Postal 15027',NULL,'51-33562000','Caixa Postal 15027',NULL,0,NULL,'LIVRE',NULL,NULL,NULL,NULL,NULL),
 (3832,NULL,'FUNEART ARTIGOS FUNERARIOS','FUNEART ARTIGOS FUNERARIOS','FUNEART ARTIGOS FUNERARIOS','02.191.271/0001-05','J',NULL,NULL,NULL,'marcelo@funeart.com.br',NULL,'Marcelo','2009-09-23 00:00:00',NULL,NULL,'RUA RUI MARIO PERIN FILHO','10',NULL,'08940-000','VERTENTE DO BIRITIBA ','BIRITIBA MIRIM','SP','BRASIL','10','08940-000','VERTENTE DO BIRITIBA ','BIRITIBA MIRIM','SP','BRASIL','RUA RUI MARIO PERIN FILHO','10',NULL,'08940-000','VERTENTE DO BIRITIBA ','BIRITIBA MIRIM','SP','BRASIL',NULL,NULL,0,'(11) 72049794','RUA RUI MARIO PERIN FILHO',NULL,'(11) 72049794','RUA RUI MARIO PERIN FILHO',NULL,0,NULL,'LIVRE',NULL,NULL,NULL,NULL,NULL),
 (3833,NULL,'INDUSTRIAS DE URNAS TANABI LTDA','INDUSTRIAS DE URNAS TANABI LTDA','INDUSTRIAS DE URNAS TANABI LTDA','51.348.456/0001-88','J',NULL,'TIÃO 17 97728102',NULL,'tiaodaurna@hotmailcom',NULL,'TIAO','2009-09-23 00:00:00',NULL,NULL,'AV ANTONIO G: DE OLIVEIRA','150',NULL,'15170-000','DIST INDUSTRIAL I','TANABI','SP','BRASIL','150','15170-000','DIST INDUSTRIAL I','TANABI','SP','BRASIL','AV ANTONIO G: DE OLIVEIRA','150',NULL,'15170-000','DIST INDUSTRIAL I','TANABI','SP','BRASIL',NULL,NULL,0,'51348456000188','AV ANTONIO G: DE OLIVEIRA',NULL,'51348456000188','AV ANTONIO G: DE OLIVEIRA',NULL,0,NULL,'LIVRE',NULL,NULL,NULL,NULL,NULL);
INSERT INTO `ent_cliente` (`COD_CLIENTE`,`SIGLA_PONTO`,`RAZAO_SOCIAL`,`NOME_FANTASIA`,`NOME_COMERCIAL`,`NUM_DOC`,`TIPO_DOC`,`INSC_ESTADUAL`,`FONE_2`,`FAX`,`EMAIL`,`SITE`,`CONTATO`,`DT_CADASTRO`,`DT_INATIVO`,`SYS_DT_ALTERACAO`,`ENTR_ENDERECO`,`ENTR_NUMERO`,`ENTR_COMPLEMENTO`,`ENTR_CEP`,`ENTR_BAIRRO`,`ENTR_CIDADE`,`ENTR_ESTADO`,`ENTR_PAIS`,`FATURA_NUMERO`,`FATURA_CEP`,`FATURA_BAIRRO`,`FATURA_CIDADE`,`FATURA_ESTADO`,`FATURA_PAIS`,`COBR_ENDERECO`,`COBR_NUMERO`,`COBR_COMPLEMENTO`,`COBR_CEP`,`COBR_BAIRRO`,`COBR_CIDADE`,`COBR_ESTADO`,`COBR_PAIS`,`CLASSE`,`INSC_MUNICIPAL`,`COD_ANTIGO`,`OLD_FONE_1`,`OLD_FATURA_ENDERECO`,`OLD_FATURA_COMPLEMENTO`,`FONE_1`,`FATURA_ENDERECO`,`FATURA_COMPLEMENTO`,`TEM_ALIQ_IRPJ`,`ALIQ_IRPJ`,`TIPO_CHAMADO`,`COD_BANCO`,`AGENCIA`,`CONTA`,`FAVORECIDO`,`OBS`) VALUES 
 (3835,NULL,'FABRICA DE MOVEIS ESPIRITO SANTO','FABRICA DE MOVEIS ESPIRITO SANTO','FABRICA DE MOVEIS ESPIRITO SANTO','00.303.788/0001-05','J',NULL,'(49) 91428537',NULL,'es.evandro@cpnet.com.br',NULL,'EVANDRO','2009-09-23 00:00:00',NULL,NULL,'RUA DO BOSQUE','221',NULL,'89890-000','JARDIM','CUNHA PORA','SC','BRASIL','221','89890-000','JARDIM','CUNHA PORA','SC','BRASIL','RUA DO BOSQUE','221',NULL,'89890-000','JARDIM','CUNHA PORA','SC','BRASIL',NULL,NULL,0,'(49) 36460676','RUA DO BOSQUE',NULL,'(49) 36460676','RUA DO BOSQUE',NULL,0,NULL,'LIVRE',NULL,NULL,NULL,NULL,NULL),
 (3836,NULL,'PELICAN MONT COM VEIC ESPECIAIS LTDA EPP','PELICAN MONT COM VEIC ESPECIAIS LTDA EPP','PELICAN MONT COM VEIC ESPECIAIS LTDA EPP','08.016.145/0001-92','J',NULL,NULL,NULL,'lucelia@pelicar.com.br',NULL,'LUCELIA','2009-09-23 00:00:00',NULL,NULL,'RUA BRAS DE ASSIS','1241',NULL,'18608-333','CASA BRANCA','BOTUCATU','SP','BRASIL','1241','18608-333','CASA BRANCA','BOTUCATU','SP','BRASIL','RUA BRAS DE ASSIS','1241',NULL,'18608-333','CASA BRANCA','BOTUCATU','SP','BRASIL',NULL,NULL,0,'(14) 38136320','RUA BRAS DE ASSIS',NULL,'(14) 38136320','RUA BRAS DE ASSIS',NULL,0,NULL,'LIVRE',NULL,NULL,NULL,NULL,NULL),
 (3837,NULL,'DILEPE IND. E COMERCIO LTDA','DILEPE IND. E COMERCIO LTDA','DILEPE IND. E COMERCIO LTDA','73.142.960/0001-60','J',NULL,NULL,NULL,'sergio@joymed.com.br',NULL,'SERGIO','2009-09-23 00:00:00',NULL,NULL,'RUA AMORESCO','25',NULL,'03680-070','BURGO PAULISTA','SAO PAULO','SP','BRASIL','25','03680-070','BURGO PAULISTA','SAO PAULO','SP','BRASIL','RUA AMORESCO','25',NULL,'03680-070','BURGO PAULISTA','SAO PAULO','SP','BRASIL',NULL,NULL,0,'(11) 91731415','RUA AMORESCO',NULL,'(11) 91731415','RUA AMORESCO',NULL,0,NULL,'LIVRE',NULL,NULL,NULL,NULL,NULL),
 (3838,NULL,'ETERNIA ARTE EM PEDRA','ETERNIA ARTE EM PEDRA','ETERNIA ARTE EM PEDRA','07.744.902/0001-81','J',NULL,NULL,NULL,'m.gandas@eternia.org',NULL,'MARCELA','2009-09-23 00:00:00',NULL,NULL,'RUA GUARAM','9',NULL,'07223-210','CUMBICA','GUARULHOS','SP','BRASIL','9','07223-210','CUMBICA','GUARULHOS','SP','BRASIL','RUA GUARAM','9',NULL,'07223-210','CUMBICA','GUARULHOS','SP','BRASIL',NULL,NULL,0,'(11) 99491959','RUA GUARAM',NULL,'(11) 99491959','RUA GUARAM',NULL,0,NULL,'LIVRE',NULL,NULL,NULL,NULL,NULL),
 (3839,NULL,'GLOBECARD COM E SERV LTDA','GLOBECARD COM E SERV LTDA','GLOBECARD COM E SERV LTDA','04.834.858/0001-02','J',NULL,NULL,NULL,'cleber@globecard.com.br',NULL,'CLEBER','2009-09-23 00:00:00',NULL,NULL,'R FRADIQUE COUTINHO ','283',NULL,'05416-010','PINHEIROS','SAO PAULO','SP','BRASIL','283','05416-010','PINHEIROS','SAO PAULO','SP','BRASIL','R FRADIQUE COUTINHO ','283',NULL,'05416-010','PINHEIROS','SAO PAULO','SP','BRASIL',NULL,NULL,0,'(11) 71954699','R FRADIQUE COUTINHO ',NULL,'(11) 71954699','R FRADIQUE COUTINHO ',NULL,0,NULL,'LIVRE',NULL,NULL,NULL,NULL,NULL),
 (3840,NULL,'Indústria de Urnas Bilac Ltda.','Indústria de Urnas Bilac Ltda.','Indústria de Urnas Bilac Ltda.','10.368.253/0001-76','J','213.063.921.114','(18) 8119-3131',NULL,'compras@bruschetta.com.br',NULL,'FERNANDO','2009-09-23 00:00:00',NULL,NULL,'Rod. Gabriel Melhado','S/Nº','KM 1','16210-000','CORREGO DA COLONIA','BILAC','SP','BRASIL','S/Nº','16210-000','CORREGO DA COLONIA','BILAC','SP','BRASIL','Rodovia SP 461  - CAIXA POSTA 23','S/Nº','KM 0,50','16210-000',NULL,'BILAC','SP','BRASIL',NULL,NULL,0,'(18) 3659-9090','Rod. Gabriel Melhado','KM 1','(18) 3659-9090','Rod. Gabriel Melhado','KM 1',0,NULL,'LIVRE',NULL,NULL,NULL,NULL,NULL),
 (3841,NULL,'RIOCORE REPRESENTAÇÃO COMERCIAL LTDA','RIOCORE','RIOCORE','05.566.259/0002-07','J','78151641',NULL,NULL,'marciavaleria.comal@riocore.com.br',NULL,'Alvir Nelson Rosa','2009-10-19 00:00:00',NULL,NULL,'ESTRADA DO CAPENHA,','1293','CS 101','22743-041',NULL,'Rio de Janeiro','RJ','Brasil','1293','22743-041',NULL,'Rio de Janeiro','RJ','Brasil','ESTRADA DO CAPENHA,','1293','CS 101','22743-041',NULL,'Rio de Janeiro','RJ','Brasil',NULL,NULL,0,NULL,NULL,NULL,'(21) 2435.4763','ESTRADA DO CAPENHA,','CS 101',0,NULL,'LIVRE',NULL,NULL,NULL,NULL,NULL),
 (3842,NULL,'SINDIEVENTOS - Ativ a de org m prom no est sp e rj','SINDIEVENTOS','SINDIEVENTOS','67.351.932.0001-50','J',NULL,NULL,NULL,NULL,NULL,NULL,'2009-11-05 00:00:00',NULL,NULL,'AV. Nove de Julho','40','12º andar CJ 12E','01312-000','Centro','São Paulo','SP','Brasil','40','01312-000','Centro','São Paulo','SP','Brasil','AV. Nove de Julho','40','12º andar CJ 12E','01312-000','Centro','São Paulo','SP','Brasil',NULL,'2.517.747-8',0,NULL,NULL,NULL,NULL,'AV. Nove de Julho','12º andar CJ 12E',0,NULL,'LIVRE',NULL,NULL,NULL,NULL,NULL),
 (3843,NULL,'ASSOCIAÇAO BRASILEIRA DAS EMPRESAS DE UTILIDADES E PRESENTES','ABUP','ABUP','00.968.967/0001-61','J',NULL,NULL,NULL,NULL,NULL,NULL,'2009-11-05 00:00:00',NULL,NULL,'Av. Macuco','726','CJ 1704','04523-001','Moema','São Pualo','SP','Brasil','726','04523-001','Moema','São Pualo','SP','Brasil','Av. Macuco','726','CJ 1704','04523-001','Moema','São Pualo','SP','Brasil',NULL,'2.421.601-1',0,NULL,NULL,NULL,NULL,'Av. Macuco','CJ 1704',0,NULL,'LIVRE',NULL,NULL,NULL,NULL,NULL),
 (3844,NULL,'QUALIDADE EVENTOS ESPECIAIS LTDA','QUALIDADE EVENTOS','QUALIDADE EVENTOS','02.378.056/0001-00','J',NULL,NULL,NULL,NULL,NULL,NULL,'2009-11-05 00:00:00',NULL,NULL,'Rua 3',NULL,'Office Tower Setor','74115-050','Setor Oeste','Goiania','GO','Brasil',NULL,'74115-050','Setor Oeste','Goiania','GO','Brasil','Rua 3',NULL,'Office Tower Setor','74115-050','Setor Oeste','Goiania','GO','Brasil',NULL,NULL,0,NULL,NULL,NULL,NULL,'Rua 3','Office Tower Setor',0,NULL,'LIVRE',NULL,NULL,NULL,NULL,NULL),
 (3845,NULL,'SOCIEDADE BRASILEIRA DE ANALISES CLINICAS','SBAC','SBAC','34.143.495/0001-20','J',NULL,NULL,NULL,NULL,NULL,NULL,'2009-11-05 00:00:00',NULL,NULL,'R. Vicente Licínio','95',NULL,'20270-340','Tijuca','Rio de Janeiro','RJ','Brasil','95','20270-340','Tijuca','Rio de Janeiro','RJ','Brasil','R. Vicente Licínio','95',NULL,'20270-340','Tijuca','Rio de Janeiro','RJ','Brasil',NULL,'isento',0,NULL,NULL,NULL,NULL,'R. Vicente Licínio',NULL,0,NULL,'LIVRE',NULL,NULL,NULL,NULL,NULL),
 (3846,NULL,'CALÇADOS DI CRISTALLI LTDA.','CALÇADOS DI CRISTALLI','CALÇADOS DI CRISTALLI LTDA.','02452360000150','J','1460022758',NULL,NULL,'vendas@dicristalli.com.br',NULL,'Vera Roloff','2009-11-13 00:00:00',NULL,NULL,'Rua Imperatriz Leopoldina','26',NULL,'95660-000',NULL,'Tres Coroas','RS','Brasil','26','95660-000',NULL,'Tres Coroas','RS','Brasil','Rua Imperatriz Leopoldina','26',NULL,'95660-000',NULL,'Tres Coroas','RS','Brasil',NULL,NULL,0,NULL,NULL,NULL,'(51)  3546 8600','Rua Imperatriz Leopoldina',NULL,0,NULL,'LIVRE',NULL,NULL,NULL,NULL,NULL),
 (3847,NULL,'CALÇADOS AZALÉIA S.A.','CALÇADOS AZALÉIA','CALÇADOS AZALÉIA','98408073000111','J','2410006358',NULL,NULL,'graziela.sbardelotto@vulcabras.com.br',NULL,'Graziela Sbardelotto','2009-11-13 00:00:00',NULL,NULL,'R. Doutor Legendre','34',NULL,'95630-000',NULL,'Parobé','RS','Brasil','34','95630-000',NULL,'Parobé','RS','Brasil','R. Doutor Legendre','34',NULL,'95630-000',NULL,'Parobé','RS','Brasil',NULL,NULL,0,NULL,NULL,NULL,'(51) 3543.5152','R. Doutor Legendre',NULL,0,NULL,'LIVRE',NULL,NULL,NULL,NULL,NULL),
 (3848,NULL,'DIRLLEY  INDÚSTRIA E COMÉRCIO  DE CALÇADOS LTDA','DIRLLEY  INDÚSTRIA E COMÉRCIO  DE CALÇADOS','DIRLLEY  INDÚSTRIA E COMÉRCIO  DE CALÇADOS','79390720000160','J','251342395','(48) 9127-4926',NULL,'vendas@seculoxxx.com.br',NULL,'Mayko Arley Zunino','2009-11-13 00:00:00',NULL,NULL,'R. Doutor Almir Zunino','746',NULL,'88240-000',NULL,'São João Batista','SC','Brasil','746','88240-000',NULL,'São João Batista','SC','Brasil','R. Doutor Almir Zunino','746',NULL,'88240-000',NULL,'São João Batista','SC','Brasil',NULL,NULL,0,NULL,NULL,NULL,NULL,'R. Doutor Almir Zunino',NULL,0,NULL,'LIVRE',NULL,NULL,NULL,NULL,NULL),
 (3849,NULL,'MAIS A MAIS COMERCIO DE BIJUTERIAS LTDA','MAIS A MAIS COMERCIO DE BIJUTERIAS','MAIS A MAIS COMERCIO DE BIJUTERIAS','08722095000240','J','149904410112',NULL,NULL,'doraimom84@hotmail.com',NULL,'Fernando Chung','2009-11-13 00:00:00',NULL,NULL,'R. Florêncio de Abreu','305','3º Andar','01029-000',NULL,'São Paulo','SP','Brasil','305','01029-000',NULL,'São Paulo','SP','Brasil','R. Florêncio de Abreu','305','3º Andar','01029-000',NULL,'São Paulo','SP','Brasil',NULL,NULL,0,NULL,NULL,NULL,'(11) 2618-1878','R. Florêncio de Abreu','3º Andar',0,NULL,'LIVRE',NULL,NULL,NULL,NULL,NULL),
 (3850,NULL,'GRENDENE S/A - FILIAL 1','GRENDENE','GRENDENE','89850341001212','J','0450005011','(54) 9121-6405',NULL,NULL,NULL,NULL,'2009-11-13 00:00:00',NULL,NULL,'Av. Pedro Grendene','131','B','95180-000',NULL,'Farroupilha','RS','Brasil','131','95180-000',NULL,'Farroupilha','RS','Brasil','Av. Pedro Grendene','131','B','95180-000',NULL,'Farroupilha','RS','Brasil',NULL,NULL,0,NULL,NULL,NULL,'(54) 2109-9000','Av. Pedro Grendene','B',0,NULL,'LIVRE',NULL,NULL,NULL,NULL,NULL),
 (3851,NULL,'BICAL-BIRIGUI CALÇADOS INDÚSTRIA E COMÉRCIO LTDA','BICAL-BIRIGUI CALÇADOS INDÚSTRIA E COMÉRCIO','BICAL-BIRIGUI CALÇADOS INDÚSTRIA E COMÉRCIO','45377272000143','J','214.000.923.118',NULL,NULL,'eliza@bical.com.br',NULL,'Eliza','2009-11-13 00:00:00',NULL,NULL,'Trav. Marechal Deodoro','56',NULL,'16200-010',NULL,'Birigui','SP','Brasil','56','16200-010',NULL,'Birigui','SP','Brasil','Trav. Marechal Deodoro','56',NULL,'16200-010',NULL,'Birigui','SP','Brasil',NULL,NULL,0,NULL,NULL,NULL,'(18) 3643-2103','Trav. Marechal Deodoro',NULL,0,NULL,'LIVRE',NULL,NULL,NULL,NULL,NULL),
 (3852,NULL,'CALÇADOS FERRACINI LTDA','CALÇADOS FERRACINI','CALÇADOS FERRACINI','53577383000121','J','310072769114',NULL,NULL,'karina@ferracini.com.br',NULL,'Karina Murari','2009-11-13 00:00:00',NULL,NULL,'R. Olivio Fenatti','149',NULL,'14406-073',NULL,'Franca','SP','Brasil','149','14406-073',NULL,'Franca','SP','Brasil','R. Olivio Fenatti','149',NULL,'14406-073',NULL,'Franca','SP','Brasil',NULL,NULL,0,NULL,NULL,NULL,'(16) 3711-0521','R. Olivio Fenatti',NULL,0,NULL,'LIVRE',NULL,NULL,NULL,NULL,NULL),
 (3853,NULL,'NINO DO BRÁS COMERCIAL DE COUROS LTDA.EPP','NINO DO BRÁS COMERCIAL DE COUROS','NINO DO BRÁS COMERCIAL DE COUROS','07813121000100','J','117216740111',NULL,NULL,'comercialnino@comercialnino.com.br',NULL,'Gilmar Antonio Gargieri','2009-11-13 00:00:00',NULL,NULL,'R. Vasco da Gama','58',NULL,'03003-050',NULL,'São Paulo','SP','Brasil','58','03003-050',NULL,'São Paulo','SP','Brasil','R. Vasco da Gama','58',NULL,'03003-050',NULL,'São Paulo','SP','Brasil',NULL,NULL,0,NULL,NULL,NULL,'(11) 3227-2700','R. Vasco da Gama',NULL,0,NULL,'LIVRE',NULL,NULL,NULL,NULL,NULL),
 (3854,NULL,'DAL PONTE CALÇADOS DO NORDESTE LTDA','DAL PONTE CALÇADOS DO NORDESTE','DAL PONTE CALÇADOS DO NORDESTE','03576468/0001-17','J','52349241',NULL,NULL,'diogo.moreschi@dalponte.com.br',NULL,'Diogo Moreschi','2009-11-13 00:00:00',NULL,NULL,'Rodovia BR 101 Sul S/N - Km 264',NULL,NULL,'44572-610',NULL,'Santo Antonio de Jesus','BA','Brasil',NULL,'44572-610',NULL,'Santo Antonio de Jesus','BA','Brasil','Rst 470','Km 174,5',NULL,'95330-000',NULL,'Veranópolis','RS','Brasil',NULL,NULL,0,NULL,NULL,NULL,'(54) 3441 9026','Rodovia BR 101 Sul S/N - Km 264',NULL,0,NULL,'LIVRE',NULL,NULL,NULL,NULL,NULL),
 (3855,NULL,'DAKOTA S.A.','DAKOTA','DAKOTA','89086961000174','J','0840004443',NULL,NULL,'flavio@dakota.com.br',NULL,'Flavio Lamb','2009-11-13 00:00:00',NULL,NULL,'Av. Quinze de Novembro','3665',NULL,'95150-000',NULL,'Nova Petrópolis','RS','Brasil','3665','95150-000',NULL,'Nova Petrópolis','RS','Brasil','Av. Quinze de Novembro','3665',NULL,'95150-000',NULL,'Nova Petrópolis','RS','Brasil',NULL,NULL,0,NULL,NULL,NULL,'(54) 3281-8000','Av. Quinze de Novembro',NULL,0,NULL,'LIVRE',NULL,NULL,NULL,NULL,NULL),
 (3856,NULL,'JC PHARMA ASSESSORIA E COMÉRCIO LTDA.','JC PHARMA ASSESSORIA E COMÉRCIO','JC PHARMA ASSESSORIA E COMÉRCIO','01662176000171','J',NULL,NULL,NULL,'adm@jcpharma.com.br',NULL,'Carlos Paris','2009-11-13 00:00:00',NULL,NULL,'R. Mauro','147',NULL,'04055-040',NULL,'São Paulo','SP','Brasil','147','04055-040',NULL,'São Paulo','SP','Brasil','R. Mauro','147',NULL,'04055-040',NULL,'São Paulo','SP','Brasil',NULL,NULL,0,NULL,NULL,NULL,'(11) 5071-5486','R. Mauro',NULL,0,NULL,'LIVRE',NULL,NULL,NULL,NULL,NULL),
 (3857,NULL,'Nilko Metalurgica ltda','Nilko Metalurgica','Nilko Metalurgica','75086785000166','J','13700423-29',NULL,NULL,'adriano@nilko.com.br',NULL,'Adriano','2009-11-13 00:00:00',NULL,NULL,'Av. Maringa','1900',NULL,'83325-360',NULL,'Pinhais','PR','Brasil','1900','83325-360',NULL,'Pinhais','PR','Brasil','Av. Maringa','1900',NULL,'83325-360',NULL,'Pinhais','PR','Brasil',NULL,NULL,0,NULL,NULL,NULL,'(41) 3661-2200','Av. Maringa',NULL,0,NULL,'LIVRE',NULL,NULL,NULL,NULL,NULL),
 (3858,NULL,'Gesaworld do Brasil Consultoria','Gesaworld do Brasil Consultoria','Gesaworld do Brasil Consultoria','03936258000192','J','Isento',NULL,NULL,'mbello@gesaworld.com.br',NULL,'Catherine Moura','2009-11-13 00:00:00',NULL,NULL,'R. Bela Cintra','746','CJ 22','01415-902',NULL,'São Paulo','SP','Brasil','746','01415-902',NULL,'São Paulo','SP','Brasil','R. Bela Cintra','746','CJ 22','01415-902',NULL,'São Paulo','SP','Brasil',NULL,NULL,0,NULL,NULL,NULL,'(11) 3129-9736','R. Bela Cintra','CJ 22',0,NULL,'LIVRE',NULL,NULL,NULL,NULL,NULL),
 (3859,NULL,'GRUPO GESTOR DE SERVICOS DE HEMOTERAPIA S/S LTDA','GRUPO GESTOR DE SERVICOS DE HEMOTERAPIA','GRUPO GESTOR DE SERVICOS DE HEMOTERAPIA','10808204000107','J','Isento',NULL,NULL,'luizgama@multmeeting.com',NULL,'Luiz A Gama','2009-11-16 00:00:00',NULL,NULL,'R. Quintino Bocaiuva','975',NULL,'14015-160',NULL,'Ribeirao Preto','SP','Brasil','975','14015-160',NULL,'Ribeirao Preto','SP','Brasil','R. Quintino Bocaiuva','975',NULL,'14015-160',NULL,'Ribeirao Preto','SP','Brasil',NULL,NULL,0,NULL,NULL,NULL,'(11) 7889-3152','R. Quintino Bocaiuva',NULL,0,NULL,'LIVRE',NULL,NULL,NULL,NULL,NULL),
 (3860,NULL,'UBM Brazil Feiras e Eventos Ltda.','UBM Brazil Feiras e Eventos Ltda.','UBM Brazil Feiras e Eventos Ltda.','08139874000136','J','Isenta',NULL,'11 4689.1926','ascappini@ubmbrazil.com.br',NULL,'Alexandre Scarppini','2009-11-24 00:00:00',NULL,NULL,'Alameda Tocantins','75','Sala 1401','06455-020','Alphaville','Barueri','SP','Brasil','75','06455-020','Alphaville','Barueri','SP','Brasil','Alameda Tocantins','75','Sala 1401','06455-020','Alphaville','Barueri','SP','Brasil',NULL,NULL,0,NULL,NULL,NULL,'11 4689.1935 Ramal 2106','Alameda Tocantins','Sala 1401',0,NULL,'LIVRE',NULL,NULL,NULL,NULL,NULL),
 (3861,NULL,'CONFEDERAÇÃO NACIONAL DE SAÚDE, HOSPITAIS, ESTABELECIMENTOS E SERVIÇOS','CONFEDERAÇÃO NACIONAL DE SAÚDE, HOSPITAIS, ESTABELECIMENTOS E SERVIÇOS','CONFEDERAÇÃO NACIONAL DE SAÚDE, HOSPITAIS, ESTABELECIMENTOS E SERVIÇOS','97.496.574/0001-34','J','ISENTO',NULL,NULL,NULL,NULL,NULL,'2009-11-30 00:00:00',NULL,NULL,'SRTV/SUL QD','701 - CJ E','ED PALACIO DO RADIO I BL 3 Nº 130 5º AND','70340-901','ASA SUL','BRASILIA','DF','BRASIL','701 - CJ E','70340-901','ASA SUL','BRASILIA','DF','BRASIL','SRTV/SUL QD','701 - CJ E','ED PALACIO DO RADIO I BL 3 Nº 130 5º AND','70340-901','ASA SUL','BRASILIA','DF','BRASIL',NULL,NULL,0,NULL,NULL,NULL,NULL,'SRTV/SUL QD','ED PALACIO DO RADIO I BL 3 Nº 130 5º AND',0,NULL,'LIVRE',NULL,NULL,NULL,NULL,NULL),
 (3863,NULL,'BRASPRESS TRANSPORTES URGENTE LTDA','BRASPRESS','BRASPRESS','48740351000165','J','116945108113',NULL,NULL,'marketing.isabela@braspress.com.br',NULL,'Isabela de Andrade','2009-12-04 00:00:00',NULL,NULL,'Rua Cel. Marques Ribeiro','225',NULL,'02068-050',NULL,'São Paulo','SP','BRASIL','225','02068-050',NULL,'São Paulo','SP','BRASIL','Rua Cel. Marques Ribeiro','225',NULL,'02068-050',NULL,'São Paulo','SP','BRASIL',NULL,NULL,0,NULL,NULL,NULL,'(11) 3429-3264','Rua Cel. Marques Ribeiro',NULL,0,NULL,'LIVRE',NULL,NULL,NULL,NULL,NULL),
 (3864,NULL,'PAQUETÁ CALÇADOS LTDA','ORTOPÉ','ORTOPÉ','01.098.983/0090-89','J','086.040/3491',NULL,NULL,'carine@ortope.com.br',NULL,'Carine','2009-12-04 00:00:00',NULL,NULL,'Rodovia RS 239','2899',NULL,'93352-000','VILA NOVA','NOVO HAMBURGO','RS','BRASIL','2899','93352-000','VILA NOVA','NOVO HAMBURGO','RS','BRASIL','Rodovia RS 239','2899',NULL,'93352-000','VILA NOVA','NOVO HAMBURGO','RS','BRASIL',NULL,NULL,0,NULL,NULL,NULL,'51 3065 9900','Rodovia RS 239',NULL,0,NULL,'LIVRE',NULL,NULL,NULL,NULL,NULL),
 (3865,NULL,'GVD INTERNATIONAL TRADING S A','GVD FASHION','GVD FASHION','87524609000148','J','0190056568',NULL,NULL,'adriano@gvdintl.com.br',NULL,'Adriano Rodrigues','2009-12-04 00:00:00',NULL,NULL,'Rod. RS-239,','5945',NULL,'93700-000',NULL,'CAMPO BOM','RS','BRASIL','5945','93700-000',NULL,'CAMPO BOM','RS','BRASIL','Rod. RS-239,','5945',NULL,'93700-000',NULL,'CAMPO BOM','RS','BRASIL',NULL,NULL,0,NULL,NULL,NULL,'051 21236800','Rod. RS-239,',NULL,0,NULL,'LIVRE',NULL,NULL,NULL,NULL,NULL),
 (3866,NULL,'SIND. INTERMUNICIPAL DAS IND. DE CALCADOS DE NOVA SERRANA','SINDINOVA','SINDINOVA','64476781000178','J','Isento',NULL,NULL,'tania@sindinova.com.br',NULL,'Tânia Porto','2009-12-04 00:00:00',NULL,NULL,'Rua Antonio Martins','75',NULL,'35519-000',NULL,'NOVA SERRANA','MG','BRASIL','75','35519-000',NULL,'NOVA SERRANA','MG','BRASIL','Rua Antonio Martins','75',NULL,'35519-000',NULL,'NOVA SERRANA','MG','BRASIL',NULL,NULL,0,NULL,NULL,NULL,'(37) 3226-2625','Rua Antonio Martins',NULL,0,NULL,'LIVRE',NULL,NULL,NULL,NULL,NULL),
 (3867,NULL,'TIPTOE INDÚSTRIA E COMÉRCIO DE CALÇADOS LTDA','BOUTS / BEE HAPPY','BOUTS / BEE HAPPY','45384096000177','J','214005181116',NULL,NULL,'regina@tiptoe.com.br',NULL,'Regina Romanini','2009-12-04 00:00:00',NULL,NULL,'Rua Maestro Antônio Passarelli','288',NULL,'16200-004',NULL,'BIRIGUI','SP','BRASIL','288','16200-004',NULL,'BIRIGUI','SP','BRASIL','Rua Maestro Antônio Passarelli','288',NULL,'16200-004',NULL,'BIRIGUI','SP','BRASIL',NULL,NULL,0,NULL,NULL,NULL,'(18) 3649-5036','Rua Maestro Antônio Passarelli',NULL,0,NULL,'LIVRE',NULL,NULL,NULL,NULL,NULL),
 (3868,NULL,'SANTINO COMERCIAL E DISTRIBUIDORA LTDA','SANTINO','SANTINO','06113036000168','J','206250144116',NULL,NULL,'andreia.fernandes@santino.com.br',NULL,'Andréia Fernandes','2009-12-04 00:00:00',NULL,NULL,'Alameda Araguaia','3387',NULL,'06455-000',NULL,'BARUERI','SP','BRASIL','3387','06455-000',NULL,'BARUERI','SP','BRASIL','Alameda Araguaia','3387',NULL,'06455-000',NULL,'BARUERI','SP','BRASIL',NULL,NULL,0,NULL,NULL,NULL,'011 35268888','Alameda Araguaia',NULL,0,NULL,'LIVRE',NULL,NULL,NULL,NULL,NULL),
 (3869,NULL,'CALÇADOS KOLLI´S IND. COM. LTDA','PAMPILI','PAMPILI','56794084000137','J','214026719114',NULL,NULL,'geisiani@pampili.com.br',NULL,'Geisiani Valera Iacia','2009-12-04 00:00:00',NULL,NULL,'Rua Vinte Um de Abril','640',NULL,'16203902',NULL,'BIRIGUI','SP','BRASIL','640','16203902',NULL,'BIRIGUI','SP','BRASIL','Rua Vinte Um de Abril','640',NULL,'16203902',NULL,'BIRIGUI','SP','BRASIL',NULL,NULL,0,NULL,NULL,NULL,'(18) 3643-2374','Rua Vinte Um de Abril',NULL,0,NULL,'LIVRE',NULL,NULL,NULL,NULL,NULL),
 (3870,NULL,'M OLIMPIA F FERREIRA CALÇADOS','SAPATOTERAPIA SUPER COMFORT','SAPATOTERAPIA SUPER COMFORT','02395462000180','J','310250049119',NULL,NULL,'filipe@sapatoterapia.com.br',NULL,'FILIPE','2009-12-04 00:00:00',NULL,NULL,'Rua Professor José Rodrigues Costa Sobrinho','2260',NULL,'14409-105',NULL,'FRANCA','SP','BRASIL','2260','14409-105',NULL,'FRANCA','SP','BRASIL','Rua Professor José Rodrigues Costa Sobrinho','2260',NULL,'14409-105',NULL,'FRANCA','SP','BRASIL',NULL,NULL,0,NULL,NULL,NULL,'(16) 3712-7700','Rua Professor José Rodrigues Costa Sobrinho',NULL,0,NULL,'LIVRE',NULL,NULL,NULL,NULL,NULL),
 (3871,NULL,'SULPACK INDÚSTRIA DE EMBALAGENS LTDA','SULPACK EMBALAGENS','SULPACK EMBALAGENS','06889781000101','J','254811620',NULL,NULL,'marketing@sulpack.ind.br',NULL,'Cristian André Peiter Dalsóquio','2009-12-04 00:00:00',NULL,NULL,'Rua Emilio Manke Júnior','413','75','89270000',NULL,'GUARAMIRIM','SC','BRASIL','413','89270000',NULL,'GUARAMIRIM','SC','BRASIL','Rua Emilio Manke Júnior','413','75','89270000',NULL,'GUARAMIRIM','SC','BRASIL',NULL,NULL,0,NULL,NULL,NULL,'(47) 3373-3300','Rua Emilio Manke Júnior','75',0,NULL,'LIVRE',NULL,NULL,NULL,NULL,NULL),
 (3872,NULL,'KLIN PRODUTOS INFANTIS LTDA','KLIN','KLIN','52717659000167','J','214018380110',NULL,NULL,'marketing@klin.com.br',NULL,'Denis Nalon','2009-12-04 00:00:00',NULL,NULL,'Av. Euclides Miragaia','3355',NULL,'16200-900',NULL,'BIRIGUI','SP','BRASIL','3355','16200-900',NULL,'BIRIGUI','SP','BRASIL','Av. Euclides Miragaia','3355',NULL,'16200-900',NULL,'BIRIGUI','SP','BRASIL',NULL,NULL,0,NULL,NULL,NULL,'(18) 3643 7022','Av. Euclides Miragaia',NULL,0,NULL,'LIVRE',NULL,NULL,NULL,NULL,NULL),
 (3873,NULL,'DASS SUL S/A CALÇADOS E ARTIGOS ESPORTIVOS','DILLY','DILLY','81786121/0005-36','J','200/0026880',NULL,NULL,'daniela.henrich@dilly.com.br',NULL,'DANIELA HENRICH','2009-12-04 00:00:00',NULL,NULL,'Rua Júlio Hauser','1640',NULL,'93900-000',NULL,'IVOTI','RS','BRASIL','1640','93900-000',NULL,'IVOTI','RS','BRASIL','Rua Júlio Hauser','1640',NULL,'93900-000',NULL,'IVOTI','RS','BRASIL',NULL,NULL,0,NULL,NULL,NULL,'51-35638212','Rua Júlio Hauser',NULL,0,NULL,'LIVRE',NULL,NULL,NULL,NULL,NULL),
 (3874,NULL,'K3 CALÇADOS INDÚSTRIA E COMÉRCIO LTDA','REKOBA','REKOBA','05985111000118','J','00010078120004',NULL,NULL,'rekoba@rekoba.com.br',NULL,'Ricardo Couto Azevedo','2009-12-04 00:00:00',NULL,NULL,'Rua Wolanda Batista de Freitas','515',NULL,'35519-000',NULL,'NOVA SERRANA','MG','BRASIL','515','35519-000',NULL,'NOVA SERRANA','MG','BRASIL','Rua Wolanda Batista de Freitas','515',NULL,'35519-000',NULL,'NOVA SERRANA','MG','BRASIL',NULL,NULL,0,NULL,NULL,NULL,'37-3226-6878','Rua Wolanda Batista de Freitas',NULL,0,NULL,'LIVRE',NULL,NULL,NULL,NULL,NULL),
 (3875,NULL,'CORNER INDÚSTRIA E COMÉRCIO DE ARTIGOS ESPORTIVOS LTDA. - EPP','BOLAS CORNER','BOLAS CORNER','55712988000103','J','708040319110',NULL,NULL,'marco.mkt@bolascorner.com.br',NULL,'Marco Evandro Tomaz','2009-12-04 00:00:00',NULL,NULL,'Rua Vitório Capelatto','87',NULL,'13277-120',NULL,'VALINHOS','SP','BRASIL','87','13277-120',NULL,'VALINHOS','SP','BRASIL','Rua Vitório Capelatto','87',NULL,'13277-120',NULL,'VALINHOS','SP','BRASIL',NULL,NULL,0,NULL,NULL,NULL,'19 - 3829.5666','Rua Vitório Capelatto',NULL,0,NULL,'LIVRE',NULL,NULL,NULL,NULL,NULL),
 (3876,NULL,'SKECHERS DO BRASIL CALÇADOS LTDA','SKECHERS DO BRASIL CALÇADOS LTDA','SKECHERS DO BRASIL CALÇADOS LTDA','08562929000116','J','149647532118',NULL,NULL,'patricias@skechers.com',NULL,'PATRICIA','2009-12-04 00:00:00',NULL,NULL,'Rua Haddock Lobo','1307','17ºandar -cj 171/174','01414-003',NULL,'São Paulo','SP','Brasil','1307','01414-003',NULL,'São Paulo','SP','Brasil','Rua Haddock Lobo','1307','17ºandar -cj 171/174','01414-003',NULL,'São Paulo','SP','Brasil',NULL,NULL,0,NULL,NULL,NULL,'11 38944120','Rua Haddock Lobo','17ºandar -cj 171/174',0,NULL,'LIVRE',NULL,NULL,NULL,NULL,NULL),
 (3877,NULL,'DORCELINA LEMOS - ME','MAC BOOT','MAC BOOT','68403583000135','J','310216036112',NULL,NULL,'marketing@macboot.com.br',NULL,'Fernanda','2009-12-04 00:00:00',NULL,NULL,'Rua Ângelo Pedro','2854',NULL,'14403-416',NULL,'FRANCA','SP','BRASIL','2854','14403-416',NULL,'FRANCA','SP','BRASIL','Rua Ângelo Pedro','2854',NULL,'14403-416',NULL,'FRANCA','SP','BRASIL',NULL,NULL,0,NULL,NULL,NULL,'16 2104 7421','Rua Ângelo Pedro',NULL,0,NULL,'LIVRE',NULL,NULL,NULL,NULL,NULL),
 (3878,NULL,'CHOICE BAG COMERCIAL LTDA.','CHOICE BAG COMERCIAL LTDA.','CHOICE BAG COMERCIAL LTDA.','04884296000101','J','082175268',NULL,NULL,'ana@choicebag.com.br',NULL,'Marcos Garcia','2009-12-04 00:00:00',NULL,NULL,'Av. José Maria Whitaker','908',NULL,'04057-000',NULL,'SÃO PAULO','SP','BRASIL','908','04057-000',NULL,'SÃO PAULO','SP','BRASIL','Av. José Maria Whitaker','908',NULL,'04057-000',NULL,'SÃO PAULO','SP','BRASIL',NULL,NULL,0,NULL,NULL,NULL,'(11) 5078-0000','Av. José Maria Whitaker',NULL,0,NULL,'LIVRE',NULL,NULL,NULL,NULL,NULL),
 (3879,NULL,'CALÇADOS FURLANETTO LTDA.','CECCONELLO','CECCONELLO','90314758000197','J','1460007392',NULL,NULL,'lelia@cecconello.com.br',NULL,'Lélia','2009-12-04 00:00:00',NULL,NULL,'Rua Henrique Juergensen','909',NULL,'95660-000',NULL,'TRÊS COROAS','RS','BRASIL','909','95660-000',NULL,'TRÊS COROAS','RS','BRASIL','Rua Henrique Juergensen','909',NULL,'95660-000',NULL,'TRÊS COROAS','RS','BRASIL',NULL,NULL,0,NULL,NULL,NULL,'(51)3546-8100','Rua Henrique Juergensen',NULL,0,NULL,'LIVRE',NULL,NULL,NULL,NULL,NULL),
 (3880,NULL,'CALÇADOS MYRABEL LTDA','BURANA/MYRABEL','BURANA/MYRABEL','97276265000159','J','1210003669',NULL,NULL,'marcelo@myrabel.com.br',NULL,'Marcelo Lemke','2009-12-04 00:00:00',NULL,NULL,'Rua Presidente Kennedy','1083',NULL,'93800-000',NULL,'SAPIRANGA','RS','BRASIL','1083','93800-000',NULL,'SAPIRANGA','RS','BRASIL','Rua Presidente Kennedy','1083',NULL,'93800-000',NULL,'SAPIRANGA','RS','BRASIL',NULL,NULL,0,NULL,NULL,NULL,'51 35593600','Rua Presidente Kennedy',NULL,0,NULL,'LIVRE',NULL,NULL,NULL,NULL,NULL),
 (3881,NULL,'TNT MERCURIO CARGAS E ENCOMENDAS EXPRESSAS S/A','TNT MERCURIO CARGAS E ENCOMENDAS EXPRESSAS S/A','TNT MERCURIO CARGAS E ENCOMENDAS EXPRESSAS S/A','95591723003800','J',NULL,NULL,NULL,'fabiana.pedroso@tnt.com',NULL,'Fabiana Braga Pedroso','2009-12-04 00:00:00',NULL,NULL,'Av. Marginal Direita do Tietê','2500',NULL,'05118-100',NULL,'SÃO PAULOS','SP','BRASIL','2500','05118-100',NULL,'SÃO PAULO','SP','BRASIL','Rua Professor Manoelito de Ornellas','303',NULL,'04719-040',NULL,'SÃO PAULO','SP','BRASIL',NULL,NULL,0,NULL,NULL,NULL,'(11) 3573-7921','Av. Marginal Direita do Tietê',NULL,0,NULL,'LIVRE',NULL,NULL,NULL,NULL,NULL),
 (3885,NULL,'FUNDAÇÃO ROGE','FUNDAÇÃO ROGE','FUNDAÇÃO ROGE','04.025.536/0001-12','J','211.280.229.0013',NULL,NULL,'cristiele@fundacaoroge.org.br',NULL,'CRISTIELE ASSIS','2009-12-09 00:00:00',NULL,NULL,'RUA PAULINO DE FARIA','1269',NULL,'37514-000','CENTRO','DELFIM MOREIRA','MG','BRASIL','1269','37514-000','CENTRO','DELFIM MOREIRA','MG','BRASIL','AV DO PROGRESSO','1001',NULL,'13240-000','PONTE ALTA','JARINU','SP','BRASIL',NULL,NULL,0,NULL,NULL,NULL,'35 36241529','RUA PAULINO DE FARIA',NULL,0,NULL,'LIVRE',NULL,NULL,NULL,NULL,NULL),
 (3888,NULL,'Instituto Acaia','Instituto Acaia','Instituto Acaia','04.449.826/0001-93','J','ISENTO',NULL,'3643 5516','caetana.britto@acaia.org.br',NULL,'Caetana Britto','2009-12-09 00:00:00',NULL,NULL,'Rua Dr. Avelino Chaves','80',NULL,'05318-040','VILA LEOPOLDIA','SÃO PAULO','SP','BRASIL','80','05318-040','VILA LEOPOLDIA','SÃO PAULO','SP','BRASIL','Rua Dr. Avelino Chaves','80',NULL,'05318-040','VILA LEOPOLDIA','SÃO PAULO','SP','BRASIL',NULL,NULL,0,NULL,NULL,NULL,'11 3643-5510','Rua Dr. Avelino Chaves',NULL,0,NULL,'LIVRE',NULL,NULL,NULL,NULL,NULL),
 (3889,NULL,'SOCIEDADE BENFEITORA JAGUARÉ','BENFEITORA JAGUARÉ','BENFEITORA JAGUARÉ','62.852.892/0001-06','J','ISENTO',NULL,'(11) 3768-0552','margarida.ruivo@benfeitorajaguare.org.br',NULL,'MARGARIDA/EDUARDO','2009-12-09 00:00:00',NULL,NULL,'RUA FLORESTO BANDECCHI','156',NULL,'05336-010','JAGUARÉ','SÃO PAULO','SP','BRASIL','156','05336-010','JAGUARÉ','SÃO PAULO','SP','BRASIL','RUA FLORESTO BANDECCHI','156',NULL,'05336-010','JAGUARÉ','SÃO PAULO','SP','BRASIL',NULL,NULL,0,NULL,NULL,NULL,'(11) 3719-3407','RUA FLORESTO BANDECCHI',NULL,0,NULL,'LIVRE',NULL,NULL,NULL,NULL,NULL),
 (3890,NULL,'FUNDAÇÃO ACL PRÓ DESENVOLVIMENTO DA CAPACIDADE DE AUTOREABILITAÇÃO','FUNDAÇÃO ACL PRÓ DESENVOLVIMENTO DA CAPACIDADE DE AUTOREABILITAÇÃO','FUNDAÇÃO ACL PRÓ DESENVOLVIMENTO DA CAPACIDADE DE AUTOREABILITAÇÃO','57 807 778 0001 24','J','ISENTO',NULL,NULL,'MARY.GOTTS@GMAIL.COM',NULL,'MARIANA PIZATO','2009-12-09 00:00:00',NULL,NULL,'RUA CAPITAO CAVALCANTE','297',NULL,'04019000','VILA MARIANA','SÃO PAULO','SP','BRASIL','297','04019000','VILA MARIANA','SÃO PAULO','SP','BRASIL','RUA CAPITAO CAVALCANTE','297',NULL,'04019000','VILA MARIANA','SÃO PAULO','SP','BRASIL',NULL,NULL,0,NULL,NULL,NULL,'(11) 5549-3880','RUA CAPITAO CAVALCANTE',NULL,0,NULL,'LIVRE',NULL,NULL,NULL,NULL,NULL),
 (3895,NULL,'INSTITUTO DE ORG RACIONAL DO TRABALHO - IDORT','IDORT/SP','IDORT/SP','60.538.105/0001-20','J','ISENTO',NULL,NULL,'ALINDEGGER@IDORT.COM',NULL,'ANGELA LINDEGGER','2009-12-09 00:00:00',NULL,NULL,'AV. PAULISTA','1294','1 ANDAR','01310-915','CERQUEIRA CEZAR','SÃO PAULO','SP','BRASIL','1294','01310-915','CERQUEIRA CEZAR','SÃO PAULO','SP','BRASIL','AV. PAULISTA','1294','1 ANDAR','01310-915','CERQUEIRA CEZAR','SÃO PAULO','SP','BRASIL',NULL,NULL,0,NULL,NULL,NULL,'11 2847-4400','AV. PAULISTA','1 ANDAR',0,NULL,'LIVRE',NULL,NULL,NULL,NULL,NULL),
 (3896,NULL,'CENTRO ISRAELITA DE APOIO MULTIDISCIPLINAR','CIAM','CIAM','61.683.272/0001-28','J','116.133.265.110',NULL,NULL,'pffcamargo@uol.com.br',NULL,NULL,'2009-12-09 00:00:00',NULL,NULL,'RUA IRMÃ PIA','78',NULL,'05335-050','JAGUARÉ','SÃO PAULO','SP','BRASIL','78','05335-050','JAGUARÉ','SÃO PAULO','SP','BRASIL','RUA IRMÃ PIA','78',NULL,'05335-050','JAGUARÉ','SÃO PAULO','SP','BRASIL',NULL,NULL,0,NULL,NULL,NULL,'011 3760-0068','RUA IRMÃ PIA',NULL,0,NULL,'LIVRE',NULL,NULL,NULL,NULL,NULL),
 (3897,NULL,'SIND. DA IND. DE CALÇADOS DE FRANCA','SINDIFRANCA','SINDIFRANCA','47985585000100','J','ISENTO',NULL,NULL,'negocios@sindifranca.org.br',NULL,'Karina Gera','2009-12-22 00:00:00',NULL,NULL,'Rua Padre Anchieta','1946','cp 176','14400-740',NULL,'FRANCA','SP','BRASIL','1946','14400-740',NULL,'FRANCA','SP','BRASIL','Rua Padre Anchieta','1946','cp 176','14400-740',NULL,'FRANCA','SP','BRASIL',NULL,NULL,0,NULL,NULL,NULL,'16 3722 9444','Rua Padre Anchieta','cp 176',0,NULL,'LIVRE',NULL,NULL,NULL,NULL,NULL),
 (3898,NULL,'SEBRAE/MG - SERV. DE APOIO AS MICRO E PEQ. EMPRESAS','SEBRAE','SEBRAE','16589137000163','J','ISENTO',NULL,NULL,'scalcados@fiemg.com.br',NULL,' Cristiane Xavier Fernando','2009-12-22 00:00:00',NULL,NULL,'Av. Barão Homem de Melo,','329',NULL,'30460-090',NULL,'BELO HORIZONTE','MG','BRASIL','329','30460-090',NULL,'BELO HORIZONTE','MG','BRASIL','Av. Barão Homem de Melo,','329',NULL,'30460-090',NULL,'BELO HORIZONTE','MG','BRASIL',NULL,NULL,0,NULL,NULL,NULL,'(31) 97031850','Av. Barão Homem de Melo,',NULL,0,NULL,'LIVRE',NULL,NULL,NULL,NULL,NULL),
 (3915,NULL,'GRUPO EDITORIAL SINOS S.A.',' EXCLUSIVO / LANÇAMENTOS',NULL,'91665570000156','J','0860130509',NULL,NULL,' circexcl@gruposinos.com.br',NULL,'Jucelene da Silva','2009-12-28 00:00:00',NULL,NULL,'Rua Jornal N H','99',NULL,'93334-350',NULL,'NOVO HAMBURGO','RS','BRASIL','99','93334-350',NULL,'NOVO HAMBURGO','RS','BRASIL','Rua Jornal N H','99',NULL,'93334-350',NULL,'NOVO HAMBURGO','RS','BRASIL',NULL,NULL,0,NULL,NULL,NULL,' 51 30658038','Rua Jornal N H',NULL,0,NULL,'LIVRE',NULL,NULL,NULL,NULL,NULL),
 (3916,NULL,'COMERCIAL K-MART LTDA','Monticello','Monticello','74272212000164','J','113935529113',NULL,NULL,'guardachuvas@monticello.com.br',NULL,'YA HUI YEH','2010-01-06 00:00:00',NULL,NULL,'560',NULL,NULL,'01024-000',NULL,'SÃO PAULO','SP','BRASIL','560','01024-000',NULL,'SÃO PAULO','SP','BRASIL','Rua da Cantareira','560',NULL,'01024-000',NULL,'SÃO PAULO','SP','BRASIL',NULL,NULL,0,NULL,NULL,NULL,'78711368','Rua da Cantareira',NULL,0,NULL,'LIVRE',NULL,NULL,NULL,NULL,NULL),
 (3917,NULL,'CALÇADOS RAMARIM LTDA.','CALÇADOS RAMARIM LTDA.','CALÇADOS RAMARIM LTDA.','88104328000107','J','2940000640',NULL,NULL,'renata@ramarim.com.br',NULL,' Renata','2010-01-07 00:00:00',NULL,NULL,'Rua Angra dos Reis','171',NULL,'93890-000',NULL,'NOVA HARTZ','RS','BRASIL','171','93890-000',NULL,'NOVA HARTZ','RS','BRASIL','Rua Angra dos Reis','171',NULL,'93890-000',NULL,'NOVA HARTZ','RS','BRASIL',NULL,NULL,0,NULL,NULL,NULL,'(51) 3565-8100','Rua Angra dos Reis',NULL,0,NULL,'LIVRE',NULL,NULL,NULL,NULL,NULL),
 (3918,NULL,'BRITO & CIA LTDA','PIMPOLHO CALÇADOS INFANTIS','PIMPOLHO CALÇADOS INFANTIS','28053601000181','J','080234453',NULL,NULL,'gerprodutos@pimpolho.com.br',NULL,'Lynette','2010-01-11 00:00:00',NULL,NULL,'Rua Valdivino Vieira','153',NULL,'29122-010',NULL,'VILA VELHA','ES','BRASIL','153','29122-010',NULL,'VILA VELHA','ES','BRASIL','Rua Valdivino Vieira','153',NULL,'29122-010',NULL,'VILA VELHA','ES','BRASIL',NULL,NULL,0,NULL,NULL,NULL,'27 9243-1964','Rua Valdivino Vieira',NULL,0,NULL,'LIVRE',NULL,NULL,NULL,NULL,NULL),
 (3919,NULL,'JAIR ANTÔNIO DE OLIVEIRA CALÇADOS EPP','KÉFFOR','KÉFFOR',' 07146487000164','J',' 310.392.057.116',NULL,NULL,' vendas@keffor.com.br',NULL,'Luciana Raimundo da Silva','2010-01-11 00:00:00',NULL,NULL,'Rua Benedito Barbosa','541',NULL,'14402-435',NULL,'FRANCA','SP','BRASIL','541','14402-435',NULL,'FRANCA','SP','BRASIL','Rua Benedito Barbosa','541',NULL,'14402-435',NULL,'FRANCA','SP','BRASIL',NULL,NULL,0,NULL,NULL,NULL,'16-2104-2050','Rua Benedito Barbosa',NULL,0,NULL,'LIVRE',NULL,NULL,NULL,NULL,NULL),
 (3920,NULL,'PÉ COM PÉ CALÇADOS LTDA.','PÉ COM PÉ CALÇADOS LTDA.','PÉ COM PÉ CALÇADOS LTDA.','55541130000123','J','214023506111',NULL,NULL,'simone@pecompe.com.br',NULL,'Simone Kimizuka','2010-01-11 00:00:00',NULL,NULL,'Rua Manoel Cottas de Azevedo','71',NULL,'16203-041',NULL,'BIRIGUI','SP','BRASIL','71','16203-041',NULL,'BIRIGUI','SP','BRASIL','Rua Manoel Cottas de Azevedo','71',NULL,'16203-041',NULL,'BIRIGUI','SP','BRASIL',NULL,NULL,0,NULL,NULL,NULL,'(18) 3643 5500','Rua Manoel Cottas de Azevedo',NULL,0,NULL,'LIVRE',NULL,NULL,NULL,NULL,NULL),
 (3921,NULL,'COOPERSHOES COOP. DE CALÇ. COMP. JOANETENSE LTDA.','CONVERSE ALL STAR',NULL,'02675611000165','J','3880002446',NULL,NULL,'samir@coopershoes.com.br',NULL,'Samir Saueressig','2010-01-11 00:00:00',NULL,NULL,'Rua Vicente Prieto','3581',NULL,'95175-000',NULL,'PICADA CAFÉ','RS','BRASIL','3581','95175-000',NULL,'PICADA CAFÉ','RS','BRASIL','Rua Vicente Prieto','3581',NULL,'95175-000',NULL,'PICADA CAFÉ','RS','BRASIL',NULL,NULL,0,NULL,NULL,NULL,'54-9161395','Rua Vicente Prieto',NULL,0,NULL,'LIVRE',NULL,NULL,NULL,NULL,NULL),
 (3922,NULL,'ELLUS PROPG LTDA','ELLUS PROPG LTDA','ELLUS PROPG LTDA','55644363/0001-51','J','ISENTO',NULL,NULL,'carol.lacorte@2ndfloor.com.br',NULL,'Carol Lacorte','2010-01-11 00:00:00',NULL,NULL,'Rua Solano Trindade','141','Sala 2A','06803-290','EMBU','SÃO PAULOS','SP','BRASIL','141','06803-290','EMBU','SÃO PAULOS','SP','BRASIL','Rua Solano Trindade','141','Sala 2A','06803-290','EMBU','SÃO PAULOS','SP','BRASIL',NULL,NULL,0,NULL,NULL,NULL,'21 86-9175','Rua Solano Trindade','Sala 2A',0,NULL,'LIVRE',NULL,NULL,NULL,NULL,NULL),
 (3923,NULL,'SPRING SHOE INDÚSTRIA E COM. DE CALÇADOS LTDA.','SPRING SHOE INDÚSTRIA E COM. DE CALÇADOS LTDA.','SPRING SHOE INDÚSTRIA E COM. DE CALÇADOS LTDA.','43550995000177','J','108871891111',NULL,NULL,'ricardo@springshoe.com.br',NULL,'Ricardo Storto','2010-01-11 00:00:00',NULL,NULL,'Rua Lopes da Costa','352',NULL,'02279-060',NULL,'SÃO PAULO','SP','BRASIL','352','02279-060',NULL,'SÃO PAULO','SP','BRASIL','Rua Lopes da Costa','352',NULL,'02279-060',NULL,'SÃO PAULO','SP','BRASIL',NULL,NULL,0,NULL,NULL,NULL,'11 22067344','Rua Lopes da Costa',NULL,0,NULL,'LIVRE',NULL,NULL,NULL,NULL,NULL),
 (3924,NULL,'FRANCO GEORGE BIJUTERIAS E ACESSÓRIOS LTDA','FRANCO GEORGE BIJUTERIAS E ACESSÓRIOS LTDA','FRANCO GEORGE BIJUTERIAS E ACESSÓRIOS LTDA','07631782000106','J','7022883900088',NULL,NULL,'comercial@francogeorge.com.br',NULL,'Diego/ Priscila','2010-01-11 00:00:00',NULL,NULL,'Rua Francisca Alves Rabelo','82',NULL,'38408-528',NULL,'UBERLÂNDIA','MG','BRASIL','82','38408-528',NULL,'UBERLÂNDIA','MG','BRASIL','Rua Francisca Alves Rabelo','82',NULL,'38408-528',NULL,'UBERLÂNDIA','MG','BRASIL',NULL,NULL,0,NULL,NULL,NULL,'34 3212 3698','Rua Francisca Alves Rabelo',NULL,0,NULL,'LIVRE',NULL,NULL,NULL,NULL,NULL),
 (3925,NULL,'MITROL COMÉRCIO DE BOLSAS E ACESSÓRIOS LTDA','Mitrol',NULL,'09418232000139','J','148034174117',NULL,NULL,' tianazhu@gmail.com',NULL,'Tiana Zhu','2010-01-11 00:00:00',NULL,NULL,'Rua da Alfândega','200','SUC 009 A',' 03006-030',NULL,'SÃO PAULO','SP','BRASIL','200',' 03006-030',NULL,'SÃO PAULO','SP','BRASIL','Rua da Alfândega','200','SUC 009 A',' 03006-030',NULL,'SÃO PAULO','SP','BRASIL',NULL,NULL,0,NULL,NULL,NULL,'11-93038539','Rua da Alfândega','SUC 009 A',0,NULL,'LIVRE',NULL,NULL,NULL,NULL,NULL),
 (3926,NULL,'VOGUE´S IND. E COM. LTDA','VOGUE´S IND. E COM. LTDA','VOGUE´S IND. E COM. LTDA','03680164000103','J','115493347112',NULL,NULL,'contato@vogues.com.br',NULL,'Ismar S. Teixeira','2010-01-11 00:00:00',NULL,NULL,'Rua Francisco de Almeida Leite','240','A','05158-360',NULL,' SÃO PAULO','SP','BRASIL','240','05158-360',NULL,' SÃO PAULO','SP','BRASIL','Rua Francisco de Almeida Leite','240','A','05158-360',NULL,' SÃO PAULO','SP','BRASIL',NULL,NULL,0,NULL,NULL,NULL,'(11) 3904-4891','Rua Francisco de Almeida Leite','A',0,NULL,'LIVRE',NULL,NULL,NULL,NULL,NULL),
 (3927,NULL,'CALÇADOS PEGADA LTDA.','CALÇADOS PEGADA LTDA.','CALÇADOS PEGADA LTDA.','93104404000106','J','0350012334',NULL,NULL,'patricia@pegada.com.br',NULL,'Patricia','2010-01-11 00:00:00',NULL,NULL,'Av. Florestal','140',NULL,'93950-000',NULL,'DOIS IRMÃOS','RS','BRASIL','140','93950-000',NULL,'DOIS IRMÃOS','RS','BRASIL','Av. Florestal','140',NULL,'93950-000',NULL,'DOIS IRMÃOS','RS','BRASIL',NULL,NULL,0,NULL,NULL,NULL,'51 33932700','Av. Florestal',NULL,0,NULL,'LIVRE',NULL,NULL,NULL,NULL,NULL),
 (3928,NULL,'PACIFIC SHOES IND E COM DE CALÇADOS LTDA','GUILHERMINA',NULL,'02027148000145','J','1310070595',NULL,NULL,' tarso@guilhermina.ind.br',NULL,'TARSO FERNANDO SAUERESSIG','2010-01-11 00:00:00',NULL,NULL,'Rua Major Bento Alves','1802',NULL,'93800-000',NULL,'SAPIRANGA','RS','BRASIL','1802','93800-000',NULL,'SAPIRANGA','RS','BRASIL','Rua Major Bento Alves','1802',NULL,'93800-000',NULL,'SAPIRANGA','RS','BRASIL',NULL,NULL,0,NULL,NULL,NULL,' 51 3599-4290','Rua Major Bento Alves',NULL,0,NULL,'LIVRE',NULL,NULL,NULL,NULL,NULL),
 (3929,NULL,'FERRUCCI & CIA. LTDA.','FERRUCCI','FERRUCCI','50753912000102','J','401005427113',NULL,NULL,'marcelos@ferrucci.com.br',NULL,'MARCELO SOBRINHO','2010-01-18 00:00:00',NULL,NULL,'Av. João Sanzovo','255',NULL,'17206-220',NULL,'JAÚ','SP','BRASIL','255','17206-220',NULL,'JAÚ','SP','BRASIL','Av. João Sanzovo','255',NULL,'17206-220',NULL,'JAÚ','SP','BRASIL',NULL,NULL,NULL,NULL,NULL,NULL,'14-2104-3000','Av. João Sanzovo',NULL,0,NULL,'LIVRE',NULL,NULL,NULL,NULL,NULL),
 (3930,NULL,'CALÇADOS SAMELLO S.A.','SAMELLO','SAMELLO','47954581000164','J','310000414116',NULL,NULL,'aurea@samello.com.br',NULL,' Áurea Cristina Soares Piacentini','2010-01-20 00:00:00',NULL,NULL,'Rua General Osório','845',NULL,'14405-900',NULL,'FRANCA','SP','BRASIL','845','14405-900',NULL,'FRANCA','SP','BRASIL','Rua General Osório','845',NULL,'14405-900',NULL,'FRANCA','SP','BRASIL',NULL,NULL,NULL,NULL,NULL,NULL,'16-3711 2610','Rua General Osório',NULL,0,NULL,'LIVRE',NULL,NULL,NULL,NULL,NULL),
 (3931,NULL,'TESTA FATTA IND. E COM. DE BOLSAS LTDA.','MENFIS','MENFIS','07293275000100','J','0420050299',NULL,NULL,'schwenck@menfis.com.br',NULL,'Rafael Schwenck','2010-01-20 00:00:00',NULL,NULL,'Rua Tobias Barreto,','185',NULL,'93600000',NULL,'ESTÂNCIA VELHA','RS','BRASIL','185','93600000',NULL,'ESTÂNCIA VELHA','RS','BRASIL','Rua Tobias Barreto,','185',NULL,'93600000',NULL,'ESTÂNCIA VELHA','RS','BRASIL',NULL,NULL,NULL,NULL,NULL,NULL,'51-78146089','Rua Tobias Barreto,',NULL,0,NULL,'LIVRE',NULL,NULL,NULL,NULL,NULL),
 (3932,NULL,'CAMBUCI S/A','STADIUM','STADIUM','61088894/0008-84','J','653010229118',NULL,NULL,'felipe.estefano@stadiumsports.com.br',NULL,'Felipe Estefano','2010-01-20 00:00:00',NULL,NULL,'Av. Getúlio Vargas','930',NULL,'18130430',NULL,'SÃO ROQUE','SP','BRASIL','930','18130430',NULL,'SÃO ROQUE','SP','BRASIL','Av. Getúlio Vargas','930',NULL,'18130430',NULL,'SÃO ROQUE','SP','BRASIL',NULL,NULL,NULL,NULL,NULL,NULL,'11 99524091','Av. Getúlio Vargas',NULL,0,NULL,'LIVRE',NULL,NULL,NULL,NULL,NULL),
 (3933,NULL,'CORDEZ COM. IND. IMP. E EXP. DE BOLSAS LTDA.','CORDEZ COM. IND. IMP. E EXP. DE BOLSAS LTDA.','CORDEZ COM. IND. IMP. E EXP. DE BOLSAS LTDA.','07067447000127','J','117095250114',NULL,NULL,'mariana@cordez.com.br',NULL,'Mariana','2010-01-20 00:00:00',NULL,NULL,'Rua Zacarias de Góis','1661',NULL,'04610-005',NULL,'SÃO PAULO','SP','BRASIL','1661','04610-005',NULL,'SÃO PAULO','SP','BRASIL','Rua Zacarias de Góis','1661',NULL,'04610-005',NULL,'SÃO PAULO','SP','BRASIL',NULL,NULL,NULL,NULL,NULL,NULL,'(11) 55341010','Rua Zacarias de Góis',NULL,0,NULL,'LIVRE',NULL,NULL,NULL,NULL,NULL),
 (3934,NULL,'RAFARILLO INDÚSTRIA DE CALÇADOS LTDA.','RAFARILLO INDÚSTRIA DE CALÇADOS LTDA.','RAFARILLO INDÚSTRIA DE CALÇADOS LTDA.','65573776000146','J','310149792116',NULL,NULL,'ronilson@rafarillo.com.br',NULL,'Ronilson Andrade','2010-01-20 00:00:00',NULL,NULL,'Rua Coronel Tamarindo','2435',NULL,'14405-140',NULL,'FRANCA','SP','BRASIL','2435','14405-140',NULL,'FRANCA','SP','BRASIL','Rua Coronel Tamarindo','2435',NULL,'14405-140',NULL,'FRANCA','SP','BRASIL',NULL,NULL,NULL,NULL,NULL,NULL,'16 9223 4213','Rua Coronel Tamarindo',NULL,0,NULL,'LIVRE',NULL,NULL,NULL,NULL,NULL),
 (3935,NULL,'ORTHO PAUHER IND. E COM. DIST. LTDA','ACTION SPORTS','ACTION SPORTS','01123973000261','J','116802496117',NULL,NULL,'secretaria_mp@orthopauher.com',NULL,'Yury','2010-01-20 00:00:00',NULL,NULL,'R. Afonso Celso','1581',NULL,'04119-062',NULL,'SÃO PAULO','SP','BRASIL','1581','04119-062',NULL,'SÃO PAULO','SP','BRASIL','R. Afonso Celso','1581',NULL,'04119-062',NULL,'SÃO PAULO','SP','BRASIL',NULL,NULL,NULL,NULL,NULL,NULL,'11 5071-0800','R. Afonso Celso',NULL,0,NULL,'LIVRE',NULL,NULL,NULL,NULL,NULL),
 (3936,NULL,'AREZZO INDUSTRIA E COMERCIO S/A','AREZZO INDUSTRIA E COMERCIO S/A','AREZZO INDUSTRIA E COMERCIO S/A','16.590.234/0019-03','J','148.312.494-110','7674.4631',NULL,'ticiana.soares@arezzo.com.br',NULL,'Maria Ticiana da Nobrega Soares','2010-01-20 00:00:00',NULL,NULL,'Av. São Leopoldo','3490','SALA 201','93700-000',NULL,'CAMPO BOM','RS','BRASIL','615','04547-002',NULL,'SAO PAULO','SP','BRASIL','Rua Gomes de Carvalho','615',NULL,'04547-002',NULL,'SÃO PAULO','SP','BRASIL',NULL,NULL,NULL,NULL,NULL,NULL,'(11) 3045.9077','Rua Gomes de Carvalho',NULL,0,NULL,'LIVRE',NULL,NULL,NULL,NULL,NULL),
 (3937,NULL,'LASKANI IMPORTADORA LTDA','LASKANI IMPORTADORA LTDA','LASKANI IMPORTADORA LTDA','66630096000180','J','113111492119',NULL,NULL,'marketing@laskani.com.br',NULL,'Joana','2010-01-20 00:00:00',NULL,NULL,'Rua Comendador Abdo Schahin','166',NULL,'01023-050',NULL,'SÃO PAULOS','SP','BRASIL','166','01023-050',NULL,'SÃO PAULOS','SP','BRASIL','Rua Comendador Abdo Schahin','166',NULL,'01023-050',NULL,'SÃO PAULOS','SP','BRASIL',NULL,NULL,NULL,NULL,NULL,NULL,'(11) 2823 8888','Rua Comendador Abdo Schahin',NULL,0,NULL,'LIVRE',NULL,NULL,NULL,NULL,NULL),
 (3938,NULL,'FTG COMERCIO DE ACESSORIOS AUTOMOTIVOS,ELETRO-ELETRONICOS E ESPORTIVOS LTDA.','FTG','FTG','07116608000125','J','117063882113',NULL,NULL,'fabio.mendes@ftg.com.br',NULL,'FABIO','2010-01-20 00:00:00',NULL,NULL,'RUA DR. MOISES KAHAN','191',NULL,'01139-040','BARRA FUNDA','SÃO PAULO','SP','BRASIL','191','01139-040','BARRA FUNDA','SÃO PAULO','SP','BRASIL','RUA DR. MOISES KAHAN','191',NULL,'01139-040','BARRA FUNDA','SÃO PAULO','SP','BRASIL',NULL,NULL,NULL,NULL,NULL,NULL,'3767-3492','RUA DR. MOISES KAHAN',NULL,0,NULL,'LIVRE',NULL,NULL,NULL,NULL,NULL),
 (3939,NULL,'ZOTTO CALÇADOS LTDA.','ZOTTO CALÇADOS LTDA.','ZOTTO CALÇADOS LTDA.','86386760000102','J','4528765190033',NULL,NULL,' pedidos@zotto.com.br',NULL,'ADELAINE','2010-01-20 00:00:00',NULL,NULL,'Rua Genésio Militão dos Reis','572',NULL,'35519-000',NULL,'NOVA SERRANA','MG','BRASIL','572','35519-000',NULL,'NOVA SERRANA','MG','BRASIL','Rua Genésio Militão dos Reis','572',NULL,'35519-000',NULL,'NOVA SERRANA','MG','BRASIL',NULL,NULL,NULL,NULL,NULL,NULL,'37-9999-3300','Rua Genésio Militão dos Reis',NULL,0,NULL,'LIVRE',NULL,NULL,NULL,NULL,NULL),
 (3940,NULL,'BANDERART IND. TÊXTIL LTDA.','BANDERART','BANDERART','60717469000178','J','379019499118',NULL,NULL,'daniela@banderart.com.br',NULL,'Daniela','2010-01-20 00:00:00',NULL,NULL,'Av. Registro','301',NULL,'08582-540',NULL,'ITAQUAQUECETUBA','SP','BRASIL','301','08582-540',NULL,'ITAQUAQUECETUBA','SP','BRASIL','Av. Registro','301',NULL,'08582-540',NULL,'ITAQUAQUECETUBA','SP','BRASIL',NULL,NULL,NULL,NULL,NULL,NULL,'011 46463300','Av. Registro',NULL,0,NULL,'LIVRE',NULL,NULL,NULL,NULL,NULL),
 (3941,NULL,'DEMOCRATA CALÇADOS E ARTEFATOS DE COURO LTDA.','DEMOCRATA','DEMOCRATA','52241635000184','J','310064193111',NULL,NULL,'priscila@democrata.com.br',NULL,'Priscila Scott','2010-01-20 00:00:00',NULL,NULL,'Av. Wilson Sábio de Melo','2750',NULL,'14406-052',NULL,'FRANCA','SP','BRASIL','2750','14406-052',NULL,'FRANCA','SP','BRASIL','Av. Wilson Sábio de Melo','2750',NULL,'14406-052',NULL,'FRANCA','SP','BRASIL',NULL,NULL,NULL,NULL,NULL,NULL,'(16) 3712-3500','Av. Wilson Sábio de Melo',NULL,0,NULL,'LIVRE',NULL,NULL,NULL,NULL,NULL),
 (3942,NULL,'CLAUDINA INDÚSTRIA DE CALÇADOS LTDA.','CLAUDINA','CLAUDINA','50758762000120','J','401006752111',NULL,NULL,'leonardo@claudina.com.br',NULL,'Leonardo C. Tumolo','2010-01-20 00:00:00',NULL,NULL,'Rua Saldanha Marinho','1940',NULL,'17205-130',NULL,'JAÚ','SP','BRASIL','1940','17205-130',NULL,'JAÚ','SP','BRASIL','Rua Saldanha Marinho','1940',NULL,'17205-130',NULL,'JAÚ','SP','BRASIL',NULL,NULL,NULL,NULL,NULL,NULL,'14 3602 1033','Rua Saldanha Marinho',NULL,0,NULL,'LIVRE',NULL,NULL,NULL,NULL,NULL),
 (3943,NULL,'SERVIÇO DE APOIO ÀS MICRO E PEQUENAS EMPRESAS','SEBRAE','SEBRAE','09139551/0001-05','J','Isento',NULL,NULL,'erickav@sebraepb.com.br',NULL,'Ericka vasconcelos Albuquerque','2010-01-20 00:00:00',NULL,NULL,'AV. MARANHÃO','983',NULL,'58030-261',NULL,'JOÃO PESSOA','PB','BRASIL','983','58030-261',NULL,'JOÃO PESSOA','PB','BRASIL','AV. MARANHÃO','983',NULL,'58030-261',NULL,'JOÃO PESSOA','PB','BRASIL',NULL,NULL,NULL,NULL,NULL,NULL,'(83)9152-3252','AV. MARANHÃO',NULL,0,NULL,'LIVRE',NULL,NULL,NULL,NULL,NULL),
 (3944,NULL,'WEILL INDÚSTRIA E COMÉRCIO LTDA','BONTON','BONTON','63024731/0001-97','J','671075940113',NULL,NULL,'pweill@bonton.com.br',NULL,'PAULO','2010-01-22 00:00:00',NULL,NULL,'AV. SAO JUDAS TADEU','336',NULL,'13180570',NULL,'SUMARÉ','SP','BRASIL','336','13180570',NULL,'SUMARÉ','SP','BRASIL','AV. SAO JUDAS TADEU','336',NULL,'13180570',NULL,'SUMARÉ','SP','BRASIL',NULL,NULL,NULL,NULL,NULL,NULL,'19 3864-2912','AV. SAO JUDAS TADEU',NULL,0,NULL,'LIVRE',NULL,NULL,NULL,NULL,NULL),
 (3945,NULL,'ASSOC.BRAS.DOS ATADISTAS E DISTRIBUIDORES','ABRADIC','ABRADIC','11121039000183','J','ISENTO',NULL,NULL,'lucacosmo@ig.com.br',NULL,'LUIZ','2010-01-22 00:00:00',NULL,NULL,'RUA CAVALHEIRO','187','B','03050010','BRAS','SÃO PAULO','SP','BRASIL','187','03050010','BRAS','SÃO PAULO','SP','BRASIL','RUA CAVALHEIRO','187','B','03050010','BRAS','SÃO PAULO','SP','BRASIL',NULL,NULL,NULL,NULL,NULL,NULL,'11 22924144','RUA CAVALHEIRO','B',0,NULL,'LIVRE',NULL,NULL,NULL,NULL,NULL),
 (3946,NULL,'ASSOC. DOS LOJ. POLO MODA SHOP. DE PONTA ENTREGA','MEGA POLO MODA','MEGA POLO MODA','69262822000147','J','ISENTO',NULL,NULL,'viviane@megapolomoda.com',NULL,'VIVIANE','2010-01-22 00:00:00',NULL,NULL,'RUA JULIO RIBEIRO','243',NULL,'03010000',NULL,'SAO PAULO','SP','BRASIL','243','03010000',NULL,'SAO PAULO','SP','BRASIL','RUA JULIO RIBEIRO','243',NULL,'03010000',NULL,'SAO PAULO','SP','BRASIL',NULL,NULL,NULL,NULL,NULL,NULL,'33112800','RUA JULIO RIBEIRO',NULL,0,NULL,'LIVRE',NULL,NULL,NULL,NULL,NULL),
 (3947,NULL,'CALÇADOS SATRYANI LTDA','SATRYANI','SATRYANI','04632137000110','J','1210087439',NULL,NULL,'comercial@satryani.com.br',NULL,'GISELE','2010-01-22 00:00:00',NULL,NULL,'RUA LIBERATO SALZANO VIEIRA DA CUNHA','314',NULL,'93800000','SAO LIZ','SAPIRANGA','RS','BRASIL','314','93800000','SAO LIZ','SAPIRANGA','RS','BRASIL','RUA LIBERATO SALZANO VIEIRA DA CUNHA','314',NULL,'93800000','SAO LIZ','SAPIRANGA','RS','BRASIL',NULL,NULL,NULL,NULL,NULL,NULL,'51 3599-3166','RUA LIBERATO SALZANO VIEIRA DA CUNHA',NULL,0,NULL,'LIVRE',NULL,NULL,NULL,NULL,NULL),
 (3948,NULL,'BELLATRIX IND.  COM. IMP. E EXP. LTDA','TARGUS BRASIL',NULL,'64740853000248','J','0010171390067',NULL,NULL,'mkt@anovati.com.br',NULL,'ERICA','2010-01-22 00:00:00',NULL,NULL,'ALAMEDA SANTOS','336','1 ANDAR','014118000',NULL,'SAO PAULO','SP','BRASIL','336','014118000',NULL,'SAO PAULO','SP','BRASIL','ALAMEDA SANTOS','336','1 ANDAR','014118000',NULL,'SAO PAULO','SP','BRASIL',NULL,NULL,NULL,NULL,NULL,NULL,'11 3284-9091','ALAMEDA SANTOS','1 ANDAR',0,NULL,'LIVRE',NULL,NULL,NULL,NULL,NULL),
 (3949,NULL,'SUGAR SHOES LTDA','SUGAR SHOES LTDA','SUGAR SHOES LTDA','04098591000132','J','3880004287',NULL,NULL,'cassia.teixeira@joaneta.com.br',NULL,'CASSIA','2010-01-22 00:00:00',NULL,NULL,'RUA VICENTE PRIETO','3599','FUNDOS','95175000',NULL,'PICADA CAFÉ','RS','BRASIL','3599','95175000',NULL,'PICADA CAFÉ','RS','BRASIL','RUA VICENTE PRIETO','3599','FUNDOS','95175000',NULL,'PICADA CAFÉ','RS','BRASIL',NULL,NULL,NULL,NULL,NULL,NULL,'54 3285-2030','RUA VICENTE PRIETO','FUNDOS',0,NULL,'LIVRE',NULL,NULL,NULL,NULL,NULL),
 (3950,NULL,'SINDICATO DAS IND. DE CALÇADOS DE CRICIUMA','SINDICAL','SINDICAL','75567289000124','J',NULL,NULL,NULL,'santosconsultor@yahoo.com.br',NULL,'ALDO','2010-01-22 00:00:00',NULL,NULL,'RUA 15 DE NOVEMBRO','205',NULL,'88801140','CENTRO','CRICIUMA','SC','BRASIL','205','88801140','CENTRO','CRICIUMA','SC','BRASIL','RUA 15 DE NOVEMBRO','205',NULL,'88801140','CENTRO','CRICIUMA','SC','BRASIL',NULL,NULL,NULL,NULL,NULL,NULL,'48 3533-1341','RUA 15 DE NOVEMBRO',NULL,0,NULL,'LIVRE',NULL,NULL,NULL,NULL,NULL),
 (3951,NULL,'IND. DE CALÇADOS VIVO LTDA','TERRA & AGUA','TERRA & AGUA','08909818000133','J','0450081915',NULL,NULL,'miucha@terraeagua.net',NULL,'MARILIA','2010-01-22 00:00:00',NULL,NULL,'RUA JAIME ROSSIER','196',NULL,'95180000',NULL,'FARROUPILHA','RS','BRASIL','196','95180000',NULL,'FARROUPILHA','RS','BRASIL','RUA JAIME ROSSIER','196',NULL,'95180000',NULL,'FARROUPILHA','RS','BRASIL',NULL,NULL,NULL,NULL,NULL,NULL,'54 2109-8400','RUA JAIME ROSSIER',NULL,0,NULL,'LIVRE',NULL,NULL,NULL,NULL,NULL),
 (3953,NULL,'SETCERGS','SETCERGS','SETCERGS',NULL,'F',NULL,NULL,NULL,NULL,NULL,NULL,'2010-01-27 00:00:00',NULL,NULL,NULL,NULL,NULL,NULL,NULL,NULL,NULL,NULL,NULL,NULL,NULL,NULL,NULL,NULL,NULL,NULL,NULL,NULL,NULL,NULL,NULL,NULL,NULL,NULL,NULL,NULL,NULL,NULL,NULL,NULL,NULL,0,NULL,'LIVRE',NULL,NULL,NULL,NULL,NULL),
 (3954,NULL,'QUALITE','QUALITE','QUALITE',NULL,'F',NULL,NULL,NULL,NULL,NULL,NULL,'2010-01-27 00:00:00',NULL,NULL,NULL,NULL,NULL,NULL,NULL,NULL,NULL,NULL,NULL,NULL,NULL,NULL,NULL,NULL,NULL,NULL,NULL,NULL,NULL,NULL,NULL,NULL,NULL,NULL,NULL,NULL,NULL,NULL,NULL,NULL,NULL,0,NULL,'LIVRE',NULL,NULL,NULL,NULL,NULL),
 (3955,NULL,'HOSPITALAR FEIRAS CONGRESSOS E EMPREENDIMENTOS LTDA','HOSPITALAR FEIRAS CONGRESSOS E EMPREENDIMENTOS LTDA','HOSPITALAR FEIRAS CONGRESSOS E EMPREENDIMENTOS LTDA','69.205.805/0001-78','J',NULL,NULL,NULL,NULL,NULL,NULL,'2010-01-27 00:00:00',NULL,NULL,'R PDE JOAO MANUEL','923','CONJ 63','01411-001','CERQUEIRA CESAR','SAO PAULO','SP','BRASIL','923','01411-001','CERQUEIRA CESAR','SAO PAULO','SP','BRASIL','R PDE JOAO MANUEL','923','CONJ 63','01411-001','CERQUEIRA CESAR','SAO PAULO','SP','BRASIL',NULL,NULL,NULL,NULL,NULL,NULL,NULL,'R PDE JOAO MANUEL','CONJ 63',0,NULL,'LIVRE',NULL,NULL,NULL,NULL,NULL),
 (3956,NULL,'INTERMODAL ORGANIZAÇÃO DE EVENTOS S.A',NULL,NULL,'08.171.358/0001-99','J','ISENTA',NULL,NULL,'enunes@ubmbrasil.com.br',NULL,'ELIANE NUNES','2010-01-29 00:00:00',NULL,NULL,'Al. Tocantins','75','14 andar- sala 1403','06455-020','ALPHAVILLE','BARUERI','SP','BRASIL','75','06455-020','ALPHAVILLE','BARUERI','SP','BRASIL','Al. Tocantins','75','14 andar- sala 1403','06455-020','ALPHAVILLE','BARUERI','SP','BRASIL',NULL,NULL,NULL,NULL,NULL,NULL,'11 46891935','Al. Tocantins','14 andar- sala 1403',0,NULL,'LIVRE',NULL,NULL,NULL,NULL,NULL),
 (3958,NULL,'UNIAO BRASILEIRA DOS PROMOTORES DE FEIRA','UBRAFE','UBRAFE',NULL,'F',NULL,NULL,NULL,NULL,NULL,NULL,'2010-02-03 00:00:00',NULL,NULL,NULL,NULL,NULL,NULL,NULL,NULL,NULL,NULL,NULL,NULL,NULL,NULL,NULL,NULL,NULL,NULL,NULL,NULL,NULL,NULL,NULL,NULL,NULL,NULL,NULL,NULL,NULL,NULL,NULL,NULL,NULL,0,NULL,'LIVRE',NULL,NULL,NULL,NULL,NULL),
 (3959,NULL,'SINDIPROM SIND EMPR PROM ORG MON FEIRAS CONG EV EST SAO PAULO','SINDIPROM','SINDIPROM',NULL,'F',NULL,NULL,NULL,NULL,NULL,NULL,'2010-02-03 00:00:00',NULL,NULL,NULL,NULL,NULL,NULL,NULL,NULL,NULL,NULL,NULL,NULL,NULL,NULL,NULL,NULL,NULL,NULL,NULL,NULL,NULL,NULL,NULL,NULL,NULL,NULL,NULL,NULL,NULL,NULL,NULL,NULL,NULL,0,NULL,'LIVRE',NULL,NULL,NULL,NULL,NULL),
 (3960,NULL,'JUSSARA FUCHS BRUNET DE SOUZA','JUSSARA FUCHS BRUNET DE SOUZA','JUSSARA FUCHS BRUNET DE SOUZA',NULL,'F',NULL,NULL,NULL,NULL,NULL,NULL,'2010-02-03 00:00:00',NULL,NULL,NULL,NULL,NULL,NULL,NULL,NULL,NULL,NULL,NULL,NULL,NULL,NULL,NULL,NULL,NULL,NULL,NULL,NULL,NULL,NULL,NULL,NULL,NULL,NULL,NULL,NULL,NULL,NULL,NULL,NULL,NULL,0,NULL,'LIVRE',NULL,NULL,NULL,NULL,NULL),
 (3961,NULL,'VALERIA ISABEL BASTOS DE SOUZA','VALERIA ISABEL BASTOS DE SOUZA','VALERIA ISABEL BASTOS DE SOUZA',NULL,'F',NULL,NULL,NULL,NULL,NULL,NULL,'2010-02-03 00:00:00',NULL,NULL,NULL,NULL,NULL,NULL,NULL,NULL,NULL,NULL,NULL,NULL,NULL,NULL,NULL,NULL,NULL,NULL,NULL,NULL,NULL,NULL,NULL,NULL,NULL,NULL,NULL,NULL,NULL,NULL,NULL,NULL,NULL,0,NULL,'LIVRE',NULL,NULL,NULL,NULL,NULL),
 (3962,NULL,'INSTITUTO DE ESTUDOS ECONOMICOS','IEE','IEE',NULL,'F',NULL,NULL,NULL,NULL,NULL,NULL,'2010-02-09 00:00:00',NULL,NULL,NULL,NULL,NULL,NULL,NULL,NULL,NULL,NULL,NULL,NULL,NULL,NULL,NULL,NULL,NULL,NULL,NULL,NULL,NULL,NULL,NULL,NULL,NULL,NULL,NULL,NULL,NULL,NULL,NULL,NULL,NULL,0,NULL,'LIVRE',NULL,NULL,NULL,NULL,NULL),
 (3963,NULL,'EDITORA ABRIL S/A','EDITORA ABRIL','EDITORA ABRIL',NULL,'F',NULL,NULL,NULL,NULL,NULL,NULL,'2010-02-09 00:00:00',NULL,NULL,NULL,NULL,NULL,NULL,NULL,NULL,NULL,NULL,NULL,NULL,NULL,NULL,NULL,NULL,NULL,NULL,NULL,NULL,NULL,NULL,NULL,NULL,NULL,NULL,NULL,NULL,NULL,NULL,NULL,NULL,NULL,0,NULL,'LIVRE',NULL,NULL,NULL,NULL,NULL),
 (3964,NULL,'CONSULADO DA BÉLGICA - EXPORT VLAANDEREN','FLANDERS PORT AREA BELGICA','FLANDERS PORT AREA BELGICA','03915552000118','J','isenta',NULL,'+55 11 3141-0993','saopaulo@fitagency.com',NULL,'Mieke Pynnaert','2010-02-10 00:00:00',NULL,NULL,'AL SANTOS','705','cj 27','01419001','CERQUEIRA CESAR','SÃO PAULO','SP','BRASIL','705','01419001','CERQUEIRA CESAR','SÃO PAULO','SP','BRASIL','AL SANTOS','705','cj 27','01419001','CERQUEIRA CESAR','SÃO PAULO','SP','BRASIL',NULL,NULL,NULL,NULL,NULL,NULL,'+55 11 3141 1353','AL SANTOS','cj 27',0,NULL,'LIVRE',NULL,NULL,NULL,NULL,NULL),
 (3966,NULL,'ALLINK TRANSP. INTERNACIONAIS LTDA','ALLINK TRANSP. INTERNACIONAIS LTDA','ALLINK TRANSP. INTERNACIONAIS LTDA','86846847000107','J','ISENTO',NULL,NULL,'leandro.oliveira@allink.com.br',NULL,'LEANDRO VINICIUS MARTINHO DE OLIVEIRA','2010-02-10 00:00:00',NULL,NULL,'AV. IBIRAPUERA','2033','1 AND CJ 12','04029100','MOEMA','SÃO PAULO','SP','BRASIL','2033','04029100','MOEMA','SÃO PAULO','SP','BRASIL','AV. IBIRAPUERA','2033','1 AND CJ 12','04029100','MOEMA','SÃO PAULO','SP','BRASIL',NULL,NULL,NULL,NULL,NULL,NULL,'11 5054-7595','AV. IBIRAPUERA','1 AND CJ 12',0,NULL,'LIVRE',NULL,NULL,NULL,NULL,NULL),
 (3967,NULL,'GELOG - LOCAÇÕES E TRANSPORTES LTDA.','GELOG TRANSPORTES','GELOG TRANSPORTES','05457125000169','J','6336965817110',NULL,NULL,'samaravoss@gelogtransportes.com.br',NULL,'Samara Voss','2010-02-10 00:00:00',NULL,NULL,'AV ALFREDO DAS NEVES','1602',NULL,'11095510','ALEMOA','SANTOS','SP','BRASIL','1602','11095510','ALEMOA','SANTOS','SP','BRASIL','AV ALFREDO DAS NEVES','1602',NULL,'11095510','ALEMOA','SANTOS','SP','BRASIL',NULL,NULL,NULL,NULL,NULL,NULL,'13 78083990','AV ALFREDO DAS NEVES',NULL,0,NULL,'LIVRE',NULL,NULL,NULL,NULL,NULL),
 (3968,NULL,'DHL DANZAS AIR & OCEAN','DHL GLOBAL FORWARDING','DHL GLOBAL FORWARDING','02836056000106','J','116602558115',NULL,NULL,'leticia.denadai@dhl.com',NULL,'Maria Letícia de Nadai','2010-02-10 00:00:00',NULL,NULL,'R. JACERÚ','151','3 AND','04705000','BROOKLIN','SÃO PAULO','SP','BRASIL','151','04705000','BROOKLIN','SÃO PAULO','SP','BRASIL','R. JACERÚ','151','3 AND','04705000','BROOKLIN','SÃO PAULO','SP','BRASIL',NULL,NULL,NULL,NULL,NULL,NULL,'5042-5717','R. JACERÚ','3 AND',0,NULL,'LIVRE',NULL,NULL,NULL,NULL,NULL),
 (3969,NULL,'VOPAK BRASIL S/A','VOPAK BRASIL','VOPAK BRASIL','44167450000149','J','633126383119',NULL,NULL,'vivian.iglesias@vopak.com',NULL,'Vivian Iglesias','2010-02-10 00:00:00',NULL,NULL,'AV. VER. ALFREDO DAS NEVES','1055',NULL,'11095510','ALEMOA','Santos','SC','BRASIL','1055','11095510','ALEMOA','Santos','SC','BRASIL','AV. VER. ALFREDO DAS NEVES','1055',NULL,'11095510','ALEMOA','Santos','SC','BRASIL',NULL,NULL,NULL,NULL,NULL,NULL,'13 3295 1003','AV. VER. ALFREDO DAS NEVES',NULL,0,NULL,'LIVRE',NULL,NULL,NULL,NULL,NULL),
 (3970,NULL,'BBC DO BRASIL LTDA','BBC DO BRASIL','BBC DO BRASIL','05289402000171','J','ISENTO','11 81113102',NULL,'renia.schmidt@bbc-chartering.com',NULL,'Renia Schmidt','2010-02-10 00:00:00',NULL,NULL,'AV RIO BRANCO','39',' SL. 501','20090003',NULL,'RIO DE JANEIRO','RJ','BRASIL','39','20090003',NULL,'RIO DE JANEIRO','RJ','BRASIL','AV RIO BRANCO','39',' SL. 501','20090003',NULL,'RIO DE JANEIRO','RJ','BRASIL',NULL,NULL,NULL,NULL,NULL,NULL,'11 55427446','AV RIO BRANCO',' SL. 501',0,NULL,'LIVRE',NULL,NULL,NULL,NULL,NULL),
 (3971,NULL,'NACCO MATERIALS HANDLING GRO\'UP BRASIL LTDA.','HYSTER','HYSTER','57014896000185','J','100069891117',NULL,NULL,'rosemeire.sampaio@nmhg.com',NULL,'Rosemeire Sampaio','2010-02-10 00:00:00',NULL,NULL,'Avenida das Nações Unidas','22777',NULL,'04795100','Jurubatuba','SÃO PAULO','SP','BRASIL','22777','04795100','Jurubatuba','SÃO PAULO','SP','BRASIL','Avenida das Nações Unidas','22777',NULL,'04795100','Jurubatuba','SÃO PAULO','SP','BRASIL',NULL,NULL,NULL,NULL,NULL,NULL,'11 5683 8527','Avenida das Nações Unidas',NULL,0,NULL,'LIVRE',NULL,NULL,NULL,NULL,NULL),
 (3972,NULL,'CONSELHO REGIONAL DE ENFERMAGEM DE SAO PAULO','COREN - SP','COREN - SP','44.413.680/0001-40','J',NULL,NULL,NULL,NULL,NULL,NULL,'2010-02-12 00:00:00',NULL,NULL,'AL. RIBEIRAO PRETO','82',NULL,'01331000','BELA VISTA','SAO PAULO','SP','BRASIL','82','01331000','BELA VISTA','SAO PAULO','SP','BRASIL','AL. RIBEIRAO PRETO','82',NULL,'01331000','BELA VISTA','SAO PAULO','SP','BRASIL',NULL,NULL,NULL,NULL,NULL,NULL,NULL,'AL. RIBEIRAO PRETO',NULL,0,NULL,'LIVRE',NULL,NULL,NULL,NULL,NULL),
 (3973,NULL,'DEBRITO PROPAGANGA LTDA','DEBRITO PROPAGANGA LTDA','DEBRITO PROPAGANGA LTDA','00.000.424/0001-56','J',NULL,NULL,'(11) 3897-7445','wesley@debrito.com.br','www.debrito.com.br','Wesley - Atendimento','2010-02-12 00:00:00',NULL,NULL,'R. FIDENCIO RAMOS','223','1 ANDAR','04551010','VILA OLIMPIA','SAO PAULO','SP','BRASIL','223','04551010','VILA OLIMPIA','SAO PAULO','SP','BRASIL','R. FIDENCIO RAMOS','223','1 ANDAR','04551010','VILA OLIMPIA','SAO PAULO','SP','BRASIL',NULL,NULL,NULL,NULL,NULL,NULL,'(11) 3897-7444','R. FIDENCIO RAMOS','1 ANDAR',0,NULL,'LIVRE',NULL,NULL,NULL,NULL,NULL),
 (3974,NULL,'INTERMODAL ORGANIZAÇÃO DE EVENTOS S.A','INTERMODAL','INTERMODAL','08.171.358/0001-99','J','ISENTA',NULL,NULL,'enunes@ubmbrazil.com.br',NULL,'Eliane Nunes','2010-02-12 00:00:00',NULL,NULL,'AL. TOCANTINS','75','14° ANDAR/SL 1403','06455020','ALPHAVILLE','BARUERI','SP','BRASIL','75','06455020','ALPHAVILLE','BARUERI','SP','BRASIL','AL. TOCANTINS','75','14° ANDAR/SL 1403','06455020','ALPHAVILLE','BARUERI','SP','BRASIL',NULL,NULL,NULL,NULL,NULL,NULL,'11 4689-1935','AL. TOCANTINS','14° ANDAR/SL 1403',0,NULL,'LIVRE',NULL,NULL,NULL,NULL,NULL),
 (3975,NULL,'MAIRIBEL COSMÉTICOS LTDA.','MAIRIBEL COSMÉTICOS LTDA.','MAIRIBEL COSMÉTICOS LTDA.','01949586000106','J','187.090.346.118',NULL,NULL,'hevellinag@hotmail.com',NULL,'Hévellin Barbosa','2010-02-22 00:00:00',NULL,NULL,'Rua Humberto Rossetti','91',NULL,'13160-000',NULL,'ARTUR NOGUEIRA','SP','Brasil','91','13160-000',NULL,'ARTUR NOGUEIRA','SP','Brasil','Rua Humberto Rossetti','91',NULL,'13160-000',NULL,'ARTUR NOGUEIRA','SP','Brasil',NULL,NULL,NULL,NULL,NULL,NULL,'19-3827-3335','Rua Humberto Rossetti',NULL,0,NULL,'LIVRE',NULL,NULL,NULL,NULL,NULL),
 (3976,NULL,'ZÍNIA COM. DE PRODUTOS COSMÉTICOS LTDA. ME',' ZÍNIA COSMÉTICOS',' ZÍNIA COSMÉTICOS','09089150000198','J','49820243117',NULL,NULL,'adriana@ziniacosmeticos.com.br',NULL,NULL,'2010-02-22 00:00:00',NULL,NULL,' Av. Paula Ferreira','57',NULL,'02915-000',NULL,' SÃO PAULO','SP','BRASIL','57','02915-000',NULL,' SÃO PAULO','SP','BRASIL',' Av. Paula Ferreira','57',NULL,'02915-000',NULL,' SÃO PAULO','SP','BRASIL',NULL,NULL,NULL,NULL,NULL,NULL,'11 3932-7283',' Av. Paula Ferreira',NULL,0,NULL,'LIVRE',NULL,NULL,NULL,NULL,NULL),
 (3977,NULL,'ZAP COSMÉTICO IND. E COM. LTDA. ME','ZAP COSMÉTICOS','ZAP COSMÉTICOS','04310625000100','J','295059960112',NULL,NULL,'thalita@zapcosmeticos.com.br',NULL,'Thalita Freiria Moraes','2010-02-22 00:00:00',NULL,NULL,'Av. Santiago Fernandes','214',NULL,'19830-000',NULL,'ECHAPORÃ','SP','BRASIL','214','19830-000',NULL,'ECHAPORÃ','SP','BRASIL','Av. Santiago Fernandes','214',NULL,'19830-000',NULL,'ECHAPORÃ','SP','BRASIL',NULL,NULL,NULL,NULL,NULL,NULL,'18-9727-1993','Av. Santiago Fernandes',NULL,0,NULL,'LIVRE',NULL,NULL,NULL,NULL,NULL),
 (3978,NULL,'MAXIBRASIL INDÚSTRIA DE COSMÉTICOS LTDA.','MAXIBRASIL INDÚSTRIA DE COSMÉTICOS LTDA.','MAXIBRASIL INDÚSTRIA DE COSMÉTICOS LTDA.','04151474000195','J','0621164730089',NULL,NULL,'DESENVOLVIMENTO@MAXIBRASIL.COM.BR',NULL,'JULIANA DE MASI','2010-02-22 00:00:00',NULL,NULL,'Rua Leopoldino de Oliveira','671',NULL,'31230-540',NULL,'BELO HORIZONTE','MG','BRASIL','671','31230-540',NULL,'BELO HORIZONTE','MG','BRASIL','Rua Leopoldino de Oliveira','671',NULL,'31230-540',NULL,'BELO HORIZONTE','MG','BRASIL',NULL,NULL,NULL,NULL,NULL,NULL,'(31) 3429-9200','Rua Leopoldino de Oliveira',NULL,0,NULL,'LIVRE',NULL,NULL,NULL,NULL,NULL),
 (3979,NULL,'SEWHA DO BRASIL COSMÉTICOS LTDA.','RHANI COSMÉTICOS','RHANI COSMÉTICOS','09122025000132','J','90419118680',NULL,NULL,'cintiasena@sewha.com.br',NULL,'Cintia Sena','2010-02-22 00:00:00',NULL,NULL,'Rua Estela',' 96','4º Andar','04011-000',NULL,'SÃO PAULO','SP','BRASIL',' 96','04011-000',NULL,'SÃO PAULO','SP','BRASIL','Rua Estela',' 96','4º Andar','04011-000',NULL,'SÃO PAULO','SP','BRASIL',NULL,NULL,NULL,NULL,NULL,NULL,'31712628','Rua Estela','4º Andar',0,NULL,'LIVRE',NULL,NULL,NULL,NULL,NULL),
 (3980,NULL,'AROMA & MAGIA MANUFATURA DE PROD. COSMECÊUTICOS LTDA. ME','LA VERTUAN COSMÉTICOS','LA VERTUAN COSMÉTICOS','81362295000148','J','254772862','47 99641793',NULL,'marketing@lavertuan.com.br',NULL,'LIANA VERTUAN GONÇALVES','2010-02-22 00:00:00',NULL,NULL,'Rua Palmares,','330','Fundos','89203-230',NULL,'JOINVILLE','SC','BRASIL','330','89203-230',NULL,'JOINVILLE','SC','BRASIL','Rua Palmares,','330','Fundos','89203-230',NULL,'JOINVILLE','SC','BRASIL',NULL,NULL,NULL,NULL,NULL,NULL,'47 30277448','Rua Palmares,','Fundos',0,NULL,'LIVRE',NULL,NULL,NULL,NULL,NULL),
 (3981,NULL,'DUETTO SUPER INDUSTRIA E COMERCIO DE COSMETICOS LTDA - ME','DUETTO SUPER INDUSTRIA E COMERCIO DE COSMETICOS LTDA - ME','DUETTO SUPER INDUSTRIA E COMERCIO DE COSMETICOS LTDA - ME','05017517000107','J','310374226118','16 3725-3454',NULL,'duettosuper@duettosuper.com.br',NULL,'NÁDIA DA  COSTA RODRIGUES','2010-02-22 00:00:00',NULL,NULL,'Av Brasil,',' 1660',NULL,'14401-240',NULL,'FRANCA','SP','BRASIL',' 1660','14401-240',NULL,'FRANCA','SP','BRASIL','Av Brasil,',' 1660',NULL,'14401-240',NULL,'FRANCA','SP','BRASIL',NULL,NULL,NULL,NULL,NULL,NULL,'16 3725-2621','Av Brasil,',NULL,0,NULL,'LIVRE',NULL,NULL,NULL,NULL,NULL),
 (3982,NULL,'CADIVEU COSMÉTICOS COMÉRCIO, IMPORTAÇÃO E EXPORTAÇÃO LTDA.','CADIVEU COSMETICOS','CADIVEU COSMETICOS','08763239000125','J','149649386117',NULL,NULL,'bruna@cadiveu.com',NULL,'Bruna Guarnieri','2010-02-22 00:00:00',NULL,NULL,'Rua Martim de Sá','75',NULL,'04128070',NULL,'SÃO PAULO','SP','BRASIL','75','04128070',NULL,'SÃO PAULO','SP','BRASIL','Rua Martim de Sá','75',NULL,'04128070',NULL,'SÃO PAULO','SP','BRASIL',NULL,NULL,NULL,NULL,NULL,NULL,'11-50786897','Rua Martim de Sá',NULL,0,NULL,'LIVRE',NULL,NULL,NULL,NULL,NULL),
 (3983,NULL,'STUDEX DO BRASIL LTDA.','STUDEX DO BRASIL LTDA.','STUDEX DO BRASIL LTDA.','73267387000110','J','84633682',NULL,NULL,'sidney@studex.com.br',NULL,' SIDNEY HAIGERT','2010-02-22 00:00:00',NULL,NULL,'Estrada do Dende','532','ilha do governador','21920-000',NULL,'RIO DE JANEIRO','SP','BRASIL','532','21920-000',NULL,'RIO DE JANEIRO','SP','BRASIL','Estrada do Dende','532','ilha do governador','21920-000',NULL,'RIO DE JANEIRO','SP','BRASIL',NULL,NULL,NULL,NULL,NULL,NULL,' 21-2121-0088','Estrada do Dende','ilha do governador',0,NULL,'LIVRE',NULL,NULL,NULL,NULL,NULL);
INSERT INTO `ent_cliente` (`COD_CLIENTE`,`SIGLA_PONTO`,`RAZAO_SOCIAL`,`NOME_FANTASIA`,`NOME_COMERCIAL`,`NUM_DOC`,`TIPO_DOC`,`INSC_ESTADUAL`,`FONE_2`,`FAX`,`EMAIL`,`SITE`,`CONTATO`,`DT_CADASTRO`,`DT_INATIVO`,`SYS_DT_ALTERACAO`,`ENTR_ENDERECO`,`ENTR_NUMERO`,`ENTR_COMPLEMENTO`,`ENTR_CEP`,`ENTR_BAIRRO`,`ENTR_CIDADE`,`ENTR_ESTADO`,`ENTR_PAIS`,`FATURA_NUMERO`,`FATURA_CEP`,`FATURA_BAIRRO`,`FATURA_CIDADE`,`FATURA_ESTADO`,`FATURA_PAIS`,`COBR_ENDERECO`,`COBR_NUMERO`,`COBR_COMPLEMENTO`,`COBR_CEP`,`COBR_BAIRRO`,`COBR_CIDADE`,`COBR_ESTADO`,`COBR_PAIS`,`CLASSE`,`INSC_MUNICIPAL`,`COD_ANTIGO`,`OLD_FONE_1`,`OLD_FATURA_ENDERECO`,`OLD_FATURA_COMPLEMENTO`,`FONE_1`,`FATURA_ENDERECO`,`FATURA_COMPLEMENTO`,`TEM_ALIQ_IRPJ`,`ALIQ_IRPJ`,`TIPO_CHAMADO`,`COD_BANCO`,`AGENCIA`,`CONTA`,`FAVORECIDO`,`OBS`) VALUES 
 (3984,NULL,'HAIR TRENDS INTERNATIONAL COM. E REP. LTDA.','Hair Trends','Hair Trends','07017654/0001-77','J','116910137110',NULL,NULL,'jcpereira@hairtrends.com.br',NULL,'Joao Carlos Farre e Costa Pereira','2010-02-22 00:00:00',NULL,NULL,'Av. Angélica','2503','Conj. 76 - 7º Andar','01227-200',NULL,'SÃO PAULO','SP','BRASIL','2503','01227-200',NULL,'SÃO PAULO','SP','BRASIL','Av. Angélica','2503','Conj. 76 - 7º Andar','01227-200',NULL,'SÃO PAULO','SP','BRASIL',NULL,NULL,NULL,NULL,NULL,NULL,'11-3257-8333','Av. Angélica','Conj. 76 - 7º Andar',0,NULL,'LIVRE',NULL,NULL,NULL,NULL,NULL),
 (3985,NULL,'CANBERRA CENTRO DE ESTÉTICA, IMP. E COM. LTDA.','LYDIA JORDANE','LYDIA JORDANE',' 09347887000163','J','148.100.975.115',NULL,NULL,'cristiane@lycon.com.br',NULL,'Cristiane','2010-02-22 00:00:00',NULL,NULL,'Rua Doutor Amâncio de Carvalho','345',NULL,'04012-090',NULL,'SÃO PAULO','SP','brasil','345','04012-090',NULL,'SÃO PAULO','SP','brasil','Rua Doutor Amâncio de Carvalho','345',NULL,'04012-090',NULL,'SÃO PAULO','SP','brasil',NULL,NULL,NULL,NULL,NULL,NULL,'23056613','Rua Doutor Amâncio de Carvalho',NULL,0,NULL,'LIVRE',NULL,NULL,NULL,NULL,NULL),
 (3986,NULL,'BENESA COMERCIAL LTDA.','CATHARINE HILL',' CATHARINE HILL','60819323000133','J','112346983116',NULL,NULL,'julia@catharinehill.com.br',NULL,'JULIA BENEDETTI','2010-02-22 00:00:00',NULL,NULL,'Rua Itaipu',' 45',NULL,'04052-010',NULL,' SÃO PAULO','SP','BRASIL',' 45','04052-010',NULL,' SÃO PAULO','SP','BRASIL',NULL,NULL,NULL,NULL,NULL,NULL,NULL,NULL,NULL,NULL,NULL,NULL,NULL,NULL,'11 5070 1060','Rua Itaipu',NULL,0,NULL,'LIVRE',NULL,NULL,NULL,NULL,NULL),
 (3987,NULL,'MINAS FLOR - INDÚSTRIA DE COSMÉTICOS LTDA.','MINAS FLOR - INDÚSTRIA DE COSMÉTICOS LTDA.','MINAS FLOR - INDÚSTRIA DE COSMÉTICOS LTDA.','07025603000197','J','0623581030054',NULL,NULL,'administracao@minasflor.com.br',NULL,'Rodrigo Pereira','2010-02-22 00:00:00',NULL,NULL,' Rod. MG-05','979','Km 3,5','34590390',NULL,'SABARÁ','MG','Brasil','979','34590390',NULL,'SABARÁ','MG','Brasil',' Rod. MG-05','979','Km 3,5','34590390',NULL,'SABARÁ','MG','Brasil',NULL,NULL,NULL,NULL,NULL,NULL,'31-3465-5200',' Rod. MG-05','Km 3,5',0,NULL,'LIVRE',NULL,NULL,NULL,NULL,NULL),
 (3988,NULL,'BEAUTY GLOSS COM. E DIST. DE COSM. E PEFUMARIA LTDA.','LIVE LIFE','LIVE LIFE',' 09459007000140','J','148060510113',NULL,NULL,'maranataeventos@maranataeventos.com.br',NULL,'Diogo Antunes','2010-02-22 00:00:00',NULL,NULL,'Rua Pedro Cacunda',' 276/284',NULL,' 02046-090',NULL,'SÃO PAULO','SP','brasil',' 276/284',' 02046-090',NULL,'SÃO PAULO','SP','brasil','Rua Pedro Cacunda',' 276/284',NULL,' 02046-090',NULL,'SÃO PAULO','SP','brasil',NULL,NULL,NULL,NULL,NULL,NULL,'11 2971.8290','Rua Pedro Cacunda',NULL,0,NULL,'LIVRE',NULL,NULL,NULL,NULL,NULL),
 (3989,NULL,'ANEETHUN FRANQUIA PROFISSIONAL LTDA - EPP','ANEETHUN COSMÉTICA PROFISSIONAL','ANEETHUN COSMÉTICA PROFISSIONAL','07806562000176','J','0629991460097',NULL,NULL,'marketing@aneethun.com',NULL,' Claudia Pereira','2010-02-22 00:00:00',NULL,NULL,' Rua Mato Grosso','800','Sala 302','30190-081',NULL,'BELO HORIZONTE','MG','Brasil','800','30190-081',NULL,'BELO HORIZONTE','MG','Brasil',' Rua Mato Grosso','800','Sala 302','30190-081',NULL,'BELO HORIZONTE','MG','Brasil',NULL,NULL,NULL,NULL,NULL,NULL,'31 3275-0270',' Rua Mato Grosso','Sala 302',0,NULL,'LIVRE',NULL,NULL,NULL,NULL,NULL),
 (3990,NULL,'Gemini-Tur Excursões Passagens e Turismo Ltda','Gemini-Tur Excursões Passagens e Turismo Ltda','Gemini-Tur Excursões Passagens e Turismo Ltda','48.069.959/ 0001-00','J','Isenta	',NULL,NULL,NULL,NULL,'MAURA CREAZZO','2010-02-23 00:00:00',NULL,NULL,'Av. do Café','277','4º andar, Bloco A','04311-900','Jabaquara','São Paulo','SP','Brasil','277','04311-900','Jabaquara','São Paulo','SP','Brasil','Av. do Café','277','4º andar, Bloco A','04311-900','Jabaquara','São Paulo','SP','Brasil',NULL,'8 273 257-4',NULL,NULL,NULL,NULL,'11 5070-7510','Av. do Café','4º andar, Bloco A',0,NULL,'LIVRE',NULL,NULL,NULL,NULL,NULL),
 (3991,NULL,'JAD LOGISTICA LTDA','JADLOG','JADLOG','04884082000135','J','149744148111',NULL,NULL,'roberta.cury@jadlog.com.br',NULL,'Roberta Cury','2010-02-24 00:00:00',NULL,NULL,'R. DOUTOR FREIRE CISNEIRO','97',NULL,'02714020','Freguesia do Ó','SÃO PAULO','SP','BRASIL','97','02714020','Freguesia do Ó','SÃO PAULO','SP','BRASIL','R. DOUTOR FREIRE CISNEIRO','97',NULL,'02714020','Freguesia do Ó','SÃO PAULO','SP','BRASIL',NULL,NULL,NULL,NULL,NULL,NULL,'9*69545','R. DOUTOR FREIRE CISNEIRO',NULL,0,NULL,'LIVRE',NULL,NULL,NULL,NULL,NULL),
 (3992,NULL,'ALL - AMÉRICA LATINA LOGÍSTICA MALHA SUL S/A','AMÉRICA LATINA LOGÍSTICA MALHA SUL S/A','AMÉRICA LATINA LOGÍSTICA MALHA SUL S/A','01258944/0005-50','J','90122199-51',NULL,'(41)2141-7279','carolinafg@all-logistica.com',NULL,'Carolina Figueiredo Goulart','2010-02-24 00:00:00',NULL,NULL,'R. EMILIO BERTOLINI','100',NULL,'82920030','Cajuru','CURITIBA','PR','BRASIL','100','82920030','Cajuru','CURITIBA','PR','BRASIL','R. EMILIO BERTOLINI','100',NULL,'82920030','Cajuru','CURITIBA','PR','BRASIL',NULL,NULL,NULL,NULL,NULL,NULL,'41-2141-7279','R. EMILIO BERTOLINI',NULL,0,NULL,'LIVRE',NULL,NULL,NULL,NULL,NULL),
 (3993,NULL,'TOC TERMINAIS DE OPERAÇÃO DE CARGAS LTDA','TOC TERMINAIS DE OPERAÇÃO DE CARGAS LTDA','TOC TERMINAIS DE OPERAÇÃO DE CARGAS LTDA','67.546.671/0001-23','J',NULL,NULL,'(013) 3203-1230','aldemi.dias@estrada.com.br',NULL,'ALDEMI DIAS','2010-02-24 00:00:00',NULL,NULL,'AV. NOSSA SENHORA DE FÁTIMA','353','SL. 1','11085203','CHICO DE PAULA','SANTOS','SP','BRASIL','353','11085203','CHICO DE PAULA','SANTOS','SP','BRASIL','AV. NOSSA SENHORA DE FÁTIMA','353','SL. 1','11085203','CHICO DE PAULA','SANTOS','SP','BRASIL',NULL,NULL,NULL,NULL,NULL,NULL,'(013) 3298-2102','AV. NOSSA SENHORA DE FÁTIMA','SL. 1',0,NULL,'LIVRE',NULL,NULL,NULL,NULL,NULL),
 (3994,NULL,'MACROPORT INTERNACIONAL LTDA','MACROPORT','MACROPORT','08900095000292','J',NULL,NULL,'(11) 5681-7916','daniela@macroport.com.br',NULL,'Wanderley Macedo','2010-02-24 00:00:00',NULL,NULL,'AV. PAULISTA','1048','2 AND CJ. 22','01310100','BELA VISTA','SÃO PAULO','SP','BRASI','1048','01310100','BELA VISTA','SÃO PAULO','SP','BRASI','AV. PAULISTA','1048','2 AND CJ. 22','01310100','BELA VISTA','SÃO PAULO','SP','BRASI',NULL,NULL,NULL,NULL,NULL,NULL,'(11) 9980-1812','AV. PAULISTA','2 AND CJ. 22',0,NULL,'LIVRE',NULL,NULL,NULL,NULL,NULL),
 (3995,NULL,'ECU LOGISTICS DO BRASIL LTDA','ECU LOGISTICS','ECU LOGISTICS','05221721000145','J','ISENTO',NULL,'11-83617000','katiak@ecuspo.eculine.net',NULL,'KATIA KAJIMOTO','2010-02-24 00:00:00',NULL,NULL,'AV PACAEMBU','1418',NULL,'01234000','PACAEMBU','SAO PAULO','SP','BRASIL','1418','01234000','PACAEMBU','SAO PAULO','SP','BRASIL','AV PACAEMBU','1418',NULL,'01234000','PACAEMBU','SAO PAULO','SP','BRASIL',NULL,NULL,NULL,NULL,NULL,NULL,'13 3224-1622','AV PACAEMBU',NULL,0,NULL,'LIVRE',NULL,NULL,NULL,NULL,NULL),
 (3996,NULL,'CONSULADO GERAL DA FRANÇA EM SP / SERVIÇO COMERCIAL','ESPAÇO FRANÇA','ESPAÇO FRANÇA','03944803000192','J',NULL,NULL,'11 3087-3101','jean-francois.ambrosio@dgtpe.fr',NULL,'Jean','2010-02-24 00:00:00',NULL,NULL,'R. MARINA CINTRA','94',NULL,'01446060','JD EUROPA','SAO PAULOS','SP','BRASIL','94','01446060','JD EUROPA','SAO PAULOS','SP','BRASIL','R. MARINA CINTRA','94',NULL,'01446060','JD EUROPA','SAO PAULOS','SP','BRASIL',NULL,NULL,NULL,NULL,NULL,NULL,'11 3087-3112','R. MARINA CINTRA',NULL,0,NULL,'LIVRE',NULL,NULL,NULL,NULL,NULL),
 (3997,NULL,'ACE SEGURADORA S.A','ACE SEGURADORA','ACE SEGURADORA','03502099000118','J','115598501113',NULL,NULL,'olivia.sampaio@acegroup.com',NULL,'Olivia Sampaio','2010-02-24 00:00:00',NULL,NULL,'AV. PAULISTA','1294','18.º AND.','01310915',NULL,'SÃO PAULO','SP','BRASIL','1294','01310915',NULL,'SÃO PAULO','SP','BRASIL','AV. PAULISTA','1294','18.º AND.','01310915',NULL,'SÃO PAULO','SP','BRASIL',NULL,NULL,NULL,NULL,NULL,NULL,'45044393','AV. PAULISTA','18.º AND.',0,NULL,'LIVRE',NULL,NULL,NULL,NULL,NULL),
 (3998,NULL,'MCLANE DO BRASIL LTDA','MCLANE DO BRASIL','MCLANE DO BRASIL','02462805000182','J','206099906.119',NULL,'11 4789-2650','vmoura@mclaneco.com.br',NULL,'Vânia Moura','2010-02-24 00:00:00',NULL,NULL,'AV. GUPÊ','9791',NULL,'06421400','Jd. Belval','BARUERI','SP','BRASIL','9791','06421400','Jd. Belval','BARUERI','SP','BRASIL','AV. GUPÊ','9791',NULL,'06421400','Jd. Belval','BARUERI','SP','BRASIL',NULL,NULL,NULL,NULL,NULL,NULL,'11 2108-8893','AV. GUPÊ',NULL,0,NULL,'LIVRE',NULL,NULL,NULL,NULL,NULL),
 (3999,NULL,'NILEDUTCH AFRICA LINE A/C ROCHAMAR AGÊNCIA MARÍTIMA S/A','NILEDUTCH AFRICA LINE A/C ROCHAMAR AGÊNCIA MARÍTIMA S/A','NILEDUTCH AFRICA LINE A/C ROCHAMAR AGÊNCIA MARÍTIMA S/A','11.256.147/0003-25','J','iSENTO',NULL,'(13) 3226-9509','csiqueira@niledutch.com.br',NULL,'CINTIA LEITE SIQUEIRA','2010-02-24 00:00:00',NULL,NULL,' Av. Pinheiro Machado','22',' CJ 91','11.075-000','VL MATHIAS','SANTOS','SP','BRASIL','22','11.075-000','VL MATHIAS','SANTOS','SP','BRASIL',' Av. Pinheiro Machado','22',' CJ 91','11.075-000','VL MATHIAS','SANTOS','SP','BRASIL',NULL,'189.203-9',NULL,NULL,NULL,NULL,'(13) 3226-9501',' Av. Pinheiro Machado',' CJ 91',0,NULL,'LIVRE',NULL,NULL,NULL,NULL,NULL),
 (4000,NULL,'ROBOTECH TRANSPORTES SENSÍVEIS LTDA','ROBOTECH TRANSPORTES','ROBOTECH TRANSPORTES','06219884000156','J','116806480113',NULL,'(11) 2240.0019','felipe@robotechtransportes.com.br',NULL,'Giovani Sena','2010-02-24 00:00:00',NULL,NULL,'AV MARGINAL PROJETADA','1652',' MÓDULO 7','06463400','TAMBORÉ','BARUERI','SP','BRASIL','1652','06463400','TAMBORÉ','BARUERI','SP','BRASIL','AV MARGINAL PROJETADA','1652',' MÓDULO 7','06463400','TAMBORÉ','BARUERI','SP','BRASIL',NULL,NULL,NULL,NULL,NULL,NULL,'(11) 2243.2100','AV MARGINAL PROJETADA',' MÓDULO 7',0,NULL,'LIVRE',NULL,NULL,NULL,NULL,NULL),
 (4001,NULL,'ARMAZÉNS GERAIS COLUMBIA','COLUMBIA','COLUMBIA','60526977000179','J','206.183.679.118',NULL,NULL,'bmahlow@columbia.com.br',NULL,'Luccas Simonagio da Silva','2010-02-25 00:00:00',NULL,NULL,'AV TAMBORE','1440','2º AND','06460000','TAMBORE','BARUERI','SP','BRASIL','1440','06460000','TAMBORE','BARUERI','SP','BRASIL','AV TAMBORE','1440','2º AND','06460000','TAMBORE','BARUERI','SP','BRASIL',NULL,NULL,NULL,NULL,NULL,NULL,'(11) 3305-9810','AV TAMBORE','2º AND',0,NULL,'LIVRE',NULL,NULL,NULL,NULL,NULL),
 (4002,NULL,'SIENNA INTERLINK COMUNICAÇOES LTDA','SIENNA INTERLINK COMUNICAÇOES LTDA','SIENNA INTERLINK COMUNICAÇOES LTDA','06.287.708/0001-51','J',NULL,NULL,NULL,'ssantana@siennainterlink.com.br',NULL,'Sheila Santos','2010-03-01 00:00:00',NULL,NULL,'Al. Tocantis','76','1402','06455020','Alphaville Industrial','Barueri','SP','Brasil','76','06455020','Alphaville Industrial','Barueri','SP','Brasil','Al. Tocantis','76','1402','06455020','Alphaville Industrial','Barueri','SP','Brasil',NULL,NULL,NULL,NULL,NULL,NULL,NULL,'Al. Tocantis','1402',0,NULL,'LIVRE',NULL,NULL,NULL,NULL,NULL),
 (4009,NULL,'ASCAR - Associação Sulina Crédito e Assist. Rural','ASCAR','ASCAR','92.773.142/0001-00','J',NULL,NULL,NULL,NULL,NULL,NULL,'2010-03-02 00:00:00',NULL,NULL,'Rua Botafogo','1051',NULL,'90150-053',NULL,'PORTO ALEGRE','RS','BRASIL','1051','90150-053',NULL,'PORTO ALEGRE','RS','BRASIL','Rua Botafogo','1051',NULL,'90150-053',NULL,'PORTO ALEGRE','RS','BRASIL',NULL,NULL,NULL,NULL,NULL,NULL,NULL,'Rua Botafogo',NULL,0,NULL,'LIVRE',NULL,NULL,NULL,NULL,NULL),
 (4010,NULL,'IRMÃOS PASSAÚRA LOCAÇÕES LTDA','IRMÃOS PASSAÚRA','IRMÃOS PASSAÚRA','11464546000110','J',NULL,NULL,NULL,'marketing@passaura.com.br','IRMÃOS PASSAÚRA LOCAÇÕES LTDA','Joice Veiga','2010-03-04 00:00:00',NULL,NULL,'R. PAUL GARFUNKEL 250 CIC','98',NULL,'81460040','INDUSTRIAL','CURITIBA','PR','BRASIL','98','81460040','INDUSTRIAL','CURITIBA','PR','BRASIL','R. PAUL GARFUNKEL 250 CIC','98',NULL,'81460040','INDUSTRIAL','CURITIBA','PR','BRASIL',NULL,NULL,NULL,NULL,NULL,NULL,'041 2141-7010','R. PAUL GARFUNKEL 250 CIC',NULL,0,NULL,'LIVRE',NULL,NULL,NULL,NULL,NULL),
 (4011,NULL,'INTERMODAL BRASIL LOGÍSTICA LTDA','INTERMODAL BRASIL LOGÍSTICA LTDA','INTERMODAL BRASIL LOGÍSTICA LTDA','03558055001181','J','336856431112',NULL,NULL,'caroline.miranda@ibllogistica.com.br',NULL,'Caroline Vallejo Miranda','2010-03-04 00:00:00',NULL,NULL,'R MANOEL BORBA GATO','100	',NULL,'07044220','VILA SAYAGO','GUARULHOS','SP','BRASIL','100	','07044220','VILA SAYAGO','GUARULHOS','SP','BRASIL','R MANOEL BORBA GATO','100	',NULL,'07044220','VILA SAYAGO','GUARULHOS','SP','BRASIL',NULL,NULL,NULL,NULL,NULL,NULL,'72607248','R MANOEL BORBA GATO',NULL,0,NULL,'LIVRE',NULL,NULL,NULL,NULL,NULL),
 (4012,NULL,'TITO CADERMATORI ASSESSORIA ADUANEIRA LTDA','TITO GLOBAL TRADE SERVICES','TITO GLOBAL TRADE SERVICES','93911147000548','J','ISENTO',NULL,NULL,'jaqueline.monteiro@titoonline.com',NULL,'Jaqueline Monteiro Cari','2010-03-04 00:00:00',NULL,NULL,'AV. GOIÁS','1860	','3 ANDAR','09550050','BARCELONA','SÃO CAETANO','SP','BRASIL','1860	','09550050','BARCELONA','SÃO CAETANO','SP','BRASIL','AV. GOIÁS','1860	','3 ANDAR','09550050','BARCELONA','SÃO CAETANO','SP','BRASIL',NULL,NULL,NULL,NULL,NULL,NULL,'11 2102.9345','AV. GOIÁS','3 ANDAR',0,NULL,'LIVRE',NULL,NULL,NULL,NULL,NULL),
 (4013,NULL,'PORTONAVE S/A - TERMINAIS PORTUÁRIOS DE NAVEGANTES','PORTONAVE S/A -','PORTONAVE S/A','01335341000180','J','ISENTO',NULL,NULL,'daniel.quintela@czarprod.com',NULL,'DANIEL','2010-03-04 00:00:00',NULL,NULL,'R. ANIBAL GAYA','767','1 ANDAR','88375000',NULL,'	NAVEGANTES','SC','BRASIL','767','88375000',NULL,'	NAVEGANTES','SC','BRASIL','R. ANIBAL GAYA','767','1 ANDAR','88375000',NULL,'	NAVEGANTES','SC','BRASIL',NULL,NULL,NULL,NULL,NULL,NULL,'11 78464069','R. ANIBAL GAYA','1 ANDAR',0,NULL,'LIVRE',NULL,NULL,NULL,NULL,NULL),
 (4014,NULL,'Pride Serviços de Assessoria e Logistica Ltda','Pride Serviços de Assessoria e Logistica Ltda','Pride Serviços de Assessoria e Logistica Ltda','07.831.460/0001-00','J','ISENTO',NULL,NULL,'mottadaniela@uol.com.br',NULL,'DANIELA','2010-03-04 00:00:00',NULL,NULL,'Avenida Prefeito Dulcidio Cardoso','800','Bloco 1 , Apt 904',NULL,NULL,'Rio de Janeiro','SP','Brasil','800',NULL,NULL,'Rio de Janeiro','SP','Brasil','Avenida Prefeito Dulcidio Cardoso','800','Bloco 1 , Apt 904',NULL,NULL,'Rio de Janeiro','SP','Brasil',NULL,NULL,NULL,NULL,NULL,NULL,'11 97917878','Avenida Prefeito Dulcidio Cardoso','Bloco 1 , Apt 904',0,NULL,'LIVRE',NULL,NULL,NULL,NULL,NULL),
 (4015,NULL,'STANDARD LOGÍSTICA E DISTRIBUIÇÃO S/A','STANDARD LOGÍSTICA','STANDARD LOGÍSTICA','03307926000708','J','ISENTO',NULL,NULL,'danielle.oliveira@standardlog.com.br',NULL,'DANIELLE','2010-03-04 00:00:00',NULL,NULL,'AV. JOÃO GUALBERTO','1740	','5 ANDAR','80030001','JUVEVÊ','CURITIBA','PR','BRASIL','1740	','80030001','JUVEVÊ','CURITIBA','PR','BRASIL','AV. JOÃO GUALBERTO','1740	','5 ANDAR','80030001','JUVEVÊ','CURITIBA','PR','BRASIL',NULL,NULL,NULL,NULL,NULL,NULL,'41 21182815','AV. JOÃO GUALBERTO','5 ANDAR',0,NULL,'LIVRE',NULL,NULL,NULL,NULL,NULL),
 (4016,NULL,'EDIÇÕES ADUANEIRAS LTDA','EDIÇÕES ADUANEIRAS','EDIÇÕES ADUANEIRAS','62340989000130','J','ISENTO',NULL,NULL,'fabiola.casanova@aduaneiras.com.br',NULL,'FABIOLA','2010-03-04 00:00:00',NULL,NULL,'R. DA CONSOLAÇÃO','Centro	','7 ANDAR','01301000','CENTRO','SAO PAULO','SP','BRASIL','Centro	','01301000','CENTRO','SAO PAULO','SP','BRASIL','R. DA CONSOLAÇÃO','Centro	','7 ANDAR','01301000','CENTRO','SAO PAULO','SP','BRASIL',NULL,NULL,NULL,NULL,NULL,NULL,'11 21269394','R. DA CONSOLAÇÃO','7 ANDAR',0,NULL,'LIVRE',NULL,NULL,NULL,NULL,NULL),
 (4017,NULL,'LIBRA TERMINAIS S/A','LIBRA TERMINAIS S/A','LIBRA TERMINAIS S/A','33.813.452/0001-41','J','ISENTO',NULL,NULL,'gabriela@eventosduo.com',NULL,'GABRIELA','2010-03-04 00:00:00',NULL,NULL,'AV. PRES. JUSCELINO KUBITSCHEK','1455	','16 ANDAR','04543011','ITAIM','SAO PAULO','SP','BRASIL','1455	','04543011','ITAIM','SAO PAULO','SP','BRASIL','AV. PRES. JUSCELINO KUBITSCHEK','1455	','16 ANDAR','04543011','ITAIM','SAO PAULO','SP','BRASIL',NULL,NULL,NULL,NULL,NULL,NULL,'11 5531-1074','AV. PRES. JUSCELINO KUBITSCHEK','16 ANDAR',0,NULL,'LIVRE',NULL,NULL,NULL,NULL,NULL),
 (4018,NULL,'RUCKER EQUIPAMENTOS INDUSTRIAIS LTDA','RUCKER EQUIPAMENTOS INDUSTRIAIS LTDA','RUCKER EQUIPAMENTOS INDUSTRIAIS LTDA','43083187000147','J','ISENTO',NULL,NULL,'iraci@rucker.ind.br',NULL,'IRACI','2010-03-04 00:00:00',NULL,NULL,'ESTRADA DA GABIROBA',NULL,'310','06334000',NULL,'CARAPICUIBA','SP','BRASIL',NULL,'06334000',NULL,'CARAPICUIBA','SP','BRASIL','ESTRADA DA GABIROBA',NULL,'310','06334000',NULL,'CARAPICUIBA','SP','BRASIL',NULL,NULL,NULL,NULL,NULL,NULL,NULL,'ESTRADA DA GABIROBA','310',0,NULL,'LIVRE',NULL,NULL,NULL,NULL,NULL),
 (4019,NULL,'TNT Araçatuba Transp. e Logística S/A','TNT Araçatuba','TNT Araçatuba','57692055000127','J','ISENTO',NULL,NULL,'mkt@arex.com.br',NULL,'Márcia Oliveira','2010-03-04 00:00:00',NULL,NULL,'AV. ALEXANDRE COLARES','500',NULL,'05106901',NULL,'SÃO PAULO','SP','BRASIL','500','05106901',NULL,'SÃO PAULO','SP','BRASIL','AV. ALEXANDRE COLARES','500',NULL,'05106901',NULL,'SÃO PAULO','SP','BRASIL',NULL,NULL,NULL,NULL,NULL,NULL,'11 3573-7923','AV. ALEXANDRE COLARES',NULL,0,NULL,'LIVRE',NULL,NULL,NULL,NULL,NULL),
 (4020,NULL,'SENAC - SERVIÇO NACIONAL DE APRENDIZAGEM COMERCIAL','SENAC - SÃO PAULO','SENAC -','03709814000198','J','ISENTO',NULL,NULL,'juliana@imaxeventos.com.br',NULL,'JULIANA','2010-03-04 00:00:00',NULL,NULL,'	R. DR VILA NOVA','228','5 ANDAR',NULL,'VILA BUARQUE','SAO PAULO','SP','BRABSIL','228','	01222903','VILA BUARQUE','SAO PAULO','SP','BRABSIL','	R. DR VILA NOVA','228','5 ANDAR',NULL,'VILA BUARQUE','SAO PAULO','SP','BRABSIL',NULL,NULL,NULL,NULL,NULL,NULL,'11 3895 8449','	R. DR VILA NOVA','5 ANDAR',0,NULL,'LIVRE',NULL,NULL,NULL,NULL,NULL),
 (4021,NULL,'HARMONIA CORRETORA DE SEGUROS E RESSEGUROS LTDA','HARMONIA CORRETORA','HARMONIA','48394340000251','J','ISENTO',NULL,NULL,'solange@harmonia.com.br',NULL,'Solange Zonta d\' Avila','2010-03-04 00:00:00',NULL,NULL,'AV. DAS NAÇÕES UNIDAS','10989	','2º andar','04578000','Vila Olimpia	','SÃO PAULO','SP','BRASIL','10989	','04578000','Vila Olimpia	','SÃO PAULO','SP','BRASIL','AV. DAS NAÇÕES UNIDAS','10989	','2º andar','04578000','Vila Olimpia	','SÃO PAULO','SP','BRASIL',NULL,NULL,NULL,NULL,NULL,NULL,'11 3849-3654','AV. DAS NAÇÕES UNIDAS','2º andar',0,NULL,'LIVRE',NULL,NULL,NULL,NULL,NULL),
 (4022,NULL,'CAMPOS E ANDRADE EDITORA','CAMPOS E ANDRADE','CAMPOS E ANDRADE','06540020000131','J','ISENTA',NULL,NULL,'publicidade@transportabrasil.com.br',NULL,'FERNANDA DE CAMPOS DE ANDRADE','2010-03-04 00:00:00',NULL,NULL,'	R ASSUNÇÃO','16',NULL,'09810400','VILA MARCHI','SÃO BERNARDO DO CAMPO','SP','BRASIL','16','09810400','VILA MARCHI','SÃO BERNARDO DO CAMPO','SP','BRASIL',NULL,NULL,NULL,NULL,NULL,NULL,NULL,NULL,NULL,NULL,NULL,NULL,NULL,NULL,'11 2534 7593','	R ASSUNÇÃO',NULL,0,NULL,'LIVRE',NULL,NULL,NULL,NULL,NULL),
 (4023,NULL,'MAERSK BRASIL BRASMAR LTDA','MAERSK BRASIL','MAERSK BRASIL','30259220000286','J','115.560.587.119',NULL,NULL,'brzlintoppa@maersk.com',NULL,'FATIMA','2010-03-04 00:00:00',NULL,NULL,'AV DAS NACOES UNIDAS','12901','22AND TORRE NORTE','04578000','Brooklin Novo','SAO PAULO','SP','BRASIL','12901','04578000','Brooklin Novo','SAO PAULO','SP','BRASIL','AV DAS NACOES UNIDAS','12901','22AND TORRE NORTE','04578000','Brooklin Novo','SAO PAULO','SP','BRASIL',NULL,NULL,NULL,NULL,NULL,NULL,'(11) 3527-2338','AV DAS NACOES UNIDAS','22AND TORRE NORTE',0,NULL,'LIVRE',NULL,NULL,NULL,NULL,NULL),
 (4024,NULL,'MF 1000 FRANQUIA DE COSMÉTICOS','MF 1000','MF 1000','08518237000170','J',NULL,NULL,NULL,'ilza.mara@vitaderm.com',NULL,'ILZA','2010-03-04 00:00:00',NULL,NULL,NULL,NULL,NULL,NULL,NULL,NULL,NULL,NULL,'261','05038-150',NULL,'SÃO PAULO','SP','BRASIL',NULL,NULL,NULL,NULL,NULL,NULL,NULL,NULL,NULL,NULL,NULL,NULL,NULL,NULL,'11-22397913','Rua Luiz Gatti',NULL,0,NULL,'LIVRE',NULL,NULL,NULL,NULL,NULL),
 (4025,NULL,'FUJI YAMA DO BRASIL IND E COM PROD ELETRO ELETRÔNICOS LTDA','FUJI YAMA DO BRASIL','FUJI YAMA DO BRASIL','80217532000114','J','ISENTO',NULL,NULL,'sac@rainoah.com.br',NULL,'DAIANE SANTOS DA SILVA','2010-03-04 00:00:00',NULL,NULL,'Rua Antônio Capello','937',NULL,'86072-390',NULL,'LONDRINA','PR',NULL,'937','86072-390',NULL,'LONDRINA','PR',NULL,'Rua Antônio Capello','937',NULL,'86072-390',NULL,'LONDRINA','PR',NULL,NULL,NULL,NULL,NULL,NULL,NULL,'43-33716950','Rua Antônio Capello',NULL,0,NULL,'LIVRE',NULL,NULL,NULL,NULL,NULL),
 (4026,NULL,'C R HOZELLO BUONA VITA COSMÉTICOS LTDA.','BUONA VITA COSMÉTICOS','BUONA VITA COSMÉTICOS','80394042000193','J',NULL,NULL,NULL,'logistica@buonavita.com.br',NULL,'FERNANDA','2010-03-04 00:00:00',NULL,NULL,'Av. República Argentina','3021',NULL,'80610-260',NULL,'CURITIBA','PR','BRASIL','3021','80610-260',NULL,'CURITIBA','PR','BRASIL','Av. República Argentina','3021',NULL,'80610-260',NULL,'CURITIBA','PR','BRASIL',NULL,NULL,NULL,NULL,NULL,NULL,'(41) 3023-1855','Av. República Argentina',NULL,0,NULL,'LIVRE',NULL,NULL,NULL,NULL,NULL),
 (4027,NULL,'SCHENKER DO BRASIL TRANSPORTES INTERNACIONAIS LTDA','DB SCHENKER','DB SCHENKER','43823079000163','J','Isenta','11*60145',NULL,'claudia.formiga@dbschenker.com',NULL,'Claudia Formiga','2010-03-04 00:00:00',NULL,NULL,'R. GERALDO FLAUSINO GOMES','78','12 AND','04575060','Brooklin Novo','SÃO PAULO','SP','BRASIL','78','04575060','Brooklin Novo','SÃO PAULO','SP','BRASIL','R. GERALDO FLAUSINO GOMES','78','12 AND','04575060','Brooklin Novo','SÃO PAULO','SP','BRASIL',NULL,NULL,NULL,NULL,NULL,NULL,'7742-4231','R. GERALDO FLAUSINO GOMES','12 AND',0,NULL,'LIVRE',NULL,NULL,NULL,NULL,NULL),
 (4028,NULL,'Golden Skin Cosmeticos Ltda','Golden Skin Cosmeticos Ltda','Golden Skin Cosmeticos Ltda','07.303.390/0001-18','J',NULL,NULL,NULL,' holz-m@hotmail.com',NULL,'MARCIA','2010-03-04 00:00:00',NULL,NULL,NULL,NULL,NULL,NULL,NULL,NULL,NULL,NULL,'145',' 93510-360',NULL,'Novo Hamburgo','RS','BRASIL',NULL,NULL,NULL,NULL,NULL,NULL,NULL,NULL,NULL,NULL,NULL,NULL,NULL,NULL,' (51) 3067-6652','Rua Gomes Portinho',' sl. 04',0,NULL,'LIVRE',NULL,NULL,NULL,NULL,NULL),
 (4029,NULL,'MAERSK BRASIL BRASMAR LTDA','MAERSK LINE','MAERSK LINE','30259220000286','J','115.560.587.119',NULL,NULL,'brzlintoppa@maersk.com',NULL,'Fatima Abdallah','2010-03-04 00:00:00',NULL,NULL,'AV DAS NACOES UNIDAS','12901','22AND TORRE NORTE','04578000','Brooklin Novo','SAO PAULO','SP','BRASIL','12901','04578000','Brooklin Novo','SAO PAULO','SP','BRASIL','AV DAS NACOES UNIDAS','12901','22AND TORRE NORTE','04578000','Brooklin Novo','SAO PAULO','SP','BRASIL',NULL,NULL,NULL,NULL,NULL,NULL,'(11) 3527-2338','AV DAS NACOES UNIDAS','22AND TORRE NORTE',0,NULL,'LIVRE',NULL,NULL,NULL,NULL,NULL),
 (4030,NULL,'DEICMAR S/A','DEICMAR S/A','DEICMAR S/A','58188756000196','J','ISENTO',NULL,NULL,'marcia.cavazzini@deicmar.com',NULL,'MARCIA','2010-03-05 00:00:00',NULL,NULL,'Rua Visconde do Rio Branco','02','AND 8','11013923',NULL,'SANTOS','SP','BRASIL','02','11013923',NULL,'SANTOS','SP','BRASIL','Rua Visconde do Rio Branco','02','AND 8','11013923',NULL,'SANTOS','SP','BRASIL',NULL,NULL,NULL,NULL,NULL,NULL,'11 6742-8585','Rua Visconde do Rio Branco','AND 8',0,NULL,'LIVRE',NULL,NULL,NULL,NULL,NULL),
 (4031,NULL,'Natu Kapilar Envasadora e Comércio de Cosméticos Ltda','Natu Kapilar Envasadora e Comércio de Cosméticos Ltda','Natu Kapilar Envasadora e Comércio de Cosméticos Ltda','82.605.114/0001-20','F','137.01142-57',NULL,'(041) 3667-2127','nkcosmeticos@nkcosmeticos.com.br',NULL,'Elisangela','2010-03-05 00:00:00',NULL,NULL,'Rua 22 de Abril','393',NULL,'83.323-240','Estância Pinhais','Pinhais','PR','BRASIL','393','83.323-240','Estância Pinhais','Pinhais','PR','BRASIL','Rua 22 de Abril','393',NULL,'83.323-240','Estância Pinhais','Pinhais','PR','BRASIL',NULL,NULL,NULL,NULL,NULL,NULL,'(041) 3667-5053','Rua 22 de Abril',NULL,0,NULL,'LIVRE',NULL,NULL,NULL,NULL,NULL),
 (4032,NULL,'KUEHNE + NAGEL SERVIÇOS LOGÍSTICOS LTDA','KUEHNE + NAGEL','KUEHNE + NAGEL','02886427000164','J','ISENTO',NULL,NULL,'vanessa.depaula@kuehne-nagel.com',NULL,'VANESSA','2010-03-05 00:00:00',NULL,NULL,'AV. BRIG. FARIA LIMA','2066','9 ANDAR','01451905','JD PAULISTANO	','SAO PAULO','SP','BRASIL','2066','01451905','JD PAULISTANO	','SAO PAULO','SP','BRASIL','AV. BRIG. FARIA LIMA','2066','9 ANDAR','01451905','JD PAULISTANO	','SAO PAULO','SP','BRASIL',NULL,NULL,NULL,NULL,NULL,NULL,'	11 3037-3369','AV. BRIG. FARIA LIMA','9 ANDAR',0,NULL,'LIVRE',NULL,NULL,NULL,NULL,NULL),
 (4033,NULL,'MOEDA AGENCIAMENTO DE CARGAS LTDA','MOEDA AGENCIAMENTO DE CARGAS','MOEDA AGENCIAMENTO DE CARGAS','07985267000124','J','244.687.680.115',NULL,NULL,'comercial@moeda.com.br',NULL,'FLAVIA','2010-03-05 00:00:00',NULL,NULL,'R BARÃO DE PARANAPANEMA','146 CJ. A/34',NULL,'13026900','BOSQUE','CAMPINAS','SP','BRASIL','146 CJ. A/34','13026900','BOSQUE','CAMPINAS','SP','BRASIL',NULL,NULL,NULL,NULL,NULL,NULL,NULL,NULL,NULL,NULL,NULL,NULL,NULL,NULL,'(11) 7880 3431','R BARÃO DE PARANAPANEMA',NULL,0,NULL,'LIVRE',NULL,NULL,NULL,NULL,NULL),
 (4034,NULL,'EBCO SYSTEMS LTDA','EBCO SYSTEMS','EBCO SYSTEMS','40235871000109','F',NULL,NULL,NULL,'marcio.azevedo@ebco.com.br',NULL,'RODRIGO','2010-03-05 00:00:00',NULL,NULL,'R TABAPUÃ','422','10 ANDAR','04533001','ITAIM BIBI','SAO PAULO','SP','BRASIL','422','04533001','ITAIM BIBI','SAO PAULO','SP','BRASIL','R TABAPUÃ','422','10 ANDAR','04533001','ITAIM BIBI','SAO PAULO','SP','BRASIL',NULL,NULL,NULL,NULL,NULL,NULL,'11- 3429-5527','R TABAPUÃ','10 ANDAR',0,NULL,'LIVRE',NULL,NULL,NULL,NULL,NULL),
 (4035,NULL,'R. POSTOS, GESTAO DE SISTEMAS INFORMATIZADOS LTDA.','R. POSTOS, GESTAO DE SISTEMAS','R. POSTOS, GESTAO DE SISTEMAS','09261378000113','J',NULL,'8188-8343',NULL,'barbara.bentivoglio@repom.com.br',NULL,'BARBARA','2010-03-05 00:00:00',NULL,NULL,'ALAMEDA TOCANTINS','75','18 ANDAR','06455020','ALPHAVILLE	','BARUERI',NULL,'BRASIL','75','06455020','ALPHAVILLE	','BARUERI',NULL,'BRASIL','ALAMEDA TOCANTINS','75','18 ANDAR','06455020','ALPHAVILLE	','BARUERI',NULL,'BRASIL',NULL,NULL,NULL,NULL,NULL,NULL,'4166-7500','ALAMEDA TOCANTINS','18 ANDAR',0,NULL,'LIVRE',NULL,NULL,NULL,NULL,NULL),
 (4036,NULL,'PORTOMAQ EQUIPAMENTOS E SERVIÇOS PORTUÁRIOS LTDA','PORTOMAQ EQUIPAMENTOS E SERV','PORTOMAQ EQUIPAMENTOS E SERV','02874489000156','J','633391714118',NULL,NULL,'diretoria@portomaq.com.br',NULL,'ELSIO','2010-03-05 00:00:00',NULL,NULL,'R. OTÁVIO CORREIA','63',NULL,'11025230',NULL,'SANTOS','SP','BRASIL','63','11025230',NULL,'SANTOS','SP','BRASIL','R. OTÁVIO CORREIA','63',NULL,'11025230',NULL,'SANTOS','SP','BRASIL',NULL,NULL,NULL,NULL,NULL,NULL,'(13) 32732278','R. OTÁVIO CORREIA',NULL,0,NULL,'LIVRE',NULL,NULL,NULL,NULL,NULL),
 (4038,NULL,'BERTLING LOGISTICS BRASIL LTDA','BERTLING LOGISTICS BRASIL LTDA','BERTLING LOGISTICS BRASIL LTDA',NULL,'J',NULL,NULL,NULL,'juliane.brandao@bertling.com',NULL,'JULIANE','2010-03-05 00:00:00',NULL,NULL,'AL. DOS NHAMBIQUARAS','1518','8 ANDAR','04090003    	  	','MOEMA','SAO PAULO','SP','BRASIL','1518','04090003    	  	','MOEMA','SAO PAULO','SP','BRASIL','AL. DOS NHAMBIQUARAS','1518','8 ANDAR','04090003    	  	','MOEMA','SAO PAULO','SP','BRASIL',NULL,NULL,NULL,NULL,NULL,NULL,'5098-6501','AL. DOS NHAMBIQUARAS','8 ANDAR',0,NULL,'LIVRE',NULL,NULL,NULL,NULL,NULL),
 (4041,NULL,'ORGANNE MÓVEIS LTDA','ORGANNE MÓVEIS','ORGANNE MÓVEIS','10.013.689/0001-42','J','904.46334-58','( 44 ) 8821-0725',NULL,'ANGELO@ORGANNE.COM',NULL,'ANGELO MOURA','2010-03-08 00:00:00',NULL,NULL,'AVENIDA MORANGUEIRA','3788',NULL,'87.035-060','JARDIM ALVORADA','JANDAIA DO SUL','PR','BRASIL','3788','87.035-060','JARDIM ALVORADA','JANDAIA DO SUL','PR','BRASIL','AVENIDA MORANGUEIRA','3788',NULL,'87.035-060','JARDIM ALVORADA','JANDAIA DO SUL','PR','BRASIL',NULL,NULL,NULL,NULL,NULL,NULL,'( 44 ) 3228-0505','AVENIDA MORANGUEIRA',NULL,0,NULL,'LIVRE',NULL,NULL,NULL,NULL,NULL),
 (4042,NULL,'Portal Consultoria em Logistica Empresarial Ltda.','Portal Consultoria em Logistica Empresarial','Portal Consultoria em Logistica Empresarial','07882462/0001-29','J',NULL,NULL,NULL,'jcuttino@portal-commerce.com',NULL,'JOHN','2010-03-08 00:00:00',NULL,NULL,NULL,NULL,NULL,NULL,NULL,NULL,NULL,NULL,'3729','04538-905','Itaim Bibi','sao paulo','SP','brasil','Av. Brig. Faria Lima','3729','5o andar','04538-905','Itaim Bibi','sao paulo','SP','brasil',NULL,'3614919-5',NULL,NULL,NULL,NULL,'(11) 3323-5878','Av. Brig. Faria Lima','5o andar',0,NULL,'LIVRE',NULL,NULL,NULL,NULL,NULL),
 (4043,NULL,'CS GÁS DO BRASIL IND. E COM. LTDA.','CS GÁS DO BRASIL','CS GÁS DO BRASIL','11136450000122','J','90.494.613-37',NULL,NULL,'marcelo@csgas.com.br',NULL,'Marcelo Vidolin','2010-03-08 00:00:00',NULL,NULL,'Rua Libéria','500',NULL,'83320310',NULL,'PINHAIS','PR','BRASIL','500','83320310',NULL,'PINHAIS','PR','BRASIL','Rua Libéria','500',NULL,'83320310',NULL,'PINHAIS','PR','BRASIL',NULL,NULL,NULL,NULL,NULL,NULL,'(41) 3653-5550','Rua Libéria',NULL,0,NULL,'LIVRE',NULL,NULL,NULL,NULL,NULL),
 (4044,NULL,'CRIVITTA DIAGNÓSTICA LTDA','CRIVITTA DIAGNÓSTICA LTDA','CRIVITTA DIAGNÓSTICA LTDA','03241947000182','J','253.900.018',NULL,NULL,'fabricia@crivitta.com.br',NULL,'Gilson Crippa Júnior','2010-03-08 00:00:00',NULL,NULL,'Rua Antonio Luiz de Medeiros','30',NULL,'88110030',NULL,'SÃO JOSÉ','SC','BRASIL','30','88110030',NULL,'SÃO JOSÉ','SC','BRASIL','Rua Antonio Luiz de Medeiros','30',NULL,'88110030',NULL,'SÃO JOSÉ','SC','BRASIL',NULL,NULL,NULL,NULL,NULL,NULL,'(48) 2108-0909','Rua Antonio Luiz de Medeiros',NULL,0,NULL,'LIVRE',NULL,NULL,NULL,NULL,NULL),
 (4045,NULL,'LIFETEX IND. E COM. LTDA.','LIFETEX IND. E COM. LTDA.','LIFETEX IND. E COM. LTDA.','01279711000100','J','85841815',NULL,NULL,'alexandraribeiro@lifesaver.com.br',NULL,' Alexandra Ribeiro','2010-03-08 00:00:00',NULL,NULL,'Rua Ana Neri','1798','1802','20960-005',NULL,'RIO DE JANEIRO','RJ','BRASIL','1798','20960-005',NULL,'RIO DE JANEIRO','RJ','BRASIL','Rua Ana Neri','1798','1802','20960-005',NULL,'RIO DE JANEIRO','RJ','BRASIL',NULL,NULL,NULL,NULL,NULL,NULL,'(21) 3544-5926','Rua Ana Neri','1802',0,NULL,'LIVRE',NULL,NULL,NULL,NULL,NULL),
 (4046,NULL,'LM MÓVEIS HOSPITALARES',' Rodrigues & Ludwig Ltda.',' Rodrigues & Ludwig Ltda.','66.816.620/0001-01','J','647.203.349.115',NULL,NULL,NULL,NULL,NULL,'2010-03-08 00:00:00',NULL,NULL,'Rua Pedro Pandin','226',NULL,'15.035-490','Distrito Industrial','SAO JOSE DO RIO PRETO','SP','BRASIL','226','15.035-490','Distrito Industrial','SAO JOSE DO RIO PRETO','SP','BRASIL','Rua Pedro Pandin','226',NULL,'15.035-490','Distrito Industrial','SAO JOSE DO RIO PRETO','SP','BRASIL',NULL,NULL,NULL,NULL,NULL,NULL,NULL,'Rua Pedro Pandin',NULL,0,NULL,'LIVRE',NULL,NULL,NULL,NULL,NULL),
 (4047,NULL,'MAKRO ATACADISTA S/A','MAKRO ATACADISTA','MAKRO ATACADISTA','47427653000115','J','110553467110',NULL,'37452889','jdelgado@makro.com.br',NULL,'Jéssica Delgado','2010-03-11 00:00:00',NULL,NULL,'R. CARLOS LISDEGNO CARLUCCI','519',NULL,'05536900','Butantã  	','SAO PAULO','SP','BRASIL','519','05536900','Butantã  	','SAO PAULO','SP','BRASIL','R. CARLOS LISDEGNO CARLUCCI','519',NULL,'05536900','Butantã  	','SAO PAULO','SP','BRASIL',NULL,NULL,NULL,NULL,NULL,NULL,'37452624','R. CARLOS LISDEGNO CARLUCCI',NULL,0,NULL,'LIVRE',NULL,NULL,NULL,NULL,NULL),
 (4048,NULL,'M. A. MOTTA EXPRESSIVA AROMAS ME','WIDI CARE','WIDI CARE','09062439000113','J',NULL,NULL,NULL,'widi@globo.com',NULL,NULL,'2010-03-11 00:00:00',NULL,NULL,'Rua Constante Ramos','44','Sala 1109','21051-012',NULL,'RIO DE JANEIRO','RJ','BRASIL','44','21051-012',NULL,'RIO DE JANEIRO','RJ','BRASIL','Rua Constante Ramos','44','Sala 1109','21051-012',NULL,'RIO DE JANEIRO','RJ','BRASIL',NULL,NULL,NULL,NULL,NULL,NULL,'21 2255-4760','Rua Constante Ramos','Sala 1109',0,NULL,'LIVRE',NULL,NULL,NULL,NULL,NULL),
 (4049,NULL,'LEFT COSMÉTICOS LTDA. ME','LEFT HAIR CARE SOLUTIONS','LEFT HAIR CARE SOLUTIONS','08750498000111','J',NULL,NULL,NULL,'mailto:fernando@leftcosmeticos.com.br',NULL,'FERNANDO MARIANO','2010-03-11 00:00:00',NULL,NULL,'Rua Arapoca','311','Sala 1','03362-000',NULL,'SÃO PAULO','SP','BRASIL','311','03362-000',NULL,'SÃO PAULO','SP','BRASIL','Rua Arapoca','311','Sala 1','03362-000',NULL,'SÃO PAULO','SP','BRASIL',NULL,NULL,NULL,NULL,NULL,NULL,'11 25397610','Rua Arapoca','Sala 1',0,NULL,'LIVRE',NULL,NULL,NULL,NULL,NULL),
 (4050,NULL,'WAHL CLIPPER COMÉRCIO DE UTENSÍLIOS PARA CABELO LTDA.','WAHL CLIPPER BRAZIL','WAHL CLIPPER BRAZIL','08011326000126','J',NULL,NULL,NULL,'mailto:aaccioly@wahlbrasil.com.br',NULL,'Alice Accioly','2010-03-11 00:00:00',NULL,NULL,'Rua Voluntários da Pátria','301','Sala 802','22270-000',NULL,'RIO DE JANEIRO','RJ','BRASIL','301','22270-000',NULL,'RIO DE JANEIRO','RJ','BRASIL','Rua Voluntários da Pátria','301','Sala 802','22270-000',NULL,'RIO DE JANEIRO','RJ','BRASIL',NULL,NULL,NULL,NULL,NULL,NULL,'21 2286-1003','Rua Voluntários da Pátria','Sala 802',0,NULL,'LIVRE',NULL,NULL,NULL,NULL,NULL),
 (4051,NULL,'O REI DOS CABELOS LTDA. ME','O REI DOS CABELOS LTDA. ME','O REI DOS CABELOS LTDA. ME','03809022000195','J',NULL,NULL,NULL,'luiz@oreidoscabelos.com.br',NULL,'Luiz Alberto','2010-03-11 00:00:00',NULL,NULL,'Rua Riachuelo','60',NULL,'01007-000',NULL,'SÃO PAULO','SP','BRASIL','60','01007-000',NULL,'SÃO PAULO','SP','BRASIL','Rua Riachuelo','60',NULL,'01007-000',NULL,'SÃO PAULO','SP','BRASIL',NULL,NULL,NULL,NULL,NULL,NULL,'11 31059212','Rua Riachuelo',NULL,0,NULL,'LIVRE',NULL,NULL,NULL,NULL,NULL),
 (4052,NULL,'CEDEPI-CENTRO DE DESNVOLVMENTO DE PROCESSOS INVENTIVOS LTDA','CEDEPI','CEDEPI','09093027000140','F','0010438300084',NULL,NULL,'VENDAS@CEDEPI.COM',NULL,'MARCELO','2010-03-11 00:00:00',NULL,NULL,'R JOAO FERREIRA DOS SANTOS','278',NULL,'35519000',NULL,'NOVA SERRANA','MG','BRASIL','278','35519000',NULL,'NOVA SERRANA','MG','BRASIL','R JOAO FERREIRA DOS SANTOS','278',NULL,'35519000',NULL,'NOVA SERRANA','MG','BRASIL',NULL,NULL,NULL,NULL,NULL,NULL,'37 32264060','R JOAO FERREIRA DOS SANTOS',NULL,0,NULL,'LIVRE',NULL,NULL,NULL,NULL,NULL),
 (4053,NULL,'IJS GLOBAL LOGÍSTICA DO BRASIL LTDA','IJS GLOBAL LOGÍSTICA DO BRASIL LTDA','IJS GLOBAL LOGÍSTICA DO BRASIL LTDA','08235614000164','J',NULL,NULL,NULL,NULL,'luiz.figueira@ijsglobal.com',NULL,'2010-03-12 00:00:00',NULL,NULL,'R ALCIDES LOURENÇO DA ROCHA','167','8 AND CJ. 81','04571110',NULL,'SAO PAULO','SP','BRASIL','167','04571110',NULL,'SAO PAULO','SP','BRASIL','R ALCIDES LOURENÇO DA ROCHA','167','8 AND CJ. 81','04571110',NULL,'SAO PAULO','SP','BRASIL',NULL,NULL,NULL,NULL,NULL,NULL,NULL,'R ALCIDES LOURENÇO DA ROCHA','8 AND CJ. 81',0,NULL,'LIVRE',NULL,NULL,NULL,NULL,NULL),
 (4054,NULL,'TOMÉ EQUIPAMENTOS E TRANSPORTES S/A','TOMÉ EQUIPAMENTOS E TRANSPORTES S/A','TOMÉ EQUIPAMENTOS E TRANSPORTES S/A','44384832000124','J','635.133.917.110',NULL,NULL,'jbezerra@tome.com.br',NULL,'JUCELIA BATISTA BEZERRA','2010-03-12 00:00:00',NULL,NULL,'AV. JOSÉ ODORIZZI','900',NULL,'09810900',NULL,'SÃO BERNARDO DO CAMPO','SP','BRASIL','900','09810900',NULL,'SÃO BERNARDO DO CAMPO','SP','BRASIL','AV. JOSÉ ODORIZZI','900',NULL,'09810900',NULL,'SÃO BERNARDO DO CAMPO','SP','BRASIL',NULL,NULL,NULL,NULL,NULL,NULL,'11 43556006','AV. JOSÉ ODORIZZI',NULL,0,NULL,'LIVRE',NULL,NULL,NULL,NULL,NULL),
 (4055,NULL,'DEUGRO BRASIL LTDA','DEUGRO BRASIL LTDA','DEUGRO BRASIL LTDA',' 	09303312000149','J',NULL,NULL,NULL,'paula.mota@deugro.com',NULL,'Paula Mota','2010-03-12 00:00:00',NULL,NULL,'R. PEDROSO ALVARENGA','1221','CJ. 8-B','04531012',NULL,'SAO PAULO','SP','BRASIL','1221','04531012',NULL,'SAO PAULO','SP','BRASIL','R. PEDROSO ALVARENGA','1221','CJ. 8-B','04531012',NULL,'SAO PAULO','SP','BRASIL',NULL,NULL,NULL,NULL,NULL,NULL,'11 3074-1799','R. PEDROSO ALVARENGA','CJ. 8-B',0,NULL,'LIVRE',NULL,NULL,NULL,NULL,NULL),
 (4056,NULL,'GR ADMINISTRAÇÃO E PARTICIPAÇÕES LTDA','GR PROPERTIES','GR PROPERTIES','07331211000156','J',NULL,NULL,NULL,'andregavazza@grproperties.com.br',NULL,'ANDRÉ TAGLIASSACHI GAVAZZA','2010-03-12 00:00:00',NULL,NULL,'R TABAPUA 	','1123','4º ANDAR','04533014',NULL,'SAO PAULO','SP','BRASIL','1123','04533014',NULL,'SAO PAULO','SP','BRASIL','R TABAPUA 	','1123','4º ANDAR','04533014',NULL,'SAO PAULO','SP','BRASIL',NULL,NULL,NULL,NULL,NULL,NULL,'11-3709-2660','R TABAPUA 	','4º ANDAR',0,NULL,'LIVRE',NULL,NULL,NULL,NULL,NULL),
 (4057,NULL,'CENTER ANEL 3 LOGÍSTICA E PARTICIPAÇÕES LTDA','CENTER ANEL 3 LOGÍSTICA E PARTICIPAÇÕES LTDA','CENTER ANEL 3 LOGÍSTICA E PARTICIPAÇÕES LTDA','07941763000186','J',NULL,NULL,NULL,'erika.matsumoto@racional.com','ERIKA MASTUMOTO',NULL,'2010-03-12 00:00:00',NULL,NULL,'AV CHEDID JAFET','222','BL. D - 3 AND','04551065',NULL,'SAO PAULO','SP','BRASIL','222','04551065',NULL,'SAO PAULO','SP','BRASIL','AV CHEDID JAFET','222','BL. D - 3 AND','04551065',NULL,'SAO PAULO','SP','BRASIL',NULL,NULL,NULL,NULL,NULL,NULL,'37323775','AV CHEDID JAFET','BL. D - 3 AND',0,NULL,'LIVRE',NULL,NULL,NULL,NULL,NULL),
 (4058,NULL,'DUO EVENTOS E PROMOÇÕES LTDA.','DUO EVENTOS E PROMOÇÕES LTDA.','DUO EVENTOS E PROMOÇÕES LTDA.','08.902.810/0001-45','J',NULL,NULL,NULL,'gabriela@eventosduo.com',NULL,'GABRIELA','2010-03-12 00:00:00',NULL,NULL,'RA ÁTICA','186',NULL,'04634-040',NULL,'SÃO PAULO','SP','BRASIL','186','04634-040',NULL,'SÃO PAULO','SP','BRASIL','RA ÁTICA','186',NULL,'04634-040',NULL,'SÃO PAULO','SP','BRASIL',NULL,NULL,NULL,NULL,NULL,NULL,'11 55311074','RA ÁTICA',NULL,0,NULL,'LIVRE',NULL,NULL,NULL,NULL,NULL),
 (4059,NULL,'LONG RANGE SYSTEMS DO BRASIL EQUIP. ELETRONICOS LTDA','LONG RANGE','LONG RANGE','09249246000176','J','623105090113',NULL,NULL,'marco@pager.net',NULL,'Marco A Cairo','2010-03-12 00:00:00',NULL,NULL,'AV. DR YOJIRO TAKAOKA','4384','  2 andar, sala 210','06541038',NULL,'Santana de Parnaiba','SP','BRASIL','4384','06541038',NULL,'Santana de Parnaiba','SP','BRASIL','AV. DR YOJIRO TAKAOKA','4384','  2 andar, sala 210','06541038',NULL,'Santana de Parnaiba','SP','BRASIL',NULL,NULL,NULL,NULL,NULL,NULL,'11)4152-8416','AV. DR YOJIRO TAKAOKA','  2 andar, sala 210',0,NULL,'LIVRE',NULL,NULL,NULL,NULL,NULL),
 (4060,NULL,'BAUMER S.A.','BAUMER','BAUMER','61374161000130','J','456.056.910.118',NULL,NULL,'cristiane.bombarda@baumer.com.br',NULL,'Cristiane','2010-03-12 00:00:00',NULL,NULL,'Av. Pref. Antônio Tavares Leite','181',NULL,' 13803-330',NULL,'MOGI MIRIM','SP','BRASIL','181',' 13803-330',NULL,'MOGI MIRIM','SP','BRASIL','Av. Pref. Antônio Tavares Leite','181',NULL,' 13803-330',NULL,'MOGI MIRIM','SP','BRASIL',NULL,NULL,NULL,NULL,NULL,NULL,'19 3805 7557','Av. Pref. Antônio Tavares Leite',NULL,0,NULL,'LIVRE',NULL,NULL,NULL,NULL,NULL),
 (4061,NULL,'TRANSULTRA - ARMAZENAMENTO E TRANSPORTE ESPECIALIZADO LTDA','ULTRACARGO','ULTRACARGO','60959889003003','J','442210390112',NULL,NULL,'marlucia.lobo@ultracargo.com.br',NULL,'MARLUCIA','2010-03-15 00:00:00',NULL,NULL,'AV. BRIGADEIRO LUIZ ANTONIO','1343 4 AND','ALA B','01317910','BELA VISTA','SÃO PAULO','SP','BRASIL','1343 4 AND','01317910','BELA VISTA','SÃO PAULO','SP','BRASIL','AV. BRIGADEIRO LUIZ ANTONIO','1343 4 AND','ALA B','01317910','BELA VISTA','SÃO PAULO','SP','BRASIL',NULL,NULL,NULL,NULL,NULL,NULL,'3177-7302','AV. BRIGADEIRO LUIZ ANTONIO','ALA B',0,NULL,'LIVRE',NULL,NULL,NULL,NULL,NULL),
 (4062,NULL,'ITATRANS RL LOGÍSTICA INTERNACIONAL S/A','ITATRANS RL LOGÍSTICA','ITATRANS RL LOGÍSTICA','57067928000100','J','isento',NULL,NULL,'ricardofilho@itatransrl.com.br',NULL,'ricardo','2010-03-15 00:00:00',NULL,NULL,'R EDUARDO DE SOUZA ARANHA','153','10 andar','04543121','itaim Bibi','são paulo','SP','brasil','153','04543121','itaim Bibi','são paulo','SP','brasil','copiar dados',NULL,NULL,NULL,NULL,NULL,NULL,NULL,NULL,NULL,NULL,NULL,NULL,NULL,'11 3040-0129','R EDUARDO DE SOUZA ARANHA','10 andar',0,NULL,'LIVRE',NULL,NULL,NULL,NULL,NULL),
 (4063,NULL,'Mamuth Transporte de Máquinas Ltda','Mamuth Transporte','Mamuth Transporte','47.389.879/0001-79','J','109.565.650.111',NULL,NULL,'alexandre@mamuth.com.br',NULL,'Alexandre','2010-03-15 00:00:00',NULL,NULL,' Estrada Turística do Jaraguá','606',NULL,'05161-000','Jd. Jaraguá','São Paulo','SP','brasil','606','05161-000','Jd. Jaraguá','São Paulo','SP','brasil',NULL,NULL,NULL,NULL,NULL,NULL,NULL,NULL,NULL,'8.235.801-0',NULL,NULL,NULL,NULL,'(011) 3908.6200',' Estrada Turística do Jaraguá',NULL,0,NULL,'LIVRE',NULL,NULL,NULL,NULL,NULL),
 (4064,NULL,'CONEXÃO G IMPORT E EXPORT LTDA','CONEXÃO G IMPORT E EXPORT','CONEXÃO G IMPORT E EXPORT','04131253000155','J',NULL,NULL,NULL,'21 7835-5167',NULL,'JONADABE','2010-03-15 00:00:00',NULL,NULL,'Rua Ana Cardoso','381',NULL,'26260-010',NULL,'NOVA IGUAÇU','RJ','BRASIL','381','26260-010',NULL,'NOVA IGUAÇU','RJ','BRASIL','Rua Ana Cardoso','381',NULL,'26260-010',NULL,'NOVA IGUAÇU','RJ','BRASIL',NULL,NULL,NULL,NULL,NULL,NULL,'21 7835-5167','Rua Ana Cardoso',NULL,0,NULL,'LIVRE',NULL,NULL,NULL,NULL,NULL),
 (4065,NULL,'DESC LIFE IND.E COM. DE DESCARTÁVEIS E EPI','DESC LIFE IND.E COM.','DESC LIFE IND.E COM.','08442245000180','J',NULL,NULL,NULL,'mkt@protdesc.com.br',NULL,'Ana Paula','2010-03-15 00:00:00',NULL,NULL,'Rua João Colovan Filho','193/209',NULL,'13456-134',NULL,'SANTA BARBARA','SP','BRASIL','193/209','13456-134',NULL,'SANTA BARBARA','SP','BRASIL','Rua João Colovan Filho','193/209',NULL,'13456-134',NULL,'SANTA BARBARA','SP','BRASIL',NULL,NULL,NULL,NULL,NULL,NULL,'019 3026 5783','Rua João Colovan Filho',NULL,0,NULL,'LIVRE',NULL,NULL,NULL,NULL,NULL),
 (4066,NULL,'IMF TECNOLOGIA PARA SAÚDE LTDA','IMF TECNOLOGIA','IMF TECNOLOGIA','07140025000130','J',NULL,NULL,NULL,'isabela@imftec.com.br',NULL,'isabela','2010-03-15 00:00:00',NULL,NULL,'Rua Araquã','44',NULL,'01306-020',NULL,'São Paulo','SP','brasil','44','01306-020',NULL,'São Paulo','SP','brasil','Rua Araquã','44',NULL,'01306-020',NULL,'São Paulo','SP','brasil',NULL,NULL,NULL,NULL,NULL,NULL,'3263-0319','Rua Araquã',NULL,0,NULL,'LIVRE',NULL,NULL,NULL,NULL,NULL),
 (4067,NULL,'ACSP - ASSOCIAÇÃO COMERCIAL DE SÃO PAULO','ACSP - ASSOCIAÇÃO COMERCIAL DE SÃO PAULO','ACSP - ASSOCIAÇÃO COMERCIAL DE SÃO PAULO','60524550000131','J','isenta',NULL,NULL,'sdocal@acsp.com.br',NULL,'STELLA','2010-03-16 00:00:00',NULL,NULL,'RUA BOA VISTA','5','4 andar','01014911','bela vista','sao paulo','SP','brasil','5','01014911','bela vista','sao paulo','SP','brasil','RUA BOA VISTA','5','4 andar','01014911','bela vista','sao paulo','SP','brasil',NULL,NULL,NULL,NULL,NULL,NULL,'11 9218-1727','RUA BOA VISTA','4 andar',0,NULL,'LIVRE',NULL,NULL,NULL,NULL,NULL),
 (4068,NULL,'Marimex Despachos, Transportes e Serviços Ltda','Marimex Despachos, Transportes e Serviços','Marimex Despachos, Transportes e Serviços','45.050.663/0001-59','J',' 633.026.139.119',NULL,NULL,'priscilla@marimex.com.br',NULL,'PRISCILA','2010-03-16 00:00:00',NULL,NULL,'Rua Xavier Pinheiro','23',NULL,'11015-090','MACUCO','SANTOS','SP','BRASIL','23','11015-090','MACUCO','SANTOS','SP','BRASIL','Rua Xavier Pinheiro','23',NULL,'11015-090','MACUCO','SANTOS','SP','BRASIL',NULL,'54.334-7',NULL,NULL,NULL,NULL,'13.3202.5051','Rua Xavier Pinheiro',NULL,0,NULL,'LIVRE',NULL,NULL,NULL,NULL,NULL),
 (4069,NULL,'REVITALLE CAPELLI DIST. EPP','REVITALLE CAPELLI DIST','REVITALLE CAPELLI DIST','07088.672/0001-40','J','78073446',NULL,NULL,'revitallecapellisp@gmail.com',NULL,'Michele','2010-03-17 00:00:00',NULL,NULL,'Praça Carlos Gomes','126','cj.52','70304-902','LIBERDADE','SAO PAULO','SP','BRASIL','126','70304-902','LIBERDADE','SAO PAULO','SP','BRASIL','Praça Carlos Gomes','126','cj.52','70304-902','LIBERDADE','SAO PAULO','SP','BRASIL',NULL,NULL,NULL,NULL,NULL,NULL,'3104-8726','Praça Carlos Gomes','cj.52',0,NULL,'LIVRE',NULL,NULL,NULL,NULL,NULL),
 (4070,NULL,'INFRAERO - EMPRESA BRASILEIRA DE INFRA-ESTRUTURA AEROPORTUÁRIA','INFRAERO - EMPRESA BRASILEIRA DE INFRA-ESTRUTURA AEROPORTUÁRIA','INFRAERO - EMPRESA BRASILEIRA DE INFRA-ESTRUTURA AEROPORTUÁRIA','00352294000110','J',NULL,NULL,NULL,'junia_foschete@infraero.gov.br',NULL,'Júnia','2010-03-17 00:00:00',NULL,NULL,'SCS - Quadra 04 - Bl. A','N.º 58','Ed. Infraero - 5º andar (LCNM-1)','70304-902',NULL,'BRASILIA','DF','BRASIL','N.º 58','70304-902',NULL,'BRASILIA','DF','BRASIL','SCS - Quadra 04 - Bl. A','N.º 58','Ed. Infraero - 5º andar (LCNM-1)','70304-902',NULL,'BRASILIA','DF','BRASIL',NULL,NULL,NULL,NULL,NULL,NULL,'61 3312.3400','SCS - Quadra 04 - Bl. A','Ed. Infraero - 5º andar (LCNM-1)',0,NULL,'LIVRE',NULL,NULL,NULL,NULL,NULL),
 (4071,NULL,'EMPILHADEIRAS SUL AMERICANAS LTDA','EMPILHADEIRAS SUL AMERICANAS','EMPILHADEIRAS SUL AMERICANAS','42365296000941','J','492450251117',NULL,NULL,'elisabete.olanda@linde-mh.com.br',NULL,'ELISABETE','2010-03-17 00:00:00',NULL,NULL,'R. ANHANGUERA','1121',NULL,'06230110','JD PIRATININGA','OSASCO','SP','BRASIL','1121','06230110','JD PIRATININGA','OSASCO','SP','BRASIL','R. ANHANGUERA','1121',NULL,'06230110','JD PIRATININGA','OSASCO','SP','BRASIL',NULL,NULL,NULL,NULL,NULL,NULL,'11 3604 47 55','R. ANHANGUERA',NULL,0,NULL,'LIVRE',NULL,NULL,NULL,NULL,NULL),
 (4072,NULL,'FIORESTTA COSMÉTICA LTDA-ME','FIORESTTA COSMÉTICA','FIORESTTA COSMÉTICA','28687630000103','J',NULL,NULL,NULL,'eventos@fingrs.com.br',NULL,'EMILIE','2010-03-17 00:00:00',NULL,NULL,'Rua Flor de Noiva','555',NULL,NULL,'Quinta da Boa Vista','Itaquaquecetuba','SP','BRASIL','555',NULL,'Quinta da Boa Vista','Itaquaquecetuba','SP','BRASIL','Rua Flor de Noiva','555',NULL,NULL,'Quinta da Boa Vista','Itaquaquecetuba','SP','BRASIL',NULL,NULL,NULL,NULL,NULL,NULL,'21 8722.3265','Rua Flor de Noiva',NULL,0,NULL,'LIVRE',NULL,NULL,NULL,NULL,NULL),
 (4073,NULL,'UPS DO BRASIL REMESSAS EXPRESSAS LTDA','UPS DO BRASIL REMESSAS EXPRESSAS','UPS DO BRASIL REMESSAS EXPRESSAS','74155052000173','J',NULL,NULL,NULL,'adasilva@ups.com.br',NULL,'ALINE','2010-03-17 00:00:00',NULL,NULL,'RUA DON AGUIRRE','554',NULL,'01451-000',NULL,'SÃO PAULO','SP','BRASIL','554','01451-000',NULL,'SÃO PAULO','SP','BRASIL','RUA DON AGUIRRE','554',NULL,'01451-000',NULL,'SÃO PAULO','SP','BRASIL',NULL,NULL,NULL,NULL,NULL,NULL,'Tel: 55 11 5694-6715','RUA DON AGUIRRE',NULL,0,NULL,'LIVRE',NULL,NULL,NULL,NULL,NULL),
 (4074,NULL,'LOCALFRIO S.A. Armazéns Gerais Frigoríficos','LOCALFRIO S.A. Armazéns Gerais Frigoríficos','LOCALFRIO S.A. Armazéns Gerais Frigoríficos','58.317.751/0004-69','J',' 113.795.499.117','(11) 3046-4600',NULL,'renata.ortega@localfrio.com.br',NULL,'RENATA','2010-03-17 00:00:00',NULL,NULL,'Rua do Rocio','229','8º e 9º andares','04552-903','VILA OLIMPIA','SAO PAULO','SP','BRASIL','229','04552-903','VILA OLIMPIA','SAO PAULO','SP','BRASIL','Rua do Rocio','229','8º e 9º andares','04552-903','VILA OLIMPIA','SAO PAULO','SP','BRASIL',NULL,'2.214.348-3',NULL,NULL,NULL,NULL,NULL,'Rua do Rocio','8º e 9º andares',0,NULL,'LIVRE',NULL,NULL,NULL,NULL,NULL),
 (4075,NULL,'PRIMAX TRANSPORTES PESADOS LTDA','PRIMAX TRANSPORTES PESADOS LTDA','PRIMAX TRANSPORTES PESADOS LTDA','60.603.461/0001-80','J','107.734.117.111',NULL,NULL,'primaxht@uol.com.br',NULL,'mary','2010-03-17 00:00:00',NULL,NULL,' R Marina Ciufuli Zanfelice','440',NULL,'05040-000','LAPA','SÃO PAULO','SP','BRASIL','440','05040-000','LAPA','SÃO PAULO','SP','BRASIL',' R Marina Ciufuli Zanfelice','440',NULL,'05040-000','LAPA','SÃO PAULO','SP','BRASIL',NULL,'1.015.828-6',NULL,NULL,NULL,NULL,'(19) 3887-5095',' R Marina Ciufuli Zanfelice',NULL,0,NULL,'LIVRE',NULL,NULL,NULL,NULL,NULL),
 (4076,NULL,'R. RUGGERO - ME','R. RUGGERO','R. RUGGERO','08898923000114','J',NULL,'19-81174389',NULL,'comercial@ruggerocosmeticos.com.br',NULL,'RICARDO','2010-03-18 00:00:00',NULL,NULL,'Rua XV de Novembro','463','sala 1','13820-000',NULL,'JAGUARIUNA','SP','BRASIL','463','13820-000',NULL,'JAGUARIUNA','SP','BRASIL','Rua XV de Novembro','463','sala 1','13820-000',NULL,'JAGUARIUNA','SP','BRASIL',NULL,NULL,NULL,NULL,NULL,NULL,NULL,'Rua XV de Novembro','sala 1',0,NULL,'LIVRE',NULL,NULL,NULL,NULL,NULL),
 (4077,NULL,'ESTAPOSTES TRANSPORTES RODOVIÁRIOS LTDA','ESTAPOSTES TRANSPORTES RODOVIÁRIOS','ESTAPOSTES TRANSPORTES RODOVIÁRIOS','45110319000965','J','336725300113','(11) 2489-3020',NULL,'marcelle@estapostes.com.br',NULL,'MARCELLE','2010-03-18 00:00:00',NULL,NULL,'R EDUARDO FRONNER','269',NULL,'07243590','BONSUCESSO','GUARULHOS','SP','BRASIL','269','07243590','BONSUCESSO','GUARULHOS','SP','BRASIL','R EDUARDO FRONNER','269',NULL,'07243590','BONSUCESSO','GUARULHOS','SP','BRASIL',NULL,NULL,NULL,NULL,NULL,NULL,NULL,'R EDUARDO FRONNER',NULL,0,NULL,'LIVRE',NULL,NULL,NULL,NULL,NULL),
 (4078,NULL,'TAM Linhas Aéreas S/A','TAM Linhas Aéreas S/A','TAM Linhas Aéreas S/A','02.012.862/0001-60','J','112.347.127.116',NULL,NULL,'julio.rodrigues@tam.com.br / mayara.andreoli@tam.com.br',NULL,'Mayara Andreoli','2010-03-18 00:00:00',NULL,NULL,'Avenida Jurandir','856','lote 04 – 2º andar','04072-000','JARDIM CECI','SÃO PAULO','SP','BRASIL','856','04072-000','JARDIM CECI','SÃO PAULO','SP','BRASIL','Avenida Jurandir','856','lote 04 – 2º andar','04072-000','JARDIM CECI','SÃO PAULO','SP','BRASIL',NULL,NULL,NULL,NULL,NULL,NULL,'11 5582-8706','Avenida Jurandir','lote 04 – 2º andar',0,NULL,'LIVRE',NULL,NULL,NULL,NULL,NULL),
 (4079,NULL,'NSR INDÚSTRIA, COMÉRCIO E REPRESENTAÇÕES LTDA.','NSR INDÚSTRIA, COMÉRCIO E REPRESENTAÇÕES','NSR INDÚSTRIA, COMÉRCIO E REPRESENTAÇÕES','50885268000126','J','206.113.165.110',NULL,NULL,'suprimentos@nevoni.com.br',NULL,'GRAZIELA','2010-03-18 00:00:00',NULL,NULL,'Av. Gupe','10767','BLOCO C GALPAO 16','06422-120',NULL,'BARUERI','SP','BRASIL','10767','06422-120',NULL,'BARUERI','SP','BRASIL','Av. Gupe','10767','BLOCO C GALPAO 16','06422-120',NULL,'BARUERI','SP','BRASIL',NULL,NULL,NULL,NULL,NULL,NULL,'(11) 4619-2066','Av. Gupe','BLOCO C GALPAO 16',0,NULL,'LIVRE',NULL,NULL,NULL,NULL,NULL),
 (4080,NULL,'BIO-ART EQUIPAMENTOS ODONTOLÓGICOS LTDA','BIO-ART EQUIPAMENTOS ODONTOLÓGICOS','BIO-ART EQUIPAMENTOS ODONTOLÓGICOS','58538372000156','J',NULL,NULL,NULL,'vendas@bioart.com.br',NULL,'DANIEL MARÇAL SILVA','2010-03-18 00:00:00',NULL,NULL,'Rua Teotônio Vilela 13568-000','120',NULL,'13568-000',NULL,'SÃO CARLOS','SP','BRASIL','120','13568-000',NULL,'SÃO CARLOS','SP','BRASIL','Rua Teotônio Vilela 13568-000','120',NULL,'13568-000',NULL,'SÃO CARLOS','SP','BRASIL',NULL,NULL,NULL,NULL,NULL,NULL,'16- 3371-6502','Rua Teotônio Vilela 13568-000',NULL,0,NULL,'LIVRE',NULL,NULL,NULL,NULL,NULL),
 (4081,NULL,'E. TAMUSSINO & CIA. LTDA.','E. TAMUSSINO & CIA','E. TAMUSSINO & CIA','33100082000103','J',NULL,NULL,NULL,'secretaria02@tamussino.com.br',NULL,'STEFAN','2010-03-19 00:00:00',NULL,NULL,'Rua Washington Luis','97',NULL,'20230-021',NULL,'RIO DE JANEIRO','RJ','BRASIL','97','20230-021',NULL,'RIO DE JANEIRO','RJ','BRASIL','Rua Washington Luis','97',NULL,'20230-021',NULL,'RIO DE JANEIRO','RJ','BRASIL',NULL,NULL,NULL,NULL,NULL,NULL,'21 3221-8547','Rua Washington Luis',NULL,0,NULL,'LIVRE',NULL,NULL,NULL,NULL,NULL),
 (4082,NULL,'GRANITOS SÃO DOMINGOS','SÃO DOMINGOS GRANITOS','SÃO DOMINGOS GRANITOS','67431098000102','J',NULL,NULL,NULL,'fernanda@saodomingosgranitos.com.br',NULL,'FERNANDA','2010-03-22 00:00:00',NULL,NULL,'AV JOAQUIM DE NAZARETH','219',NULL,'02976160',NULL,'SÃO PAULO','SP','BRASIL','219','02976160',NULL,'SÃO PAULO','SP','BRASIL','AV JOAQUIM DE NAZARETH','219',NULL,'02976160',NULL,'SÃO PAULO','SP','BRASIL',NULL,NULL,NULL,NULL,NULL,NULL,'(11) 3974-9572','AV JOAQUIM DE NAZARETH',NULL,0,NULL,'LIVRE',NULL,NULL,NULL,NULL,NULL),
 (4083,NULL,'CAMPOS ALMEIDA COM. DE ACESSÓRIOS DE MODA E BIJOUTERIA LTDA','CAMPOS SORAYA CAMPOS','CAMPOS SORAYA CAMPOS','07911297000196','J',NULL,NULL,NULL,'soraya@sorayacampos.com.br',NULL,'SORAYA','2010-03-22 00:00:00',NULL,NULL,'Rua Aldine',' 70',NULL,'26020-700',NULL,'NOVA IGUÇU','RJ','BRASIL',' 70','26020-700',NULL,'NOVA IGUÇU','RJ','BRASIL','Rua Aldine',' 70',NULL,'26020-700',NULL,'NOVA IGUÇU','RJ','BRASIL',NULL,NULL,NULL,NULL,NULL,NULL,'21-3102-3968','Rua Aldine',NULL,0,NULL,'LIVRE',NULL,NULL,NULL,NULL,NULL),
 (4084,NULL,'Panorama Diário Comercial e Publicidade Ltda','Panorama Diário Comercial e Publicidade Ltda','Panorama Diário Comercial e Publicidade Ltda','03.318.040/0001-74','J','116.288.250.113',NULL,NULL,'leny@dci.com.br',NULL,'LENY','2010-03-24 00:00:00',NULL,NULL,'R. BACAETAVA','191','1 ANDAR','04705-010','VILA GERTRUDES	','SAO PAULO','SP','BRASIL','191','04705-010','VILA GERTRUDES	','SAO PAULO','SP','BRASIL','R. BACAETAVA','191','1 ANDAR','04705-010','VILA GERTRUDES	','SAO PAULO','SP','BRASIL',NULL,NULL,NULL,NULL,NULL,NULL,NULL,'R. BACAETAVA','1 ANDAR',0,NULL,'LIVRE',NULL,NULL,NULL,NULL,NULL),
 (4085,NULL,'LABTEST DIAGNÓSTICA S.A.','LABTEST DIAGNÓSTICA S.A.','LABTEST DIAGNÓSTICA S.A.','16516296000138','J',NULL,NULL,NULL,'mariana.porto@labtest.com.br',NULL,'MARIANA','2010-03-24 00:00:00',NULL,NULL,'Av. Paulo Ferreira da Costa, 600',NULL,NULL,'33400-000',NULL,'LAGOA SANTA','MG','BRASIL',NULL,'33400-000',NULL,'LAGOA SANTA','MG','BRASIL',NULL,NULL,NULL,NULL,NULL,NULL,NULL,NULL,NULL,NULL,NULL,NULL,NULL,NULL,'31 3689-6958','Av. Paulo Ferreira da Costa, 600',NULL,0,NULL,'LIVRE',NULL,NULL,NULL,NULL,NULL),
 (4086,NULL,'Valmari Administração Participações e Franchising  Ltda','Valmari Administração Participações e Franchising','Valmari Administração Participações e Franchising','00.161.336/0001-36','J','ISENTO',NULL,NULL,'valmaripress@valmari.com.br',NULL,'PETRAS','2010-03-24 00:00:00',NULL,NULL,'Rua 13 de Maio','37','SALA 1','09690-000','Jd. Canhema','DIADEMA','SP','BRASIL','37','09690-000','Jd. Canhema','DIADEMA','SP','BRASIL','Rua 13 de Maio','37','SALA 1','09690-000','Jd. Canhema','DIADEMA','SP','BRASIL',NULL,NULL,NULL,NULL,NULL,NULL,'38785888','Rua 13 de Maio','SALA 1',0,NULL,'LIVRE',NULL,NULL,NULL,NULL,NULL),
 (4087,NULL,'LUNIZ COSMÉTICOS LTDA','LUNIZ COSMÉTICOS','LUNIZ COSMÉTICOS','09155178000186','J',NULL,NULL,NULL,'lucapaysil@hotmail.com',NULL,'LUIZ CARLOS','2010-03-24 00:00:00',NULL,NULL,'Rua Coimbra','521',NULL,'14075-450',NULL,'RIBEIRAO PRETO','SP','BRASIL','521','14075-450',NULL,'RIBEIRAO PRETO','SP','BRASIL','Rua Coimbra','521',NULL,'14075-450',NULL,'RIBEIRAO PRETO','SP','BRASIL',NULL,NULL,NULL,NULL,NULL,NULL,'11 31054244','Rua Coimbra',NULL,0,NULL,'LIVRE',NULL,NULL,NULL,NULL,NULL),
 (4088,NULL,'EQUIPLEX INDÚSTRIA FARMACÊUTICA LTDA','EQUIPLEX INDÚSTRIA FARMACÊUTICA','EQUIPLEX INDÚSTRIA FARMACÊUTICA','01784792000103','J',NULL,NULL,NULL,'jucicleide@equiplex.com.br',NULL,'JUCICLEYDE','2010-03-24 00:00:00',NULL,NULL,'Rua Thubérgia','233','Quadra K','74986-710',NULL,'APARECIDA DE GOIÂNIA','GO','BRASIL','233','74986-710',NULL,'APARECIDA DE GOIÂNIA','GO','BRASIL','Rua Thubérgia','233','Quadra K','74986-710',NULL,'APARECIDA DE GOIÂNIA','GO','BRASIL',NULL,NULL,NULL,NULL,NULL,NULL,'62 4012-1103','Rua Thubérgia','Quadra K',0,NULL,'LIVRE',NULL,NULL,NULL,NULL,NULL),
 (4089,NULL,'TECNOPERFIL PLÁSTICOS LTDA','TECNOPERFIL PLÁSTICOS','TECNOPERFIL PLÁSTICOS','00341857000175','J',NULL,NULL,NULL,'giana@tecnoperfil.com.br',NULL,'GIANA','2010-03-24 00:00:00',NULL,NULL,'Rua Clodoaldo Gomes','375',NULL,'89219-550',NULL,'JOINVILE','SC','BRASIL','375','89219-550',NULL,'JOINVILE','SC','BRASIL','Rua Clodoaldo Gomes','375',NULL,'89219-550',NULL,'JOINVILE','SC','BRASIL',NULL,NULL,NULL,NULL,NULL,NULL,'4734311236','Rua Clodoaldo Gomes',NULL,0,NULL,'LIVRE',NULL,NULL,NULL,NULL,NULL),
 (4090,NULL,'AGILIS DISTRIBUIDORA DE BEBIDAS','AGILIS DISTRIBUIDORA DE BEBIDAS','AGILIS DISTRIBUIDORA DE BEBIDAS','10796179000199','J','148585019116',NULL,NULL,'lidiane@agilisdistribuidora.com.br',NULL,'LIDIANE','2010-03-24 00:00:00',NULL,NULL,'R. JAVARI','236',NULL,'03112100','MOOCA	','SÃO PAULO','SP','BRASIL','236','03112100','MOOCA	','SÃO PAULO','SP','BRASIL','R. JAVARI','236',NULL,'03112100','MOOCA	','SÃO PAULO','SP','BRASIL',NULL,NULL,NULL,NULL,NULL,NULL,'11 2305-6572','R. JAVARI',NULL,0,NULL,'LIVRE',NULL,NULL,NULL,NULL,NULL),
 (4091,NULL,'COMERCIAL FACIS LTDA','COMERCIAL FACIS','COMERCIAL FACIS','01435768000150','J',NULL,NULL,NULL,'deise@facislito.com.br',NULL,'DEISE','2010-03-24 00:00:00',NULL,NULL,'Rua Minas Gerais, 43',NULL,NULL,'01244-011',NULL,'SÃO PAULO','SP','BRASIL',NULL,'01244-011',NULL,'SÃO PAULO','SP','BRASIL','Rua Minas Gerais, 43',NULL,NULL,'01244-011',NULL,'SÃO PAULO','SP','BRASIL',NULL,NULL,NULL,NULL,NULL,NULL,'(11)3218-3666','Rua Minas Gerais, 43',NULL,0,NULL,'LIVRE',NULL,NULL,NULL,NULL,NULL),
 (4092,NULL,'K. TAKAOKA INDÚSTRIA E COMÉRCIO LTDA','K. TAKAOKA INDÚSTRIA E COMÉRCIO','K. TAKAOKA INDÚSTRIA E COMÉRCIO','61489381000109','J',NULL,NULL,NULL,'bfranzin@ktk.ind.br',NULL,'BRUNA','2010-03-24 00:00:00',NULL,NULL,'Rua Gen. Izidoro Dias Lopes','121/141',NULL,'09687-100',NULL,'SÃO BERNARDO DO CAMPO','SP','BRASIL','121/141','09687-100',NULL,'SÃO BERNARDO DO CAMPO','SP','BRASIL','Rua Gen. Izidoro Dias Lopes','121/141',NULL,'09687-100',NULL,'SÃO BERNARDO DO CAMPO','SP','BRASIL',NULL,NULL,NULL,NULL,NULL,NULL,'11-4176-3636','Rua Gen. Izidoro Dias Lopes',NULL,0,NULL,'LIVRE',NULL,NULL,NULL,NULL,NULL),
 (4093,NULL,'DINATEC INDÚSTRIA E COMÉRCIO LTDA.','DINATEC INDÚSTRIA E COMÉRCIO','DINATEC INDÚSTRIA E COMÉRCIO','02257617000112','J',NULL,NULL,NULL,'secretaria@dinatec.ind.br',NULL,'DANIELLE','2010-03-24 00:00:00',NULL,NULL,'Rua Valdomiro Valaski','2006',NULL,'83065-400',NULL,'SÃO JOSÉ DOS PINHAIS','PR','BRASIL','2006','83065-400',NULL,'SÃO JOSÉ DOS PINHAIS','PR','BRASIL','Rua Valdomiro Valaski','2006',NULL,'83065-400',NULL,'SÃO JOSÉ DOS PINHAIS','PR','BRASIL',NULL,NULL,NULL,NULL,NULL,NULL,'41 3595 8612','Rua Valdomiro Valaski',NULL,0,NULL,'LIVRE',NULL,NULL,NULL,NULL,NULL),
 (4094,NULL,'CENTRO METROPOLITANO DE COSMÉTICOS LTDA','IKESAKI COSMÉTICOS','IKESAKI COSMÉTICOS','54801535000190','J',NULL,NULL,NULL,'vladimir@ikesaki.com.br',NULL,'VLADIMIR','2010-03-24 00:00:00',NULL,NULL,'RUA GALVAO BUENO','37',NULL,'01506-000',NULL,'SÃO PAULO','SP','BRASIL','37','01506-000',NULL,'SÃO PAULO','SP','BRASIL','RUA GALVAO BUENO','37',NULL,'01506-000',NULL,'SÃO PAULO','SP','BRASIL',NULL,NULL,NULL,NULL,NULL,NULL,'11 8354.9824','RUA GALVAO BUENO',NULL,0,NULL,'LIVRE',NULL,NULL,NULL,NULL,NULL),
 (4095,NULL,'DEUGRO BRASIL LTDA','DEUGRO BRASIL','DEUGRO BRASIL','09303312000149','J',NULL,NULL,NULL,'paula.mota@deugro.com',NULL,'PAULA','2010-03-24 00:00:00',NULL,NULL,'R. PEDROSO ALVARENGA','1221','CJ 8B','04531012',NULL,'SÃO PAULO','SP','BRASIL','1221','04531012',NULL,'SÃO PAULO','SP','BRASIL','R. PEDROSO ALVARENGA','1221','CJ 8B','04531012',NULL,'SÃO PAULO','SP','BRASIL',NULL,NULL,NULL,NULL,NULL,NULL,'11 3074-1799','R. PEDROSO ALVARENGA','CJ 8B',0,NULL,'LIVRE',NULL,NULL,NULL,NULL,NULL),
 (4102,NULL,'PETER CHANBER IND. E COM. DE COSMÉTICOS E SERVIÇOS LTDA','PETER CHANBER IND. E COM. DE COSMÉTICOS E SERVIÇOS','PETER CHANBER IND. E COM. DE COSMÉTICOS E SERVIÇOS','56324130000134','J','111676303114',NULL,NULL,'anapaula.sousa@gmail.com',NULL,'Ana Paula Sousa','2010-03-25 00:00:00',NULL,NULL,'Av. Visconde do Rio Grande','489',NULL,'05870-200',NULL,'SÃO PAULO','SP','BRASIL','489','05870-200',NULL,'SÃO PAULO','SP','BRASIL','Av. Visconde do Rio Grande','489',NULL,'05870-200',NULL,'SÃO PAULO','SP','BRASIL',NULL,NULL,NULL,NULL,NULL,NULL,'(11) 5873-2626','Av. Visconde do Rio Grande',NULL,0,NULL,'LIVRE',NULL,NULL,NULL,NULL,NULL),
 (4104,NULL,'Salomão Editora Ltda ME','Salomão Editora','Salomão Editora','07.443.693/0001-36','J',NULL,NULL,NULL,'faty@belezain.com.br',NULL,'FATY','2010-03-25 00:00:00',NULL,NULL,'Av: Waldemar Carlos Pereira','310',NULL,'03187-060','VILA DALILA','SÃO PAULO','SP','BRASIL','310','03187-060','VILA DALILA','SÃO PAULO','SP','BRASIL','Av: Waldemar Carlos Pereira','310',NULL,'03187-060','VILA DALILA','SÃO PAULO','SP','BRASIL',NULL,NULL,NULL,NULL,NULL,NULL,'(11) 2601-1337','Av: Waldemar Carlos Pereira',NULL,0,NULL,'LIVRE',NULL,NULL,NULL,NULL,NULL),
 (4105,NULL,'SAWAE TECNOLOGIA LTDA','SAWAE TECNOLOGIA','SAWAE TECNOLOGIA','71256283000185','J',NULL,NULL,NULL,'otto.dornas@sawae.com.br',NULL,'OTTO','2010-03-25 00:00:00',NULL,NULL,'Rua Star','420',NULL,'34000-000',NULL,'NOVA LIMA','MG','BRASIL','420','34000-000',NULL,'NOVA LIMA','MG','BRASIL','Rua Star','420',NULL,'34000-000',NULL,'NOVA LIMA','MG','BRASIL',NULL,NULL,NULL,NULL,NULL,NULL,'31-31174413','Rua Star',NULL,0,NULL,'LIVRE',NULL,NULL,NULL,NULL,NULL),
 (4106,NULL,'NETWORK BEAUTY & FASHION COSMETICA LTDA','NETWORK BEAUTY & FASHION COSMETICA','NETWORK BEAUTY & FASHION COSMETICA','03424849000180','J',NULL,NULL,NULL,'tadeuitallian@uol.com.br',NULL,'TADEU','2010-03-26 00:00:00',NULL,NULL,'Rua Sargento Oswaldo, 129',NULL,NULL,'03069-020',NULL,'SÃO PAULO','SP','BRASIL',NULL,'03069-020',NULL,'SÃO PAULO','SP','BRASIL','Rua Sargento Oswaldo, 129',NULL,NULL,'03069-020',NULL,'SÃO PAULO','SP','BRASIL',NULL,NULL,NULL,NULL,NULL,NULL,'11 2095 8880','Rua Sargento Oswaldo, 129',NULL,0,NULL,'LIVRE',NULL,NULL,NULL,NULL,NULL),
 (4107,NULL,'NETWORK BEAUTY & FASHION COSMETICA LTDA','NETWORK BEAUTY & FASHION COSMETICA LTDA','NETWORK BEAUTY & FASHION COSMETICA LTDA','03424849000180','J',NULL,NULL,NULL,'tadeuitallian@uol.com.br',NULL,'TADEU','2010-03-29 00:00:00',NULL,NULL,'Rua Sargento Oswaldo','129',NULL,'03069-020',NULL,'SÃO PAULO','SP','BRASIL','129','03069-020',NULL,'SÃO PAULO','SP','BRASIL','Rua Sargento Oswaldo','129',NULL,'03069-020',NULL,'SÃO PAULO','SP','BRASIL',NULL,NULL,NULL,NULL,NULL,NULL,'(11) 2095 8888','Rua Sargento Oswaldo',NULL,0,NULL,'LIVRE',NULL,NULL,NULL,NULL,NULL),
 (4108,NULL,'DOMPEL INDÚSTRIA PLÁSTICA E METALÚRGICA LTDA.','DOMPEL INDÚSTRIA PLÁSTICA E METALÚRGICA','DOMPEL INDÚSTRIA PLÁSTICA E METALÚRGICA','87203121000119','J',NULL,NULL,NULL,NULL,NULL,'VERIDIANA','2010-03-29 00:00:00',NULL,NULL,'Rua Silveira Martins','1265',NULL,'95082-000',NULL,'CAXIAS DO SUL','RS','BRASIL','1265','95082-000',NULL,'CAXIAS DO SUL','RS','BRASIL','Rua Silveira Martins','1265',NULL,'95082-000',NULL,'CAXIAS DO SUL','RS','BRASIL',NULL,NULL,NULL,NULL,NULL,NULL,'(54) 37336470','Rua Silveira Martins',NULL,0,NULL,'LIVRE',NULL,NULL,NULL,NULL,NULL),
 (4109,NULL,'AMANDA COELHO SOUZA ME','AMANDA COELHO SOUZA','AMANDA COELHO SOUZA','08771566000129','J',NULL,NULL,NULL,'AMANDA@DIVASCABELOSNATURAIS.COM.BR',NULL,'AMANDA','2010-03-29 00:00:00',NULL,NULL,'LIBERO BADARO','644',NULL,'01011-100',NULL,'SÃO PAULO','SP','BRASIL','644','01011-100',NULL,'SÃO PAULO','SP','BRASIL','LIBERO BADARO','644',NULL,'01011-100',NULL,'SÃO PAULO','SP','BRASIL',NULL,NULL,NULL,NULL,NULL,NULL,'(11) 31042895','LIBERO BADARO',NULL,0,NULL,'LIVRE',NULL,NULL,NULL,NULL,NULL),
 (4110,NULL,'AGREMIAÇÃO DOS CABELEREIROS UNISSEX DO BRASIL','AGREMIAÇÃO DOS CABELEREIROS UNISSEX DO BRASIL','AGREMIAÇÃO DOS CABELEREIROS UNISSEX DO BRASIL','45588258000199','J',NULL,NULL,NULL,'CLARICE@CLARABELLA.COM.BR',NULL,'CLARICE','2010-03-29 00:00:00',NULL,NULL,'RUA ANTONIO VAZ','118',NULL,'05818-240',NULL,'SÃO PAULO','SP','BRASIL','118','05818-240',NULL,'SÃO PAULO','SP','BRASIL','RUA ANTONIO VAZ','118',NULL,'05818-240',NULL,'SÃO PAULO','SP','BRASIL',NULL,NULL,NULL,NULL,NULL,NULL,'(11) 3315-8089','RUA ANTONIO VAZ',NULL,0,NULL,'LIVRE',NULL,NULL,NULL,NULL,NULL),
 (4111,NULL,'INDREL IND. DE REFRIGERAÇÃO LONDRINENSE LTDA','INDREL','INDREL','78589504000186','J',NULL,NULL,NULL,'indrel@indrel.com.br',NULL,'JOAO FERNANDO','2010-03-30 00:00:00',NULL,NULL,'Av. Tiradentes','4455',NULL,'86072-000',NULL,'LONDRINA','PR','BRASIL','4455','86072-000',NULL,'LONDRINA','PR','BRASIL','Av. Tiradentes','4455',NULL,'86072-000',NULL,'LONDRINA','PR','BRASIL',NULL,NULL,NULL,NULL,NULL,NULL,'43 33785500','Av. Tiradentes',NULL,0,NULL,'LIVRE',NULL,NULL,NULL,NULL,NULL),
 (4112,NULL,'RUCKER EQUIPAMENTOS INDUSTRIAIS LTDA','RUCKER EQUIPAMENTOS INDUSTRIAIS','RUCKER EQUIPAMENTOS INDUSTRIAIS','43.083.187/0001-47','J',NULL,NULL,NULL,'dennis@rucker.ind.br',NULL,'DENNIS','2010-03-31 00:00:00',NULL,NULL,'ESTRADA DA GABIROBA','310',NULL,'06334-000','JD MARIA RITA','CARAPICUIBA','SP','BRASIL','310','06334-000','JD MARIA RITA','CARAPICUIBA','SP','BRASIL','ESTRADA DA GABIROBA','310',NULL,'06334-000','JD MARIA RITA','CARAPICUIBA','SP','BRASIL',NULL,NULL,NULL,NULL,NULL,NULL,'(11) 4187-2600','ESTRADA DA GABIROBA',NULL,0,NULL,'LIVRE',NULL,NULL,NULL,NULL,NULL),
 (4113,NULL,'E.J. KRIEGER E CIA LTDA','PERMUTION','PERMUTION','02074242000155','J',NULL,NULL,NULL,'francielle@permution.com.br',NULL,'FRANCIELLE','2010-03-31 00:00:00',NULL,NULL,'RUA RODOLPHO HATSCHBACH','1855',NULL,'81460030','CIDADE INDUSTRIAL','CURITIBA','PR','BRASIL','1855','81460030','CIDADE INDUSTRIAL','CURITIBA','PR','BRASIL','RUA RODOLPHO HATSCHBACH','1855',NULL,'81460030','CIDADE INDUSTRIAL','CURITIBA','PR','BRASIL',NULL,NULL,NULL,NULL,NULL,NULL,'(41) 21172300','RUA RODOLPHO HATSCHBACH',NULL,0,NULL,'LIVRE',NULL,NULL,NULL,NULL,NULL);
INSERT INTO `ent_cliente` (`COD_CLIENTE`,`SIGLA_PONTO`,`RAZAO_SOCIAL`,`NOME_FANTASIA`,`NOME_COMERCIAL`,`NUM_DOC`,`TIPO_DOC`,`INSC_ESTADUAL`,`FONE_2`,`FAX`,`EMAIL`,`SITE`,`CONTATO`,`DT_CADASTRO`,`DT_INATIVO`,`SYS_DT_ALTERACAO`,`ENTR_ENDERECO`,`ENTR_NUMERO`,`ENTR_COMPLEMENTO`,`ENTR_CEP`,`ENTR_BAIRRO`,`ENTR_CIDADE`,`ENTR_ESTADO`,`ENTR_PAIS`,`FATURA_NUMERO`,`FATURA_CEP`,`FATURA_BAIRRO`,`FATURA_CIDADE`,`FATURA_ESTADO`,`FATURA_PAIS`,`COBR_ENDERECO`,`COBR_NUMERO`,`COBR_COMPLEMENTO`,`COBR_CEP`,`COBR_BAIRRO`,`COBR_CIDADE`,`COBR_ESTADO`,`COBR_PAIS`,`CLASSE`,`INSC_MUNICIPAL`,`COD_ANTIGO`,`OLD_FONE_1`,`OLD_FATURA_ENDERECO`,`OLD_FATURA_COMPLEMENTO`,`FONE_1`,`FATURA_ENDERECO`,`FATURA_COMPLEMENTO`,`TEM_ALIQ_IRPJ`,`ALIQ_IRPJ`,`TIPO_CHAMADO`,`COD_BANCO`,`AGENCIA`,`CONTA`,`FAVORECIDO`,`OBS`) VALUES 
 (4114,NULL,'CREMER S.A.','CREMER S.A.','CREMER S.A.','82641325000118','J',NULL,NULL,NULL,'evilin.l@cremer.com.br',NULL,'EVELIN','2010-03-31 00:00:00',NULL,NULL,'Rua Iguaçu, 291/363','291/363',NULL,'89030-030',NULL,'BLUMENAL','SC','BRASIL','291/363','89030-030',NULL,'BLUMENAL','SC','BRASIL','Rua Iguaçu, 291/363','291/363',NULL,'89030-030',NULL,'BLUMENAL','SC','BRASIL',NULL,NULL,NULL,NULL,NULL,NULL,'47 2123 8387','Rua Iguaçu, 291/363',NULL,0,NULL,'LIVRE',NULL,NULL,NULL,NULL,NULL),
 (4115,NULL,'MEDIX BRASIL PROD. HOSPITALARES E ODONTOLÓGICOS LTDA','MEDIX BRASIL PROD. HOSPITALARES E ODONTOLÓGICOS','MEDIX BRASIL PROD. HOSPITALARES E ODONTOLÓGICOS','10268780000109','J',NULL,NULL,NULL,'celmar@amiotto.com.br',NULL,'CELMA','2010-03-31 00:00:00',NULL,NULL,'Rua Paraná, 1.791','1.791',NULL,'85812-010',NULL,'CASCAVEL','PR','BRASIL','1.791','85812-010',NULL,'CASCAVEL','PR','BRASIL','Rua Paraná, 1.791','1.791',NULL,'85812-010',NULL,'CASCAVEL','PR','BRASIL',NULL,NULL,NULL,NULL,NULL,NULL,'45 91359533','Rua Paraná, 1.791',NULL,0,NULL,'LIVRE',NULL,NULL,NULL,NULL,NULL),
 (4116,NULL,'ENSINGER INDÚSTRIA DE PLÁSTICOS TÉCNICOS LTDA.','ENSINGER DO BRASIL','ENSINGER DO BRASIL','02727984000132','J',NULL,NULL,NULL,'ana.celiberto@ensinger.com.br',NULL,'ANA PAULA','2010-04-01 00:00:00',NULL,NULL,'Av. São Borja','3185',NULL,'93032-000',NULL,'SÃO LEOPOLDO','RS','BRASIL','3185','93032-000',NULL,'SÃO LEOPOLDO','RS','BRASIL','Av. São Borja','3185',NULL,'93032-000',NULL,'SÃO LEOPOLDO','RS','BRASIL',NULL,NULL,NULL,NULL,NULL,NULL,'(51) 3579 8845','Av. São Borja',NULL,0,NULL,'LIVRE',NULL,NULL,NULL,NULL,NULL),
 (4117,NULL,'MEDICAL LINE COMÉRCIO E MATERIAL MÉDICO HOSPITALAR LTDA','MEDICAL LINE','MEDICAL LINE','01906952000131','J',NULL,NULL,NULL,'juarez@medicalline.com.br',NULL,'JUAREZ','2010-04-01 00:00:00',NULL,NULL,'Rua Manuel Murguia','51',NULL,'04654-000',NULL,'SÃO PAULO','SP','BRASIL','51','04654-000',NULL,'SÃO PAULO','SP','BRASIL','Rua Manuel Murguia','51',NULL,'04654-000',NULL,'SÃO PAULO','SP','BRASIL',NULL,NULL,NULL,NULL,NULL,NULL,'11-5524-3400','Rua Manuel Murguia',NULL,0,NULL,'LIVRE',NULL,NULL,NULL,NULL,NULL),
 (4118,NULL,'LAGROTTA AZZURRA IND. COM. DE CONFECÇÕES LTDA','LAGROTTA AZZURRA','LAGROTTA AZZURRA','00.451.915/0001-13','J',NULL,NULL,NULL,'camila.plati@lagrotta.com.br',NULL,'CAMILA','2010-04-01 00:00:00',NULL,NULL,'Rua Francisco Assis Garrido,','75A',NULL,'05844-080','JARDIM SAO LUIS','SÃO PAULO','SP','BRASIL','75A','05844-080','JARDIM SAO LUIS','SÃO PAULO','SP','BRASIL','Rua Francisco Assis Garrido,','75A',NULL,'05844-080','JARDIM SAO LUIS','SÃO PAULO','SP','BRASIL',NULL,NULL,NULL,NULL,NULL,NULL,'11 5853.3333','Rua Francisco Assis Garrido,',NULL,0,NULL,'LIVRE',NULL,NULL,NULL,NULL,NULL),
 (4119,NULL,'BELLA VITTA','BELLA VITTA','BELLA VITTA','00416076000100','J',NULL,NULL,NULL,'comercial@bellavita.com.br',NULL,'CESIO','2010-04-01 00:00:00',NULL,NULL,'R. LUIS BRISKI','1097',NULL,'13280000','NOVA VINHEDO','VINHEDO','SP','BRASIL','1097','13280000','NOVA VINHEDO','VINHEDO','SP','BRASIL','R. LUIS BRISKI','1097',NULL,'13280000','NOVA VINHEDO','VINHEDO','SP','BRASIL',NULL,NULL,NULL,NULL,NULL,NULL,'19 38262133','R. LUIS BRISKI',NULL,0,NULL,'LIVRE',NULL,NULL,NULL,NULL,NULL),
 (4120,NULL,'FRESENIUS KABI BRASIL LTDA','FRESENIUS KABI BRASIL LTDA','FRESENIUS KABI BRASIL LTDA','49324221000104','J',NULL,NULL,NULL,'soraia.torres@fresenius-kabi.com',NULL,'SORAIA','2010-04-01 00:00:00',NULL,NULL,'Av. Marginal Projetada','1652','GALPAO 1 ao 5','06460200',NULL,'BARUERI','SP','BRASIL','1652','06460200',NULL,'BARUERI','SP','BRASIL','Av. Marginal Projetada','1652','GALPAO 1 ao 5','06460200',NULL,'BARUERI','SP','BRASIL',NULL,NULL,NULL,NULL,NULL,NULL,'(11) 25041427','Av. Marginal Projetada','GALPAO 1 ao 5',0,NULL,'LIVRE',NULL,NULL,NULL,NULL,NULL),
 (4121,NULL,'GESAWORLD DO BRASIL - CONSULT. EM SIST. GESTÃO DE SAÚDE LTDA.','GESAWORLD DO BRASIL - CONSULT. EM SIST. GESTÃO DE SAÚDE','GESAWORLD DO BRASIL - CONSULT. EM SIST. GESTÃO DE SAÚDE','03936258000192','J',NULL,NULL,NULL,'mbello@gesaworld.com.br',NULL,'MILENA','2010-04-01 00:00:00',NULL,NULL,'Rua Bela Cintra','746','CJ22','01415-902',NULL,'SAO PAULO','SP','BRASIL','746','01415-902',NULL,'SAO PAULO','SP','BRASIL','Rua Bela Cintra','746','CJ22','01415-902',NULL,'SAO PAULO','SP','BRASIL',NULL,NULL,NULL,NULL,NULL,NULL,'11 31299736','Rua Bela Cintra','CJ22',0,NULL,'LIVRE',NULL,NULL,NULL,NULL,NULL),
 (4122,NULL,'ARTES GRAFICAS PERI LTDA','BOLACHA PARA CHOPP','BOLACHA PARA CHOPP','63076459000199','J',NULL,NULL,NULL,'mauricio@graficaperi.com.br',NULL,'ANDRE','2010-04-01 00:00:00',NULL,NULL,'AV. NOSSA SENHORA DO O 1225','1225',NULL,'02715000','LIMÃO','SAO PAULO','SP','BRASIL','1225','02715000','LIMÃO','SAO PAULO','SP','BRASIL',NULL,NULL,NULL,NULL,NULL,NULL,NULL,NULL,NULL,NULL,NULL,NULL,NULL,NULL,'11 3935 2103','AV. NOSSA SENHORA DO O 1225',NULL,0,NULL,'LIVRE',NULL,NULL,NULL,NULL,NULL),
 (4123,NULL,'Bysoft Soluções em Sistemas para Comércio  Exterior Ltda','Bysoft Soluções em Sistemas para Comércio  Exterior','Bysoft Soluções em Sistemas para Comércio  Exterior',' 03.142.520/0001-27','J',NULL,NULL,NULL,'marcella.aguiar@bysoft.com.br',NULL,'MARCELA','2010-04-05 00:00:00',NULL,NULL,'Rua Muniz de Sousa','591',NULL,'01534-000','ACLIMAÇÃO','SAO PAULO','SP','BRASIL','591','01534-000','ACLIMAÇÃO','SAO PAULO','SP','BRASIL','Rua Muniz de Sousa','591',NULL,'01534-000','ACLIMAÇÃO','SAO PAULO','SP','BRASIL',NULL,NULL,NULL,NULL,NULL,NULL,'11-3585.6000','Rua Muniz de Sousa',NULL,0,NULL,'LIVRE',NULL,NULL,NULL,NULL,NULL),
 (4124,NULL,'EXPRESSO MIRASSOL LTDA','EXPRESSO MIRASSOL','EXPRESSO MIRASSOL','52438082000154','J',NULL,NULL,NULL,'simone.queiroz@expressomirassol.com.br',NULL,'SIMONE','2010-04-05 00:00:00',NULL,NULL,'RUA JOSE CAMPANELLA','578',NULL,'07112100',NULL,'GUARULHOS','SP','BRASIL','578','07112100',NULL,'GUARULHOS','SP','BRASIL',NULL,NULL,NULL,NULL,NULL,NULL,NULL,NULL,NULL,NULL,NULL,NULL,NULL,NULL,'(11) 2141-1241','RUA JOSE CAMPANELLA',NULL,0,NULL,'LIVRE',NULL,NULL,NULL,NULL,NULL),
 (4126,NULL,'MARV IMPORTAÇÃO, EXPORTAÇÃO E COMÉRCIO DE PRODUTOS MÉDICOS LTDA','MARV','MARV','11.267.250/0002-90','J',NULL,NULL,NULL,'glauber@tolife.com.br',NULL,'GLAUBER','2010-04-05 00:00:00',NULL,NULL,'Av. do Contorno','4480','SALA 1001','30110-028',NULL,'BELO HORIZONTE','MG','BRASIL','4480','30110-028',NULL,'BELO HORIZONTE','MG','BRASIL',NULL,NULL,NULL,NULL,NULL,NULL,NULL,NULL,NULL,NULL,NULL,NULL,NULL,NULL,'(31) 2512-2010','Av. do Contorno','SALA 1001',0,NULL,'LIVRE',NULL,NULL,NULL,NULL,NULL),
 (4127,NULL,'MEDICALTEC INDÚSTRIA E COMÉRCIO DE EQUIPAMENTOS MÉDICOS LTDA','MEDICALTEC','MEDICALTEC','73297509000111','J',NULL,NULL,NULL,'graziela@bhiosupply.com.br',NULL,'GRAZIELA','2010-04-05 00:00:00',NULL,NULL,'Av. Luiz Pasteur','4959',NULL,'93290-010',NULL,'ESTEIO','RS','BRASIL','4959','93290-010',NULL,'ESTEIO','RS','BRASIL','Av. Luiz Pasteur','4959',NULL,'93290-010',NULL,'ESTEIO','RS','BRASIL',NULL,NULL,NULL,NULL,NULL,NULL,'051 3459-4000','Av. Luiz Pasteur',NULL,0,NULL,'LIVRE',NULL,NULL,NULL,NULL,NULL),
 (4128,NULL,'GREINER BIO-ONE BRASIL PRODUTOS MÉDICOS HOSPITALARES LTDA.','GREINER BIO-ONE BRASIL','GREINER BIO-ONE BRASIL','71957310000147','J',NULL,NULL,NULL,'edilene.oliveira@gbo.com',NULL,'EDILENE','2010-04-05 00:00:00',NULL,NULL,'Av. Affonso Pansan','1967',NULL,'13473-620',NULL,'AMERICANA','SP','BRASIL','1967','13473-620',NULL,'AMERICANA','SP','BRASIL','Av. Affonso Pansan','1967',NULL,'13473-620',NULL,'AMERICANA','SP','BRASIL',NULL,NULL,NULL,NULL,NULL,NULL,'19-34689613','Av. Affonso Pansan',NULL,0,NULL,'LIVRE',NULL,NULL,NULL,NULL,NULL),
 (4129,NULL,'ACE REVESTIMENTOS LTDA','ACE REVESTIMENTOS','ACE REVESTIMENTOS','02470279000100','J',NULL,NULL,NULL,'marketing@acerevestimentos.com.br',NULL,'GLENIA','2010-04-06 00:00:00',NULL,NULL,'Rua Lino Coutinho, 1978',NULL,NULL,'04207-002',NULL,'SAO PAULO','SP','BRASIL',NULL,'04207-002',NULL,'SAO PAULO','SP','BRASIL','Rua Lino Coutinho, 1978',NULL,NULL,'04207-002',NULL,'SAO PAULO','SP','BRASIL',NULL,NULL,NULL,NULL,NULL,NULL,'11 2914 5499','Rua Lino Coutinho, 1978',NULL,0,NULL,'LIVRE',NULL,NULL,NULL,NULL,NULL),
 (4130,NULL,'EQUIPAMED EQUIPAMENTOS MÉDICOS LTDA','EQUIPAMED EQUIPAMENTOS MÉDICOS','EQUIPAMED EQUIPAMENTOS MÉDICOS','51.207.041/0001-94','J',NULL,NULL,NULL,'daniela.assuncao@equipamed.com.br',NULL,'DANIELA','2010-04-06 00:00:00',NULL,NULL,'Rua Alto do Bonfim,','162',NULL,'04382-070',NULL,'SAO PAULO','SP','BRASIL','162','04382-070',NULL,'SAO PAULO','SP','BRASIL','Rua Alto do Bonfim,','162',NULL,'04382-070',NULL,'SAO PAULO','SP','BRASIL',NULL,NULL,NULL,NULL,NULL,NULL,'11 5563-9955','Rua Alto do Bonfim,',NULL,0,NULL,'LIVRE',NULL,NULL,NULL,NULL,NULL),
 (4131,NULL,'WEM EQUIPAMENTOS ELETRÔNICOS LTDA.','WEM EQUIPAMENTOS','WEM EQUIPAMENTOS','54611678000130','J',NULL,NULL,NULL,'genovab@wem.com.br',NULL,'GENOVA','2010-04-06 00:00:00',NULL,NULL,'Rua Marechal Mascarenhas de Moraes','550',NULL,'14095-120',NULL,'RIBEIRAO PRETO','SP','BRASIL','550','14095-120',NULL,'RIBEIRAO PRETO','SP','BRASIL','Rua Marechal Mascarenhas de Moraes','550',NULL,'14095-120',NULL,'RIBEIRAO PRETO','SP','BRASIL',NULL,NULL,NULL,NULL,NULL,NULL,'(16) 3512-4600','Rua Marechal Mascarenhas de Moraes',NULL,0,NULL,'LIVRE',NULL,NULL,NULL,NULL,NULL),
 (4132,NULL,'JJM Promoções e Vendas LTDA','JJM Promoções','JJM Promoções','64.426.539/0001-90','J',NULL,NULL,NULL,'fernanda@jjmpromocoes.com.br',NULL,'FERNANDA','2010-04-06 00:00:00',NULL,NULL,'rua jovita','444',NULL,'02036-001',NULL,'SÃO PAULO','SP','BRASIL','444','02036-001',NULL,'SÃO PAULO','SP','BRASIL','rua jovita','444',NULL,'02036-001',NULL,'SÃO PAULO','SP','BRASIL',NULL,NULL,NULL,NULL,NULL,NULL,'11 22831195','rua jovita',NULL,0,NULL,'LIVRE',NULL,NULL,NULL,NULL,NULL),
 (4133,NULL,'AXMED EQUIPAMENTOS MÉDICOS HOSPITALARES LTDA','AXMED EQUIPAMENTOS MÉDICOS HOSPITALARES','AXMED EQUIPAMENTOS MÉDICOS HOSPITALARES','04130211000108','J',NULL,NULL,NULL,'axmed@terra.com.br',NULL,'TATIANA','2010-04-06 00:00:00',NULL,NULL,'Av. Prof. Alceu Maynard de Araújo','81',NULL,'04726-160',NULL,'SAO PAULO','SP','BRASIL','81','04726-160',NULL,'SAO PAULO','SP','BRASIL','Av. Prof. Alceu Maynard de Araújo','81',NULL,'04726-160',NULL,'SAO PAULO','SP','BRASIL',NULL,NULL,NULL,NULL,NULL,NULL,'11 56420302','Av. Prof. Alceu Maynard de Araújo',NULL,0,NULL,'LIVRE',NULL,NULL,NULL,NULL,NULL),
 (4134,NULL,'OLYMPUS OPTICAL DO BRASIL LTDA','OLYMPUS OPTICAL','OLYMPUS OPTICAL','04.937.243/0001-01','J','116.467.395.110',NULL,NULL,'nelma.andrade@olympus.com',NULL,'NELMA','2010-04-07 00:00:00',NULL,NULL,'Rua do Rocio 430 2º Vila Olimpia','430','2°','04552-906','VILA OLIMPIA','SAO PAULO','SP','BRASIL','430','04552-906','VILA OLIMPIA','SAO PAULO','SP','BRASIL','Rua do Rocio 430 2º Vila Olimpia','430','2°','04552-906','VILA OLIMPIA','SAO PAULO','SP','BRASIL',NULL,NULL,NULL,NULL,NULL,NULL,'(11) 3046-6400','Rua do Rocio 430 2º Vila Olimpia','2°',0,NULL,'LIVRE',NULL,NULL,NULL,NULL,NULL),
 (4135,NULL,'BALKIS INDUSTRIA E COMERCIO DE LATICINIOS LTDA','BALKIS','BALKIS','07.121.354/0001-33','J','116.981.275.113',NULL,NULL,'balkis@balkis.com.br',NULL,'ALEXANDRE','2010-04-07 00:00:00',NULL,NULL,'Av Maria Coelho Aguiar','573','Conf A Galpao 3/4','05805-000',NULL,'SÃO PAULO','SP','BRASIL','573','05805-000',NULL,'SÃO PAULO','SP','BRASIL','Av Maria Coelho Aguiar','573','Conf A Galpao 3/4','05805-000',NULL,'SÃO PAULO','SP','BRASIL',NULL,NULL,NULL,NULL,NULL,NULL,NULL,'Av Maria Coelho Aguiar','Conf A Galpao 3/4',0,NULL,'LIVRE',NULL,NULL,NULL,NULL,NULL),
 (4136,NULL,'WHEB INFORMÁTICA LTDA','WHEB INFORMÁTICA','WHEB INFORMÁTICA','01950338000177','J',NULL,NULL,NULL,'ana@wheb.com.br',NULL,'ANA LANA','2010-04-07 00:00:00',NULL,NULL,'Rua Tomaz de Souza','145',NULL,'89041-030',NULL,'BLUMENAL','SC','BRASIL','145','89041-030',NULL,'BLUMENAL','SC','BRASIL','Rua Tomaz de Souza','145',NULL,'89041-030',NULL,'BLUMENAL','SC','BRASIL',NULL,NULL,NULL,NULL,NULL,NULL,'47 3144-4074','Rua Tomaz de Souza',NULL,0,NULL,'LIVRE',NULL,NULL,NULL,NULL,NULL),
 (4137,NULL,'PSYCHEMEDICS BRASIL EXAMES TOXICOLOGICOS','PSYCHEMEDICS BRASIL EXAMES TOXICOLOGICOS','PSYCHEMEDICS BRASIL EXAMES TOXICOLOGICOS','08075074000107','J',NULL,NULL,NULL,'ERICA@PSYCHEMEDICS.COM.BR',NULL,'ERICA','2010-04-07 00:00:00',NULL,NULL,NULL,NULL,NULL,'01047912',NULL,'SAO PAULO','SP','BRASIL',NULL,'01047912',NULL,'SAO PAULO','SP','BRASIL',NULL,NULL,NULL,'01047912',NULL,'SAO PAULO','SP','BRASIL',NULL,NULL,NULL,NULL,NULL,NULL,'11 77458153',NULL,NULL,0,NULL,'LIVRE',NULL,NULL,NULL,NULL,NULL),
 (4138,NULL,'KLIMAQUIP S.A. TECNOLOGIA DO FRIO','KLIMAQUIP S.A. TECNOLOGIA DO FRIO','KLIMAQUIP S.A. TECNOLOGIA DO FRIO','08.574.411/0001-00','J',NULL,NULL,NULL,'louisemkt@praticafornos.com.br',NULL,'LOUISE','2010-04-09 00:00:00',NULL,NULL,'BR 459, KM 101, S/N','GALPÃO 4',NULL,'37.550-000',NULL,'POUSO ALEGRE','MG','BRASIL','GALPÃO 4','37.550-000',NULL,'POUSO ALEGRE','MG','BRASIL','BR 459, KM 101, S/N','GALPÃO 4',NULL,'37.550-000',NULL,'POUSO ALEGRE','MG','BRASIL',NULL,NULL,NULL,NULL,NULL,NULL,'(35) 3449-1238','BR 459, KM 101, S/N',NULL,0,NULL,'LIVRE',NULL,NULL,NULL,NULL,NULL),
 (4139,NULL,'CEIBRA EXP. IMP. BRASIL LTDA.','CEIBRA EXP. IMP. BRASIL','CEIBRA EXP. IMP. BRASIL','05960437000190','J',NULL,NULL,NULL,'renato.coutinho@ceibra.com.br; rcoutinho_jr@ceibra.com.br',NULL,'RENATO','2010-04-09 00:00:00',NULL,NULL,'Rua 227','800',NULL,'74645-190',NULL,'GOIANIA','GO','BRASIL','800','74645-190',NULL,'GOIANIA','GO','BRASIL','Rua 227','800',NULL,'74645-190',NULL,'GOIANIA','GO','BRASIL',NULL,NULL,NULL,NULL,NULL,NULL,'(62) 3565-1115','Rua 227',NULL,0,NULL,'LIVRE',NULL,NULL,NULL,NULL,NULL),
 (4140,NULL,'L.M. FARMA INDÚSTRIA E COMÉRCIO LTDA','L.M. FARMA INDÚSTRIA E COMÉRCIO','L.M. FARMA INDÚSTRIA E COMÉRCIO','57532343000114','J',NULL,NULL,NULL,'giselli@lmfarma.com.br',NULL,'GISELI','2010-04-09 00:00:00',NULL,NULL,'Rua Jaguarão','95',NULL,'12238-410',NULL,'SÃO JOSÉ DOS CAMPOS','SP','BRASIL','95','12238-410',NULL,'SÃO JOSÉ DOS CAMPOS','SP','BRASIL','Rua Jaguarão','95',NULL,'12238-410',NULL,'SÃO JOSÉ DOS CAMPOS','SP','BRASIL',NULL,NULL,NULL,NULL,NULL,NULL,'12- 3202-1345','Rua Jaguarão',NULL,0,NULL,'LIVRE',NULL,NULL,NULL,NULL,NULL),
 (4141,NULL,'INJEX INDUSTRIAS CIRURGICAS LTDA','INJEX INDUSTRIAS CIRURGICAS','INJEX INDUSTRIAS CIRURGICAS','59309302000199','J',NULL,NULL,NULL,'contasareceber@injex.com.br',NULL,'JULIANA','2010-04-09 00:00:00',NULL,NULL,'AV COMENDADOR JOSE ZILLO','180',NULL,'19908170','DISTRITO INDUSTRIAL','OURINHOS','SP','BRASIL','180','19908170','DISTRITO INDUSTRIAL','OURINHOS','SP','BRASIL','AV COMENDADOR JOSE ZILLO','180',NULL,'19908170','DISTRITO INDUSTRIAL','OURINHOS','SP','BRASIL',NULL,NULL,NULL,NULL,NULL,NULL,'14-3302-2900','AV COMENDADOR JOSE ZILLO',NULL,0,NULL,'LIVRE',NULL,NULL,NULL,NULL,NULL),
 (4142,NULL,'AGFA HEALTHCARE BRASIL IMPORTAÇÃO E SERVIÇOS LTDA','AGFA HEALTHCARE BRASIL IMPORTAÇÃO E SERVIÇOS','AGFA HEALTHCARE BRASIL IMPORTAÇÃO E SERVIÇOS','09032626000154','J',NULL,NULL,NULL,'daniela.galo@agfa.com',NULL,'DANIELA','2010-04-13 00:00:00',NULL,NULL,'Rua Alexandre Dumas','1.711','Ed. Birman 12 - Conj. 301','04717-004',NULL,'SAO PAULO','SP','BRASIL','1.711','04717-004',NULL,'SAO PAULO','SP','BRASIL','Rua Alexandre Dumas','1.711','Ed. Birman 12 - Conj. 301','04717-004',NULL,'SAO PAULO','SP','BRASIL',NULL,NULL,NULL,NULL,NULL,NULL,'11 5188-6415','Rua Alexandre Dumas','Ed. Birman 12 - Conj. 301',0,NULL,'LIVRE',NULL,NULL,NULL,NULL,NULL),
 (4143,NULL,'STRYKER DO BRASIL LTDA','STRYKER DO BRASIL','STRYKER DO BRASIL','02966317000102','J',NULL,NULL,NULL,'mayra.freire@stryker.com',NULL,'MAYARA','2010-04-13 00:00:00',NULL,NULL,'Rua Américo Brasiliense','1000',NULL,'04715-002',NULL,'SAO PAULO','SP','BRASIL','1000','04715-002',NULL,'SAO PAULO','SP','BRASIL','Rua Américo Brasiliense','1000',NULL,'04715-002',NULL,'SAO PAULO','SP','BRASIL',NULL,NULL,NULL,NULL,NULL,NULL,'11 5189 2509','Rua Américo Brasiliense',NULL,0,NULL,'LIVRE',NULL,NULL,NULL,NULL,NULL),
 (4144,NULL,'MISSNER & MISSNER LTDA','MISSNER & MISSNER','MISSNER & MISSNER','03225411000173','J',NULL,NULL,NULL,'missner@missner.com.br',NULL,'SHEILA','2010-04-14 00:00:00',NULL,NULL,'Rod. BR 470','2870','KM 54,6','89065-800',NULL,'BLUMENAL','SC','BRASIL','2870','89065-800',NULL,'BLUMENAL','SC','BRASIL','Rod. BR 470','2870','KM 54,6','89065-800',NULL,'BLUMENAL','SC','BRASIL',NULL,NULL,NULL,NULL,NULL,NULL,'047-33340769','Rod. BR 470','KM 54,6',0,NULL,'LIVRE',NULL,NULL,NULL,NULL,NULL),
 (4145,NULL,'PRÓ-LAUDO DIAGNOSTICOS POR IMAGEM S.A.','PRÓ-LAUDO DIAGNOSTICOS POR IMAGEM','PRÓ-LAUDO DIAGNOSTICOS POR IMAGEM','10711853000195','J',NULL,NULL,NULL,'felipe.nirenberg@pro-laudo.com.br',NULL,'FELIPE','2010-04-14 00:00:00',NULL,NULL,'Av. Nelson Cardoso','1149','LJ 234','22730-001','RIO DE JANEIRO','RIO DE JANEIRO',NULL,'BRASIL','1149','22730-001','RIO DE JANEIRO','RIO DE JANEIRO',NULL,'BRASIL','Av. Nelson Cardoso','1149','LJ 234','22730-001','RIO DE JANEIRO','RIO DE JANEIRO',NULL,'BRASIL',NULL,NULL,NULL,NULL,NULL,NULL,'21 98593002','Av. Nelson Cardoso','LJ 234',0,NULL,'LIVRE',NULL,NULL,NULL,NULL,NULL),
 (4146,NULL,'KARSTEN S.A','KARSTEN','KARSTEN','82640558000449','J',NULL,NULL,NULL,'fabianaw.kock@karsten.com.br',NULL,'FABIANA','2010-04-15 00:00:00',NULL,NULL,'RUA JOHANN KARSTEN','260',NULL,'89074-700',NULL,'BLUMENAL','SC','BRASIL','260','89074-700',NULL,'BLUMENAL','SC','BRASIL','RUA JOHANN KARSTEN','260',NULL,'89074-700',NULL,'BLUMENAL','SC','BRASIL',NULL,NULL,NULL,NULL,NULL,NULL,'47-3331-4005','RUA JOHANN KARSTEN',NULL,0,NULL,'LIVRE',NULL,NULL,NULL,NULL,NULL),
 (4147,NULL,'PH SOLUÇÕES TÉCNICAS LTDA.','PH SOLUÇÕES TÉCNICAS','PH SOLUÇÕES TÉCNICAS','10292188000142','J',NULL,NULL,NULL,'otto@phsol.com.br',NULL,'PAULO','2010-04-15 00:00:00',NULL,NULL,'Rua Gastão Vidigal','71',NULL,'84016-440',NULL,'PONTA GROSSA','PR','BRASIL','71','84016-440',NULL,'PONTA GROSSA','PR','BRASIL','Rua Gastão Vidigal','71',NULL,'84016-440',NULL,'PONTA GROSSA','PR','BRASIL',NULL,NULL,NULL,NULL,NULL,NULL,'42-9102-6109','Rua Gastão Vidigal',NULL,0,NULL,'LIVRE',NULL,NULL,NULL,NULL,NULL),
 (4148,NULL,'PETROBRAS DISTRIBUIDORA S.A','PETROBRAS DISTRIBUIDORA S.A','PETROBRAS DISTRIBUIDORA S.A','34.274.233/0001-02','J','81.293.279',NULL,NULL,NULL,NULL,NULL,'2010-04-16 00:00:00',NULL,NULL,'RUA GENERAL CANABARRO','500','13º ANDAR','20.271.900','MARACANÃ','RIO DE JANEIRO','RJ','BRASIL','500','20.271.900','MARACANÃ','RIO DE JANEIRO','RJ','BRASIL','RUA GENERAL CANABARRO','500','13º ANDAR','20.271.900','MARACANÃ','RIO DE JANEIRO','RJ','BRASIL',NULL,NULL,NULL,NULL,NULL,NULL,'21 – 2493-9494','RUA GENERAL CANABARRO','13º ANDAR',0,NULL,'LIVRE',NULL,NULL,NULL,NULL,NULL),
 (4149,NULL,'INTERMED EQUIPAMENTO MÉDICO HOSPITALAR LTDA','INTERMED','INTERMED','49520521000169','F',NULL,NULL,NULL,'lisa.iwata@intermed.com.br',NULL,'LISA','2010-04-16 00:00:00',NULL,NULL,'AV. CUPECÊ, 1786','1786',NULL,'04366000','CIDADE ADEMAR','SAO PAULO','SP','BRASIL','1786','04366000','CIDADE ADEMAR','SAO PAULO','SP','BRASIL','AV. CUPECÊ, 1786','1786',NULL,'04366000','CIDADE ADEMAR','SAO PAULO','SP','BRASIL',NULL,NULL,NULL,NULL,NULL,NULL,'(11) 5112-1316','AV. CUPECÊ, 1786',NULL,0,NULL,'LIVRE',NULL,NULL,NULL,NULL,NULL),
 (4150,NULL,'AIR LIQUIDE BRASIL LTDA','AIR LIQUIDE','AIR LIQUIDE','00331788000119','J',NULL,NULL,NULL,'debora.hernandes@airliquide.com',NULL,'DEBORA','2010-04-16 00:00:00',NULL,NULL,'Av. das Nações Unidas','11541','19 ANDAR',NULL,NULL,'SÃO PAULO','SP','BRASIL','11541','04578-000',NULL,'SÃO PAULO','SP','BRASIL','Av. das Nações Unidas','11541','19 ANDAR',NULL,NULL,'SÃO PAULO','SP','BRASIL',NULL,NULL,NULL,NULL,NULL,NULL,'11 55098401','Av. das Nações Unidas','19 ANDAR',0,NULL,'LIVRE',NULL,NULL,NULL,NULL,NULL),
 (4151,NULL,'CIA. TÊXTIL NIAZI CHOHFI','NIAZI CHOHFI IMPORTS','NIAZI CHOHFI IMPORTS','60397361000145','J',NULL,NULL,NULL,'hotelaria@niazi.com.br',NULL,'SOLANGE','2010-04-19 00:00:00',NULL,NULL,'Rua Vinte e Cinco de Março','607',NULL,'01021-200',NULL,'SÃO PAULO','SP','BRASIL','607','01021-200',NULL,'SÃO PAULO','SP','BRASIL','Rua Vinte e Cinco de Março','607',NULL,'01021-200',NULL,'SÃO PAULO','SP','BRASIL',NULL,NULL,NULL,NULL,NULL,NULL,'3322-6560','Rua Vinte e Cinco de Março',NULL,0,NULL,'LIVRE',NULL,NULL,NULL,NULL,NULL),
 (4152,'SBC','Sociedade Brasileira de Cardiologia','Sociedade Brasileira de Cardiologia','Sociedade Brasileira de Cardiologia','31.444.094/0001-11','J',NULL,NULL,NULL,'elisandra@abev.com.br',NULL,'Elisandra','2010-04-20 00:00:00',NULL,NULL,NULL,NULL,NULL,NULL,NULL,NULL,NULL,NULL,'160','20020-907',NULL,'Rio de Janeiro','RJ','Brasil',NULL,NULL,NULL,NULL,NULL,NULL,NULL,NULL,NULL,NULL,NULL,NULL,NULL,NULL,'51 30612957','Av. Marechal Câmara','3º andar',0,NULL,'LIVRE',NULL,NULL,NULL,NULL,NULL),
 (4153,NULL,'CERVEJARIA ASHBY LTDA','CERVEJARIA ASHBY','CERVEJARIA ASHBY','71947592000100','J','168030722118',NULL,NULL,'deferro@souzaferro.com.br',NULL,'Edinilson de Souza Ferro','2010-04-20 00:00:00',NULL,NULL,'ESTR. MUNICIPAL','386',NULL,'13900970',NULL,'AMPARO','SP','BRASIL','386','13900970',NULL,'AMPARO','SP','BRASIL','ESTR. MUNICIPAL','386',NULL,'13900970',NULL,'AMPARO','SP','BRASIL',NULL,NULL,NULL,NULL,NULL,NULL,'(19) 33857500','ESTR. MUNICIPAL',NULL,0,NULL,'LIVRE',NULL,NULL,NULL,NULL,NULL),
 (4154,NULL,'MEDICWARE SISTEMA DE INFORMÁTICA LTDA','MEDICWARE SISTEMA DE INFORMÁTICA','MEDICWARE SISTEMA DE INFORMÁTICA','00364578000127','J',NULL,NULL,NULL,'daniela@medicware.com.br',NULL,'DANIELA','2010-04-20 00:00:00',NULL,NULL,'Rua Agnelo de Brito','90','3° ANDAR','40210-245',NULL,'SALVADOR','BA','BRASIL','90','40210-245',NULL,'SALVADOR','BA','BRASIL','Rua Agnelo de Brito','90','3° ANDAR','40210-245',NULL,'SALVADOR','BA','BRASIL',NULL,NULL,NULL,NULL,NULL,NULL,'71 36171176','Rua Agnelo de Brito','3° ANDAR',0,NULL,'LIVRE',NULL,NULL,NULL,NULL,NULL),
 (4155,NULL,'EUROMED COMÉRCIO E IMPORTAÇÃO LTDA','EUROMED COMÉRCIO E IMPORTAÇÃO','EUROMED COMÉRCIO E IMPORTAÇÃO','02769002000175','J',NULL,NULL,NULL,'distribuicao@euromedcateteres.com.br',NULL,'EMILIO','2010-04-20 00:00:00',NULL,NULL,'Rua Esther Pinto de Mattos','56',NULL,'33400-000',NULL,'LAGOA SANTA','MG','BRASIL','56','33400-000',NULL,'LAGOA SANTA','MG','BRASIL','Rua Esther Pinto de Mattos','56',NULL,'33400-000',NULL,'LAGOA SANTA','MG','BRASIL',NULL,NULL,NULL,NULL,NULL,NULL,'31 3689-9907','Rua Esther Pinto de Mattos',NULL,0,NULL,'LIVRE',NULL,NULL,NULL,NULL,NULL),
 (4156,NULL,'SINDICATO NACIONAL DAS EMPRESAS DE ODONTOLOGIA DE GRUPO - SINOG (O)','SINDICATO NACIONAL DAS EMPRESAS DE ODONTOLOGIA','SINDICATO NACIONAL DAS EMPRESAS DE ODONTOLOGIA','01551108000135','J',NULL,NULL,NULL,'marketing@sinog.com.br',NULL,'LUIZ FERNANDO','2010-04-20 00:00:00',NULL,NULL,'Av. Paulista','171','11 ANDAR','01311-904',NULL,'SÃO PAULO','SP','BRASIL','171','01311-904',NULL,'SÃO PAULO','SP','BRASIL','Av. Paulista','171','11 ANDAR','01311-904',NULL,'SÃO PAULO','SP','BRASIL',NULL,NULL,NULL,NULL,NULL,NULL,'(11) 3289-7299','Av. Paulista','11 ANDAR',0,NULL,'LIVRE',NULL,NULL,NULL,NULL,NULL),
 (4157,NULL,'NAUTILUS EQUIPAMENTOS INDUSTRIAS LTDA','NAUTILUS','NAUTILUS','53476057000128','J',NULL,NULL,NULL,'ivan@fasterm.com.br',NULL,'IVAN/ADELINO','2010-04-20 00:00:00',NULL,NULL,'Rua Maria Pires Correa Lima','133',NULL,'12944-100',NULL,'SÃO PAULO','SP','BRASIL','133','12944-100',NULL,'SÃO PAULO','SP','BRASIL','Rua Maria Pires Correa Lima','133',NULL,'12944-100',NULL,'SÃO PAULO','SP','BRASIL',NULL,NULL,NULL,NULL,NULL,NULL,'4411-1488','Rua Maria Pires Correa Lima',NULL,0,NULL,'LIVRE',NULL,NULL,NULL,NULL,NULL),
 (4158,NULL,'INCOTERM INDÚSTRIA DE TERMÔMETROS LTDA','INCOTERM','INCOTERM','87156352000119','J',NULL,NULL,NULL,'mkt@incoterm.com.br',NULL,'ANA PAULA','2010-04-20 00:00:00',NULL,NULL,'Av. Eduardo Prado','1670',NULL,'91751-000',NULL,'PORTO ALEGRE','RS','BRASIL','1670','91751-000',NULL,'PORTO ALEGRE','RS','BRASIL','Av. Eduardo Prado','1670',NULL,'91751-000',NULL,'PORTO ALEGRE','RS','BRASIL',NULL,NULL,NULL,NULL,NULL,NULL,'(51) 3245-7112/8225-0255','Av. Eduardo Prado',NULL,0,NULL,'LIVRE',NULL,NULL,NULL,NULL,NULL),
 (4159,NULL,'PRIMO SCHINCARIOL INDUSTRIA DE CERVEJAS E REFRIGERANTES LTDA','SCHINCARIOL / BADEN BADEN','SCHINCARIOL / BADEN BADEN','50221019000136','J',NULL,NULL,NULL,'amanda@mcmeventos.com.br',NULL,'AMANDA','2010-04-22 00:00:00',NULL,NULL,'AV. PRIMO SCHINCARIO','2300',NULL,'13312900',NULL,'ITU','SP','BRASIL','2300','13312900',NULL,'ITU','SP','BRASIL','AV. PRIMO SCHINCARIO','2300',NULL,'13312900',NULL,'ITU','SP','BRASIL',NULL,NULL,NULL,NULL,NULL,NULL,'36633906','AV. PRIMO SCHINCARIO',NULL,0,NULL,'LIVRE',NULL,NULL,NULL,NULL,NULL),
 (4160,NULL,'KR MÓVEIS INDUSTRIA E COMÉRCIO DE MÓVEIS LTDA','KR MÓVEIS','KR MÓVEIS','05080596000109','J',NULL,'9539.9758',NULL,'karina.franco@francoebachot.com.br',NULL,'KARINA','2010-04-22 00:00:00',NULL,NULL,'R PAULA SOUSA','68',NULL,'01027000',NULL,'SÃO PAULO','SP','BRASIL','68','01027000',NULL,'SÃO PAULO','SP','BRASIL','R PAULA SOUSA','68',NULL,'01027000',NULL,'SÃO PAULO','SP','BRASIL',NULL,NULL,NULL,NULL,NULL,NULL,'11 3315.8180','R PAULA SOUSA',NULL,0,NULL,'LIVRE',NULL,NULL,NULL,NULL,NULL),
 (4161,NULL,'LABOR-MED APARELHAGEM DE PRECISÃO LTDA','LABOR-MED APARELHAGEM DE PRECISÃO LTDA','LABOR-MED APARELHAGEM DE PRECISÃO LTDA','32150633/0003-34','J',NULL,NULL,NULL,'eda@rwbrasil.com.br',NULL,'EDA','2010-04-22 00:00:00',NULL,NULL,'AL SAO BOAVENTURA','392',NULL,'24120-196',NULL,'NITEROI','RJ','BRASIL','392','24120-196',NULL,'NITEROI','RJ','BRASIL','AL SAO BOAVENTURA','392',NULL,'24120-196',NULL,'NITEROI','RJ','BRASIL',NULL,NULL,NULL,NULL,NULL,NULL,'11 55319000','AL SAO BOAVENTURA',NULL,0,NULL,'LIVRE',NULL,NULL,NULL,NULL,NULL),
 (4162,NULL,'AGILIS DISTRIBUIDORA DE BEBIDAS','AGILIS DISTRIBUIDORA DE BEBIDAS','AGILIS DISTRIBUIDORA DE BEBIDAS','10796179000199','J',NULL,NULL,NULL,'lidiane@agilisdistribuidora.com.br',NULL,'LIDIANE','2010-04-23 00:00:00',NULL,NULL,'R. JAVARI','230',NULL,'03112100',NULL,'SÃO PAULO','SP','BRASIL','230','03112100',NULL,'SÃO PAULO','SP','BRASIL','R. JAVARI','230',NULL,'03112100',NULL,'SÃO PAULO','SP','BRASIL',NULL,NULL,NULL,NULL,NULL,NULL,'11 2305-6572','R. JAVARI',NULL,0,NULL,'LIVRE',NULL,NULL,NULL,NULL,NULL),
 (4163,NULL,'TELELAUDO TECNOLOGIA MÉDICA LTDA','TELELAUDO TECNOLOGIA MÉDICA','TELELAUDO TECNOLOGIA MÉDICA','11217530000102','J',NULL,NULL,NULL,'fernanda.cipriano@telelaudo.com.br',NULL,'FERNANDA','2010-04-27 00:00:00',NULL,NULL,'Rua José Teixeira','316',NULL,'29055-310',NULL,'VITORIA','ES','BRASIL','316','29055-310',NULL,'VITORIA','ES','BRASIL','Rua José Teixeira','316',NULL,'29055-310',NULL,'VITORIA','ES','BRASIL',NULL,NULL,NULL,NULL,NULL,NULL,'27 3026.7080','Rua José Teixeira',NULL,0,NULL,'LIVRE',NULL,NULL,NULL,NULL,NULL),
 (4164,NULL,'MULTIVAC DO BRASIL SISTEMAS PARA EMBALAGENS LTDA','MULTIVAC DO BRASIL SISTEMAS PARA EMBALAGENS','MULTIVAC DO BRASIL SISTEMAS PARA EMBALAGENS','10259645000105','J',NULL,NULL,NULL,'dannyela.boaventura@br.multivac.com',NULL,'DANNYELA','2010-04-27 00:00:00',NULL,NULL,'Rod. Br 116 - Km 110, 22.301 - Módulo 3D - Cond. Portal do Sul',NULL,NULL,'81690-500',NULL,'CURITIBA','PR','BRASIL',NULL,'81690-500',NULL,'CURITIBA','PR','BRASIL','Rod. Br 116 - Km 110, 22.301 - Módulo 3D - Cond. Portal do Sul',NULL,NULL,'81690-500',NULL,'CURITIBA','PR','BRASIL',NULL,NULL,NULL,NULL,NULL,NULL,'(19) 3251-8818','Rod. Br 116 - Km 110, 22.301 - Módulo 3D - Cond. Portal do Sul',NULL,0,NULL,'LIVRE',NULL,NULL,NULL,NULL,NULL),
 (4165,NULL,'CONTROLLER COMÉRCIO E SERVIÇOS LTDA','CONTROLLER COMÉRCIO E SERVIÇOS','CONTROLLER COMÉRCIO E SERVIÇOS','78515210000100','J',NULL,NULL,NULL,'RAMOM@CONTROLLER-SC.COM.BR',NULL,'RAMOM','2010-04-27 00:00:00',NULL,NULL,'Av. Santa Catarina, 1481',NULL,NULL,'88075-500',NULL,'FLORIANOPOLIS','SC','BRASIL',NULL,'88075-500',NULL,'FLORIANOPOLIS','SC','BRASIL','Av. Santa Catarina, 1481',NULL,NULL,'88075-500',NULL,'FLORIANOPOLIS','SC','BRASIL',NULL,NULL,NULL,NULL,NULL,NULL,'48 32482828','Av. Santa Catarina, 1481',NULL,0,NULL,'LIVRE',NULL,NULL,NULL,NULL,NULL),
 (4166,NULL,'KIMBERLY - CLARK INDÚSTRIA E COMÉRCIO DE PRODUTOS DE HIGIENE LTDA.','KIMBERLY - CLARK','KIMBERLY - CLARK','02290277000121','J',NULL,NULL,NULL,'vania.s.reis@kcc.com',NULL,'VANIA','2010-04-27 00:00:00',NULL,NULL,'Rua Olimpíadas, 205 - 6° e 13° andar','205','6° e 13° andar','04551-000',NULL,'SÃO PAULO','SP','BRASIL','205','04551-000',NULL,'SÃO PAULO','SP','BRASIL','Rua Olimpíadas, 205 - 6° e 13° andar','205','6° e 13° andar','04551-000',NULL,'SÃO PAULO','SP','BRASIL',NULL,NULL,NULL,NULL,NULL,NULL,'(11) 4503-4390','Rua Olimpíadas, 205 - 6° e 13° andar','6° e 13° andar',0,NULL,'LIVRE',NULL,NULL,NULL,NULL,NULL),
 (4167,NULL,'CARDAPIO MUSICAL LTDA','CARDAPIO MUSICAL','CARDAPIO MUSICAL','9661853000149','J',NULL,NULL,NULL,NULL,NULL,'ALEXWELL','2010-04-28 00:00:00',NULL,NULL,'AV JANDIRA','295','SALA1101','04080001','CENTRO','SÃO PAULO','SP','BRASIL','295','04080001','CENTRO','SÃO PAULO','SP','BRASIL','AV JANDIRA','295','SALA1101','04080001','CENTRO','SÃO PAULO','SP','BRASIL',NULL,NULL,NULL,NULL,NULL,NULL,NULL,'AV JANDIRA','SALA1101',0,NULL,'LIVRE',NULL,NULL,NULL,NULL,NULL),
 (4168,NULL,'ELBIMEC INDUSTRIA E COMERCIO DE BEBIDAS LTDA','ELBIMEC INDUSTRIA E COMERCIO DE BEBIDAS LTDA','ELBIMEC INDUSTRIA E COMERCIO DE BEBIDAS LTDA','07148127/0012-54','J','148906083117',NULL,NULL,NULL,NULL,'FELIPE','2010-04-28 00:00:00',NULL,NULL,'RUA JOAO PAULO SILVA','130',NULL,'04777020',NULL,'SAO PAULO','SP','BRASIL','130','04777020',NULL,'SAO PAULO','SP','BRASIL','RUA JOAO PAULO SILVA','130',NULL,'04777020',NULL,'SAO PAULO','SP','BRASIL',NULL,NULL,NULL,NULL,NULL,NULL,'(11) 78740627','RUA JOAO PAULO SILVA',NULL,0,NULL,'LIVRE',NULL,NULL,NULL,NULL,NULL),
 (4169,NULL,'MAIS COMERCIAL E ADAPTADORA DE VEICULOS ESPECIAIS LTDA EPP','MAIS COMERCIAL','MAIS COMERCIAL','05350099000175','J',NULL,NULL,NULL,'nadiacarreira@ig.com.br',NULL,'NADIA','2010-04-28 00:00:00',NULL,NULL,'Rua Alfredo Del Vigna','178',NULL,'07760-000',NULL,'CAJAMAR','SP','BRASIL','178','07760-000',NULL,'CAJAMAR','SP','BRASIL','Rua Alfredo Del Vigna','178',NULL,'07760-000',NULL,'CAJAMAR','SP','BRASIL',NULL,NULL,NULL,NULL,NULL,NULL,'(11) 2884-6011','Rua Alfredo Del Vigna',NULL,0,NULL,'LIVRE',NULL,NULL,NULL,NULL,NULL),
 (4170,NULL,'TOTVS S/A','TOTVS S/A','TOTVS S/A','53113791000122','J',NULL,NULL,NULL,'gustavo@greventos.com.br',NULL,'GUSTAVO','2010-04-28 00:00:00',NULL,NULL,'rua Francisco Morato','282','CONJ 02','05512-000',NULL,'SÃO PAULO','SP','BRASIL','282','05512-000',NULL,'SÃO PAULO','SP','BRASIL','rua Francisco Morato','282','CONJ 02','05512-000',NULL,'SÃO PAULO','SP','BRASIL',NULL,NULL,NULL,NULL,NULL,NULL,'38123635','rua Francisco Morato','CONJ 02',0,NULL,'LIVRE',NULL,NULL,NULL,NULL,NULL),
 (4171,NULL,'GUIDO CONTINI MÓVEIS PROFISSIONAIS LTDA','GUIDO CONTINI MÓVEIS PROFISSIONAIS','GUIDO CONTINI MÓVEIS PROFISSIONAIS','03615253000168','J',NULL,NULL,NULL,'armando@luiggicontini.com.br',NULL,'ARMANDO','2010-04-29 00:00:00',NULL,NULL,'Av. Paulista','925','10° ANDAR','01311-200',NULL,'SÃO PAULO','SP','BRASIL','925','01311-200',NULL,'SÃO PAULO','SP','BRASIL','Av. Paulista','925','10° ANDAR','01311-200',NULL,'SÃO PAULO','SP','BRASIL',NULL,NULL,NULL,NULL,NULL,NULL,'30147730','Av. Paulista','10° ANDAR',0,NULL,'LIVRE',NULL,NULL,NULL,NULL,NULL),
 (4172,NULL,'MALIGAN IND. E COM. DE MALAS TECNICAS LTDA','MALIGAN IND. E COM. DE MALAS TECNICAS','MALIGAN IND. E COM. DE MALAS TECNICAS','49941404000179','J',NULL,NULL,NULL,'maligan@maligan.com.br',NULL,'SANDRA','2010-04-29 00:00:00',NULL,NULL,'Rua Professor João de Aguiar pupo','30',NULL,'04429-200',NULL,'SAO PAULO','SP','BRASIL','30','04429-200',NULL,'SAO PAULO','SP','BRASIL','Rua Professor João de Aguiar pupo','30',NULL,'04429-200',NULL,'SAO PAULO','SP','BRASIL',NULL,NULL,NULL,NULL,NULL,NULL,'11 5622-2728','Rua Professor João de Aguiar pupo',NULL,0,NULL,'LIVRE',NULL,NULL,NULL,NULL,NULL),
 (4173,NULL,'INTERSYSTEMS DO BRASIL LTDA','INTERSYSTEMS DO BRASIL LTDA','INTERSYSTEMS DO BRASIL LTDA','00233883000180','J',NULL,NULL,NULL,'gisele.panegassi@gmail.com',NULL,'GISELE','2010-04-29 00:00:00',NULL,NULL,'Pça Professor Jose Lanes','40','10° ANDAR','04571-100',NULL,'SAO PAULO','SP','BRASIL','40','04571-100',NULL,'SAO PAULO','SP','BRASIL','Pça Professor Jose Lanes','40','10° ANDAR','04571-100',NULL,'SAO PAULO','SP','BRASIL',NULL,NULL,NULL,NULL,NULL,NULL,'(11) 3014-7072','Pça Professor Jose Lanes','10° ANDAR',0,NULL,'LIVRE',NULL,NULL,NULL,NULL,NULL),
 (4174,NULL,'Fundação Educacional Lucas Machado - FELUMA',' FELUMA',' FELUMA','17.178.203/0001-75','J',NULL,NULL,NULL,'camila.almeida@feluma.org.br',NULL,'CAMILA','2010-04-29 00:00:00',NULL,NULL,' Alameda Ezequiel Dias, 275 – 3° andar','275','3° ANDAR','30130-110',NULL,'BELO HORIZONTE','MG','BRASIL','275','30130-110',NULL,'BELO HORIZONTE','MG','BRASIL',' Alameda Ezequiel Dias, 275 – 3° andar','275','3° ANDAR','30130-110',NULL,'BELO HORIZONTE','MG','BRASIL',NULL,NULL,NULL,NULL,NULL,NULL,'(31) 3248-7164',' Alameda Ezequiel Dias, 275 – 3° andar','3° ANDAR',0,NULL,'LIVRE',NULL,NULL,NULL,NULL,NULL),
 (4175,NULL,'WELMY INDÚSTRIA E COMÉRCIO LTDA','WELMY INDÚSTRIA E COMÉRCIO','WELMY INDÚSTRIA E COMÉRCIO','51425213000104','J',NULL,NULL,NULL,'vendas6@welmy.com.br',NULL,'RAYANE','2010-04-29 00:00:00',NULL,NULL,'Rua Irmã Aneta Schnapp','81',NULL,'13457-194',NULL,'SANTA BÁRBARA D´OESTE','SP','BRASIL','81','13457-194',NULL,'SANTA BÁRBARA D´OESTE','SP','BRASIL','Rua Irmã Aneta Schnapp','81',NULL,'13457-194',NULL,'SANTA BÁRBARA D´OESTE','SP','BRASIL',NULL,NULL,NULL,NULL,NULL,NULL,'(19) 3026-2566','Rua Irmã Aneta Schnapp',NULL,0,NULL,'LIVRE',NULL,NULL,NULL,NULL,NULL),
 (4176,NULL,'BAXTER HOSPITALAR LTDA','BAXTER HOSPITALAR','BAXTER HOSPITALAR','49351786000180','J',NULL,NULL,NULL,'xenia_quirino@baxter.com',NULL,'XENIA','2010-04-29 00:00:00',NULL,NULL,'Av. Alfredo Egídio de Souza Aranha','100','BL C 7° ANDAR','04726-170',NULL,'SÃO PAULO','SP','BRASIL','100','04726-170',NULL,'SÃO PAULO','SP','BRASIL','Av. Alfredo Egídio de Souza Aranha','100','BL C 7° ANDAR','04726-170',NULL,'SÃO PAULO','SP','BRASIL',NULL,NULL,NULL,NULL,NULL,NULL,'(11) 5694-8739','Av. Alfredo Egídio de Souza Aranha','BL C 7° ANDAR',0,NULL,'LIVRE',NULL,NULL,NULL,NULL,NULL),
 (4177,NULL,'ROCHE DIAGNOSTICA BRASIL LTDA','ROCHE','ROCHE','3028035800186','J',NULL,NULL,NULL,'debora.tata@roche.com',NULL,'DEBORA','2010-04-29 00:00:00',NULL,NULL,'Av ENGENHEIRO BILLINGS','1729',NULL,'05321010',NULL,'SÃO PAULO','SP','BRASIL','1729','05321010',NULL,'SÃO PAULO','SP','BRASIL','Av ENGENHEIRO BILLINGS','1729',NULL,'05321010',NULL,'SÃO PAULO','SP','BRASIL',NULL,NULL,NULL,NULL,NULL,NULL,'(11) 37198982','Av ENGENHEIRO BILLINGS',NULL,0,NULL,'LIVRE',NULL,NULL,NULL,NULL,NULL),
 (4178,NULL,'IN VITRO DIAGNOSTICA LTDA','IN VITRO DIAGNOSTICA','IN VITRO DIAGNOSTICA','42837716000198','F',NULL,NULL,NULL,'fabio@invitro.com.br/wagner@invitro.com.br',NULL,'FABIO/WAGNER','2010-04-29 00:00:00',NULL,NULL,'CROMITA','278',NULL,'35903053',NULL,'ITABIRA','MG','BRASIL','278','35903053',NULL,'ITABIRA','MG','BRASIL',NULL,NULL,NULL,NULL,NULL,NULL,NULL,NULL,NULL,NULL,NULL,NULL,NULL,NULL,'(31) 30676412','CROMITA',NULL,0,NULL,'LIVRE',NULL,NULL,NULL,NULL,NULL),
 (4179,NULL,'FARMACONN LTDA','FARMACONN','FARMACONN','04159816000113','J',NULL,NULL,NULL,'cibele@farmaconn.com.br',NULL,'CIBELE','2010-04-30 00:00:00',NULL,NULL,'Rua Nossa Senhora de Fatima, 2185',NULL,NULL,'30710-020',NULL,'BELO HORIZONTE','MG','BRASIL',NULL,'30710-020',NULL,'BELO HORIZONTE','MG','BRASIL','Rua Nossa Senhora de Fatima, 2185',NULL,NULL,'30710-020',NULL,'BELO HORIZONTE','MG','BRASIL',NULL,NULL,NULL,NULL,NULL,NULL,'(31) 87262703','Rua Nossa Senhora de Fatima, 2185',NULL,0,NULL,'LIVRE',NULL,NULL,NULL,NULL,NULL),
 (4180,NULL,'UTI MEDICA INDÚSTRIA E COMERCIO DE MOVEIS HOSPITALARES LTDA','UTI MEDICA INDÚSTRIA E COMERCIO DE MOVEIS HOSPITALARES','UTI MEDICA INDÚSTRIA E COMERCIO DE MOVEIS HOSPITALARES','00740719000169','J',NULL,NULL,NULL,'utihospitalar@utihospitalar.com.br',NULL,'ANA LUCIA','2010-04-30 00:00:00',NULL,NULL,'Av. Altino Tomé, s/n, qd. 85-A, lts. 01/18/19/20',NULL,NULL,'74905-790',NULL,'APARECIDA DE GOIÂNIA','GO','BRASIL',NULL,'74905-790',NULL,'APARECIDA DE GOIÂNIA','GO','BRASIL','Av. Altino Tomé, s/n, qd. 85-A, lts. 01/18/19/20',NULL,NULL,'74905-790',NULL,'APARECIDA DE GOIÂNIA','GO','BRASIL',NULL,NULL,NULL,NULL,NULL,NULL,'62-3941-0868','Av. Altino Tomé, s/n, qd. 85-A, lts. 01/18/19/20',NULL,0,NULL,'LIVRE',NULL,NULL,NULL,NULL,NULL),
 (4181,NULL,'UTI MEDICA INDÚSTRIA E COMERCIO DE MOVEIS HOSPITALARES LTDA','UTI MEDICA INDÚSTRIA E COMERCIO DE MOVEIS HOSPITALARES','UTI MEDICA INDÚSTRIA E COMERCIO DE MOVEIS HOSPITALARES','00740719000169','J',NULL,NULL,NULL,'utihospitalar@utihospitalar.com.br',NULL,'ANA LUCIA S. ANDRADE','2010-05-03 00:00:00',NULL,NULL,'Av. Altino Tomé, s/n, qd. 85-A, lts. 01/18/19/20',NULL,NULL,'74905-790',NULL,'APARECIDA DE GOIÂNIA','GO','BRASIL',NULL,'74905-790',NULL,'APARECIDA DE GOIÂNIA','GO','BRASIL','Av. Altino Tomé, s/n, qd. 85-A, lts. 01/18/19/20',NULL,NULL,'74905-790',NULL,'APARECIDA DE GOIÂNIA','GO','BRASIL',NULL,NULL,NULL,NULL,NULL,NULL,'62-3941-0868','Av. Altino Tomé, s/n, qd. 85-A, lts. 01/18/19/20',NULL,0,NULL,'LIVRE',NULL,NULL,NULL,NULL,NULL),
 (4182,NULL,'MÓVEIS ANDRADE IND. E COM. DE MÓVEIS HOSPITALARES LTDA','MÓVEIS ANDRADE IND. E COM. DE MÓVEIS HOSPITALARES','MÓVEIS ANDRADE IND. E COM. DE MÓVEIS HOSPITALARES','04910323000173','J',NULL,NULL,NULL,'vicentevip@terra.com.br',NULL,'VICENTE','2010-05-03 00:00:00',NULL,NULL,'Avenida União Quadra','110','LOTE 01','74930-600',NULL,'APARECIDA DE GOIÂNIA','GO','BRASIL','110','74930-600',NULL,'APARECIDA DE GOIÂNIA','GO','BRASIL','Avenida União Quadra','110','LOTE 01','74930-600',NULL,'APARECIDA DE GOIÂNIA','GO','BRASIL',NULL,NULL,NULL,NULL,NULL,NULL,'62-35882646','Avenida União Quadra','LOTE 01',0,NULL,'LIVRE',NULL,NULL,NULL,NULL,NULL),
 (4183,NULL,'IMMUNOASSAY INDÚSTRIA E COMÉRCIO S/A','IMMUNOASSAY INDÚSTRIA E COMÉRCIO S/A','IMMUNOASSAY INDÚSTRIA E COMÉRCIO S/A','03296476000100','J',NULL,NULL,NULL,'karina.donatti@immunoassay.com.br',NULL,'KARINA','2010-05-03 00:00:00',NULL,NULL,'Rua Maria Soldeira Lourençon','680',NULL,'13295-000',NULL,'ITUPEVA','SP','SÃO PAULO','680','13295-000',NULL,'ITUPEVA','SP','SÃO PAULO','Rua Maria Soldeira Lourençon','680',NULL,'13295-000',NULL,'ITUPEVA','SP','SÃO PAULO',NULL,NULL,NULL,NULL,NULL,NULL,'11 4591-7272','Rua Maria Soldeira Lourençon',NULL,0,NULL,'LIVRE',NULL,NULL,NULL,NULL,NULL),
 (4184,NULL,'HAOXI EQUIPAMENTOS MÉDICOS HOSPITALARES LTDA','HAOXI EQUIPAMENTOS MÉDICOS HOSPITALARES LTDA','HAOXI EQUIPAMENTOS MÉDICOS HOSPITALARES LTDA','05678146000104','J',NULL,NULL,NULL,NULL,'humberto@haoxi.com.br','HUMBERTO','2010-05-03 00:00:00',NULL,NULL,'Rua do Carreiro de Pedra','285',NULL,'04728-020',NULL,'SÃO PAULO','SP','BRASIL','285','04728-020',NULL,'SÃO PAULO','SP','BRASIL','Rua do Carreiro de Pedra','285',NULL,'04728-020',NULL,'SÃO PAULO','SP','BRASIL',NULL,NULL,NULL,NULL,NULL,NULL,'11 - 5642-0587','Rua do Carreiro de Pedra',NULL,0,NULL,'LIVRE',NULL,NULL,NULL,NULL,NULL),
 (4185,NULL,'PERFITÉCNICA PERFIS TÉCNICOS DE BORRACHA LTDA','PERFITÉCNICA PERFIS TÉCNICOS DE BORRACHA','PERFITÉCNICA PERFIS TÉCNICOS DE BORRACHA','57893521000132','J',NULL,NULL,NULL,'vendas@perfitecnica.com.br',NULL,'LEANDRO','2010-05-03 00:00:00',NULL,NULL,'Rua Altena','129',NULL,'13329-610',NULL,'SALTO','SP','BRASIL','129','13329-610',NULL,'SALTO','SP','BRASIL','Rua Altena','129',NULL,'13329-610',NULL,'SALTO','SP','BRASIL',NULL,NULL,NULL,NULL,NULL,NULL,'11 4029-1655','Rua Altena',NULL,0,NULL,'LIVRE',NULL,NULL,NULL,NULL,NULL),
 (4186,NULL,'ABIMED ASSOC BRAS DOS IMP DE EQUIP PROD E SUP MED HOSP','ABIMED ASSOC BRAS DOS IMP DE EQUIP PROD E SUP MED HOSP','ABIMED ASSOC BRAS DOS IMP DE EQUIP PROD E SUP MED HOSP','01450951000125','J',NULL,NULL,NULL,'abimed@abimed.org.br',NULL,'EDNA RESENDE','2010-05-04 00:00:00',NULL,NULL,'AV. Iraí  Ed. Torres do Ibirapuera - Bloco B - Conjs. 92/93','75/79',NULL,'04082-000',NULL,'SÃO PAULO','SP','BRASIL','75/79','04082-000',NULL,'SÃO PAULO','SP','BRASIL','AV. Iraí  Ed. Torres do Ibirapuera - Bloco B - Conjs. 92/93','75/79',NULL,'04082-000',NULL,'SÃO PAULO','SP','BRASIL',NULL,NULL,NULL,NULL,NULL,NULL,'11 -50922568','AV. Iraí  Ed. Torres do Ibirapuera - Bloco B - Conjs. 92/93',NULL,0,NULL,'LIVRE',NULL,NULL,NULL,NULL,NULL),
 (4187,NULL,'NUTRIEX IMP. E EXP. DE PROD. NUTRICIONAIS E FARM. LTDA','NUTRIEX','NUTRIEX','06172459000159','J',NULL,NULL,NULL,'poliana.moraes@grupomilenio.com.br',NULL,'POLIANA','2010-05-06 00:00:00',NULL,NULL,'Av. Perimetral','2212','Qd. 09 L 124 Lj 01','74530-026',NULL,'GOIANIA','GO','BRASIL','2212','74530-026',NULL,'GOIANIA','GO','BRASIL','Av. Perimetral','2212','Qd. 09 L 124 Lj 01','74530-026',NULL,'GOIANIA','GO','BRASIL',NULL,NULL,NULL,NULL,NULL,NULL,'(62) 3240-5943','Av. Perimetral','Qd. 09 L 124 Lj 01',0,NULL,'LIVRE',NULL,NULL,NULL,NULL,NULL),
 (4188,NULL,'SERCON IND. E COM. DE APARARELHOS MED. E HOSPITALARES LTDA. (O)','SERCON','SERCON','59233783000104','J',NULL,NULL,NULL,'marketing@sercon.ind.br',NULL,'RENATO','2010-05-06 00:00:00',NULL,NULL,'Rua Tenente Onofre Rodrigues de Aguiar','1201',NULL,'08770-041',NULL,'MOGI DAS CRUZES','SP','BRASIL','1201','08770-041',NULL,'MOGI DAS CRUZES','SP','BRASIL','Rua Tenente Onofre Rodrigues de Aguiar','1201',NULL,'08770-041',NULL,'MOGI DAS CRUZES','SP','BRASIL',NULL,NULL,NULL,NULL,NULL,NULL,'11 2149-1723','Rua Tenente Onofre Rodrigues de Aguiar',NULL,0,NULL,'LIVRE',NULL,NULL,NULL,NULL,NULL),
 (4189,NULL,'DRÄGER INDÚSTRIA E COMÉRCIO LTDA.','DRÄGER','DRÄGER','02535707000128','J',NULL,NULL,NULL,'camila.oliveira@draeger.com',NULL,'CAMILA','2010-05-06 00:00:00',NULL,NULL,'Al. Pucuruí','51',NULL,'06460-100',NULL,'BARUERI','SP','BRASIL','51','06460-100',NULL,'BARUERI','SP','BRASIL','Al. Pucuruí','51',NULL,'06460-100',NULL,'BARUERI','SP','BRASIL',NULL,NULL,NULL,NULL,NULL,NULL,'11 9458-6778','Al. Pucuruí',NULL,0,NULL,'LIVRE',NULL,NULL,NULL,NULL,NULL),
 (4190,NULL,'INCOMEPE IND. COM. EXP. IMP. DE MAT. CIRÚRGICOS LTDA','INCOMEPE','INCOMEPE','57212870000141','J',NULL,NULL,NULL,'marketing@incomepe.com.br',NULL,'PATRICIA','2010-05-06 00:00:00',NULL,NULL,'Rua Martiniano Lemos Leite','30',NULL,'06705-110',NULL,'COTIA','SP','BRASIL','30','06705-110',NULL,'COTIA','SP','BRASIL','Rua Martiniano Lemos Leite','30',NULL,'06705-110',NULL,'COTIA','SP','BRASIL',NULL,NULL,NULL,NULL,NULL,NULL,'11 4615-4666','Rua Martiniano Lemos Leite',NULL,0,NULL,'LIVRE',NULL,NULL,NULL,NULL,NULL),
 (4191,NULL,'CLARUS MARKETING E TECNOLOGIA DA INFORMAÇÃO LTDA','CLARUS MARKETING','CLARUS MARKETING','10872159000150','J',NULL,NULL,NULL,'comercial@almanaquesaude.com.br',NULL,'LILIAN','2010-05-06 00:00:00',NULL,NULL,'Rua: Carlos Oswald','230',' Bl. 3B - 508','22793-120',NULL,'RIO DE JANEIRO','RJ','BRASIL','230','22793-120',NULL,'RIO DE JANEIRO','RJ','BRASIL','Rua: Carlos Oswald','230',' Bl. 3B - 508','22793-120',NULL,'RIO DE JANEIRO','RJ','BRASIL',NULL,NULL,NULL,NULL,NULL,NULL,'21 33250791','Rua: Carlos Oswald',' Bl. 3B - 508',0,NULL,'LIVRE',NULL,NULL,NULL,NULL,NULL),
 (4192,NULL,'CELM CIA. EQUIPADORA DE LABORATÓRIOS MODERNOS','CELM CIA. EQUIPADORA DE LABORATÓRIOS MODERNOS','CELM CIA. EQUIPADORA DE LABORATÓRIOS MODERNOS','61086823000176','J',NULL,NULL,NULL,'elisa.freitas@celm.com.br',NULL,'ELISA','2010-05-06 00:00:00',NULL,NULL,'Al. Amazonas','764',NULL,'06454-070',NULL,'BARUERI','SP','BRASIL','764','06454-070',NULL,'BARUERI','SP','BRASIL','Al. Amazonas','764',NULL,'06454-070',NULL,'BARUERI','SP','BRASIL',NULL,NULL,NULL,NULL,NULL,NULL,'(11) 41335223','Al. Amazonas',NULL,0,NULL,'LIVRE',NULL,NULL,NULL,NULL,NULL),
 (4193,NULL,'SENAC - SERV. NACIONAL DE APRENDIZAGEM COMERCIAL','SENAC - SERV. NACIONAL DE APRENDIZAGEM COMERCIAL','SENAC - SERV. NACIONAL DE APRENDIZAGEM COMERCIAL','03709814000198','J',NULL,NULL,NULL,'aila.amaral@miksom.com.br',NULL,'AILA','2010-05-06 00:00:00',NULL,NULL,'Rua Dr. Vila Nova','228','6° ANDAR','01222-903',NULL,'SÃO PAULO','SP','BRASIL','228','01222-903',NULL,'SÃO PAULO','SP','BRASIL','Rua Dr. Vila Nova','228','6° ANDAR','01222-903',NULL,'SÃO PAULO','SP','BRASIL',NULL,NULL,NULL,NULL,NULL,NULL,'(11) 3040-4455','Rua Dr. Vila Nova','6° ANDAR',0,NULL,'LIVRE',NULL,NULL,NULL,NULL,NULL),
 (4194,NULL,'NEWMED PRODUTOS PARA SAÚDE LTDA','NEWMED PRODUTOS PARA SAÚDE LTDA','NEWMED PRODUTOS PARA SAÚDE LTDA','61817664000132','J',NULL,NULL,NULL,'newmed@newmed.com.br',NULL,'ELIANE','2010-05-06 00:00:00',NULL,NULL,'Rua Santa Cruz','2209',NULL,'04121-002',NULL,'SÃO PAULO','SP','BRASIL','2209','04121-002',NULL,'SÃO PAULO','SP','BRASIL','Rua Santa Cruz','2209',NULL,'04121-002',NULL,'SÃO PAULO','SP','BRASIL',NULL,NULL,NULL,NULL,NULL,NULL,'9940.0077','Rua Santa Cruz',NULL,0,NULL,'LIVRE',NULL,NULL,NULL,NULL,NULL),
 (4195,NULL,'INSTRUCOM COMÉRCIO DE PRODUTOS CIENTÍFICOS LTDA','INSTRUCOM','INSTRUCOM','52108719000144','J',NULL,NULL,NULL,'natalia.souza@instrucom.com.br',NULL,'NATALIA','2010-05-06 00:00:00',NULL,NULL,'R Edson','349',NULL,'04618-031',NULL,'SÃO PAULO','SP','BRASIL','349','04618-031',NULL,'SÃO PAULO','SP','BRASIL','R Edson','349',NULL,'04618-031',NULL,'SÃO PAULO','SP','BRASIL',NULL,NULL,NULL,NULL,NULL,NULL,'11 2894-1920','R Edson',NULL,0,NULL,'LIVRE',NULL,NULL,NULL,NULL,NULL),
 (4196,NULL,'ENDOIMAGEM COM. IMPORT. E EXPORT. DE EQUIP. MED. LTDA','ENDOIMAGEM','ENDOIMAGEM','03006222000100','J',NULL,NULL,NULL,'pedro@brasmednet.com.br',NULL,'PEDRO','2010-05-06 00:00:00',NULL,NULL,'Demetrio Francisco,','145',NULL,'36026-530',NULL,'JUIZ DE FORA','MG','BRASIL','145','36026-530',NULL,'JUIZ DE FORA','MG','BRASIL',NULL,NULL,NULL,NULL,NULL,NULL,NULL,NULL,NULL,NULL,NULL,NULL,NULL,NULL,'2102-9000','Demetrio Francisco,',NULL,0,NULL,'LIVRE',NULL,NULL,NULL,NULL,NULL),
 (4197,NULL,'Porão da Criação Mkt e Serv. de Forn. de Mão de Obra Ltda','Porão da Criação Mkt e Serv. de Forn. de Mão de Obra Ltda','Porão da Criação Mkt e Serv. de Forn. de Mão de Obra Ltda','07.661.244/0001-64','J','149.316.448.116',NULL,NULL,'produtor_eventos_01@agitabr.com.br',NULL,'MARI','2010-05-07 00:00:00',NULL,NULL,'Rua Dr. Fabrício Vampré','262',NULL,'04014-020',NULL,'SAO PAULO','SP','BRASIL','262','04014-020',NULL,'SAO PAULO','SP','BRASIL','Rua Dr. Fabrício Vampré','262',NULL,'04014-020',NULL,'SAO PAULO','SP','BRASIL',NULL,NULL,NULL,NULL,NULL,NULL,'11 7734-3930','Rua Dr. Fabrício Vampré',NULL,0,NULL,'LIVRE',NULL,NULL,NULL,NULL,NULL),
 (4198,NULL,'IBF - INDUSTRIA BRASILEIRA DE FILMES S.A','IBF - INDUSTRIA BRASILEIRA DE FILMES','IBF - INDUSTRIA BRASILEIRA DE FILMES','33255787000191','J',NULL,NULL,NULL,'sacp.rx@ibf.com.br',NULL,'ERICA','2010-05-10 00:00:00',NULL,NULL,NULL,NULL,NULL,NULL,NULL,NULL,NULL,NULL,'116','22290-906',NULL,'RIO DE JANEIRO','RJ','BRASIL','Rua Lauro Muller','116','10 ANDAR','22290-906',NULL,'RIO DE JANEIRO','RJ','BRASIL',NULL,NULL,NULL,NULL,NULL,NULL,'21 2103-1000','Rua Lauro Muller','10 ANDAR',0,NULL,'LIVRE',NULL,NULL,NULL,NULL,NULL),
 (4199,NULL,'Sebia imp. com. e dist. de aparelhos e reativos para diagnóstico in vitro Ltda','Sebia','Sebia','08.576.331/0001-86','J',NULL,NULL,NULL,'eferraz@sebia.com.br/ andreia@aldeiabr.com.br',NULL,'ANDREIA','2010-05-10 00:00:00',NULL,NULL,'Rua Barão do Triunfo','73','CJ 51','04602-000',NULL,'SÃO PAUL','SP','BRASIL','73','04602-000',NULL,'SÃO PAUL','SP','BRASIL','Rua Barão do Triunfo','73','CJ 51','04602-000',NULL,'SÃO PAUL','SP','BRASIL',NULL,NULL,NULL,NULL,NULL,NULL,'11 3849 0148','Rua Barão do Triunfo','CJ 51',0,NULL,'LIVRE',NULL,NULL,NULL,NULL,NULL),
 (4200,NULL,'Nefrodata Sistemas LTDA','Nefrodata Sistemas LTDA','Nefrodata Sistemas LTDA','02923013/0001--68','J',NULL,NULL,NULL,NULL,'rebeca_morato@nefrodata.com.br','REBECA','2010-05-10 00:00:00',NULL,NULL,'Av Parana','457','CJ 103','35500-031',NULL,'DIVINOPOLIS','MG','BRASIL','457','35500-031',NULL,'DIVINOPOLIS','MG','BRASIL','Av Parana','457','CJ 103','35500-031',NULL,'DIVINOPOLIS','MG','BRASIL',NULL,NULL,NULL,NULL,NULL,NULL,'37 21025532','Av Parana','CJ 103',0,NULL,'LIVRE',NULL,NULL,NULL,NULL,NULL),
 (4201,NULL,'INSTRUMENTATION LABORATORY COM. DE PROD. MÉDICOS E HOSPITALARES','INSTRUMENTATION','INSTRUMENTATION','09636420000133','J',NULL,NULL,NULL,'juliana.godoy@chwerfen.com',NULL,'JULIANA','2010-05-11 00:00:00',NULL,NULL,'Estrada dos Romeiros','138','Km 38,5, módulo G9 - Condomínio Morro Gr','06504-160',NULL,'SANTANA DO PARNAÍBA','SP','BRASIL','138','06504-160',NULL,'SANTANA DO PARNAÍBA','SP','BRASIL','Estrada dos Romeiros','138','Km 38,5, módulo G9 - Condomínio Morro Gr','06504-160',NULL,'SANTANA DO PARNAÍBA','SP','BRASIL',NULL,NULL,NULL,NULL,NULL,NULL,'11 7897-8719','Estrada dos Romeiros','Km 38,5, módulo G9 - Condomínio Morro Gr',0,NULL,'LIVRE',NULL,NULL,NULL,NULL,NULL),
 (4202,NULL,'ASSOCIAÇÃO SANTA MARCELINA','ASSOCIAÇÃO SANTA MARCELINA','ASSOCIAÇÃO SANTA MARCELINA','60742855001787','J',NULL,NULL,NULL,'nathalia@advantage-br.com',NULL,'NATHALIA','2010-05-11 00:00:00',NULL,NULL,'Rua São João das duas Barras','95',NULL,'08270-080',NULL,'SÃO PAULO','SC','BRASIL','95','08270-080',NULL,'SÃO PAULO','SC','BRASIL','Rua São João das duas Barras','95',NULL,'08270-080',NULL,'SÃO PAULO','SC','BRASIL',NULL,NULL,NULL,NULL,NULL,NULL,'(11) 2476-7244','Rua São João das duas Barras',NULL,0,NULL,'LIVRE',NULL,NULL,NULL,NULL,NULL),
 (4203,NULL,'TTS TECNO TROLLEY SYSTEM DO BRASIL LTDA','TTS TECNO TROLLEY SYSTEM DO BRASIL','TTS TECNO TROLLEY SYSTEM DO BRASIL','03685129000179','J',NULL,NULL,NULL,'marketing@tssbrasil.com.br',NULL,'ROBERTO','2010-05-11 00:00:00',NULL,NULL,'Rua Sitio do Ribeirão','523',NULL,'06709-450',NULL,'COTIA','SP','BRASIL','523','06709-450',NULL,'COTIA','SP','BRASIL','Rua Sitio do Ribeirão','523',NULL,'06709-450',NULL,'COTIA','SP','BRASIL',NULL,NULL,NULL,NULL,NULL,NULL,'11-4612-0722','Rua Sitio do Ribeirão',NULL,0,NULL,'LIVRE',NULL,NULL,NULL,NULL,NULL),
 (4204,NULL,'VITA SAUDE MATERIAIS HOSPITALARES LTDA EPP','VITA SAUDE MATERIAIS HOSPITALARES','VITA SAUDE MATERIAIS HOSPITALARES','06912855000175','J',NULL,NULL,NULL,'vitasaude@bol.com.br',NULL,'CLAUDIA','2010-05-11 00:00:00',NULL,NULL,'Av. Peri Ronchetti','561',NULL,'02633-000',NULL,'SÃO PAULO','SP','BRASIL','561','02633-000',NULL,'SÃO PAULO','SP','BRASIL','Av. Peri Ronchetti','561',NULL,'02633-000',NULL,'SÃO PAULO','SP','BRASIL',NULL,NULL,NULL,NULL,NULL,NULL,'11 2202-9000','Av. Peri Ronchetti',NULL,0,NULL,'LIVRE',NULL,NULL,NULL,NULL,NULL),
 (4205,NULL,'SISTCOM SISTEMAS E COMPUTADORES LTDA','SISTCOM SISTEMAS E COMPUTADORES','SISTCOM SISTEMAS E COMPUTADORES','55478762000190','J',NULL,NULL,NULL,'jrfonseca@sistcom.com.br',NULL,'SEBASTIÃO','2010-05-11 00:00:00',NULL,NULL,'Rua Helena','21',NULL,'17230-000',NULL,'ITAPUI','SP','BRASIL','21','17230-000',NULL,'ITAPUI','SP','BRASIL','Rua Helena','21',NULL,'17230-000',NULL,'ITAPUI','SP','BRASIL',NULL,NULL,NULL,NULL,NULL,NULL,'01497731305','Rua Helena',NULL,0,NULL,'LIVRE',NULL,NULL,NULL,NULL,NULL),
 (4206,NULL,'MALLINCKRODT DO BRASIL LTDA','MALLINCKRODT DO BRASIL LTDA','MALLINCKRODT DO BRASIL LTDA','30.153.811/0001-93','J','114.377.487.110',NULL,NULL,'simone.hoffmann@covidien.com',NULL,'SIMONE','2010-05-11 00:00:00',NULL,NULL,'Av. das Nações Unidas','12995','Conj. 23 - Ed. Robocop','04758-000',NULL,'SÃO PAULO','SP','BRASIL','23.013','04795-100','Vila Almeida','SÃO PAULO','SP','BRASIL','Av. das Nações Unidas','12995','Conj. 23 - Ed. Robocop','04758-000',NULL,'SÃO PAULO','SP','BRASIL',NULL,'2.359.175-7',NULL,NULL,NULL,NULL,'(11) 21876314','Av. das Nações Unidas',NULL,0,NULL,'LIVRE',NULL,NULL,NULL,NULL,NULL),
 (4207,NULL,'AUTO SUTURE DO BRASIL LTDA','AUTO SUTURE DO BRASIL LTDA','AUTO SUTURE DO BRASIL LTDA','01.645.409/0001-28','J','114.963.553.113',NULL,NULL,'simone.hoffmann@covidien.com',NULL,'SIMONE','2010-05-12 00:00:00',NULL,NULL,'Av. Nações Unidas','12995','CJ 23','04578-000',NULL,'SÃO PAULO','SP','BRASIL','12995','04578-000',NULL,'SÃO PAULO','SP','BRASIL','Av. Nações Unidas','12995','CJ 23','04578-000',NULL,'SÃO PAULO','SP','BRASIL',NULL,NULL,NULL,NULL,NULL,NULL,'11-2187-6314','Av. Nações Unidas','CJ 23',0,NULL,'LIVRE',NULL,NULL,NULL,NULL,NULL),
 (4208,NULL,'IPH - INSTITUTO DE PESQ. HOSPITALARES ARQUITETO JARBAS KARMAN','IPH - INSTITUTO DE PESQ. HOSPITALARES','IPH - INSTITUTO DE PESQ. HOSPITALARES','60942711000107','J',NULL,NULL,NULL,'iph@iph.org.br',NULL,'TEREZINHA','2010-05-12 00:00:00',NULL,NULL,'Rua: Piracuama','21','CONJ 2','05017-040',NULL,'SÃO PAULO','SP','BRASIL','21','05017-040',NULL,'SÃO PAULO','SP','BRASIL','Rua: Piracuama','21','CONJ 2','05017-040',NULL,'SÃO PAULO','SP','BRASIL',NULL,NULL,NULL,NULL,NULL,NULL,'(11) 38726063','Rua: Piracuama','CONJ 2',0,NULL,'LIVRE',NULL,NULL,NULL,NULL,NULL),
 (4209,NULL,'MICMMED EQUIPAMENTOS MÉDICO-HOSPITALARES LTDA','MICMMED EQUIPAMENTOS MÉDICO-HOSPITALARES','MICMMED EQUIPAMENTOS MÉDICO-HOSPITALARES','94069580000117','J',NULL,NULL,NULL,'micmmed@terra.com.br',NULL,'GRAÇA','2010-05-14 00:00:00',NULL,NULL,'Rua Dr. Lauro de Oliveira','44',NULL,'90420-210',NULL,'PORTO ALEGRE','RS','BRASIL','44','90420-210',NULL,'PORTO ALEGRE','RS','BRASIL','Rua Dr. Lauro de Oliveira','44',NULL,'90420-210',NULL,'PORTO ALEGRE','RS','BRASIL',NULL,NULL,NULL,NULL,NULL,NULL,'(51) 3333.2277','Rua Dr. Lauro de Oliveira',NULL,0,NULL,'LIVRE',NULL,NULL,NULL,NULL,NULL),
 (4210,NULL,'VEPRO DO BRASIL LTDA','VEPRO DO BRASIL','VEPRO DO BRASIL','06112161000153','J',NULL,NULL,NULL,'rafaela.otta@vepro.com.br',NULL,'RAFAELA','2010-05-17 00:00:00',NULL,NULL,'Av. Raja Gabaglia','4943','SALA 201','30360-663',NULL,'BELO HORIZONTE','MG','BRASIL','4943','30360-663',NULL,'BELO HORIZONTE','MG','BRASIL','Av. Raja Gabaglia','4943','SALA 201','30360-663',NULL,'BELO HORIZONTE','MG','BRASIL',NULL,NULL,NULL,NULL,NULL,NULL,'(31)3293-7369','Av. Raja Gabaglia','SALA 201',0,NULL,'LIVRE',NULL,NULL,NULL,NULL,NULL),
 (4211,NULL,'PRO DESCART INDUSTRIA E COMERCIO LTDA','PRO DESCART INDUSTRIA E COMERCIO','PRO DESCART INDUSTRIA E COMERCIO','72899016000199','J',NULL,NULL,NULL,'EDSON.MAEDA@BIOFRAL.COM.BR',NULL,'EDSON','2010-05-17 00:00:00',NULL,NULL,'AV. LOURENÇO BELLOLI','1009',NULL,'06268110',NULL,'OSASCO','SP','BRASIL','1009','06268110',NULL,'OSASCO','SP','BRASIL','AV. LOURENÇO BELLOLI','1009',NULL,'06268110',NULL,'OSASCO','SP','BRASIL',NULL,NULL,NULL,NULL,NULL,NULL,'(11) 2983 4555','AV. LOURENÇO BELLOLI',NULL,0,NULL,'LIVRE',NULL,NULL,NULL,NULL,NULL),
 (4212,NULL,'INPUT CENTER INFORMÁTICA LTDA','INPUT CENTER INFORMÁTICA','INPUT CENTER INFORMÁTICA','60807435000174','J',NULL,NULL,NULL,'jonas@input.com.br',NULL,'JONAS','2010-05-17 00:00:00',NULL,NULL,'Avenida Edgar Facó','241',NULL,'02924-000',NULL,'SÃO PAULO','SP','BRASIL','241','02924-000',NULL,'SÃO PAULO','SP','BRASIL','Avenida Edgar Facó','241',NULL,'02924-000',NULL,'SÃO PAULO','SP','BRASIL',NULL,NULL,NULL,NULL,NULL,NULL,'(11) 3976 8000','Avenida Edgar Facó',NULL,0,NULL,'LIVRE',NULL,NULL,NULL,NULL,NULL),
 (4213,NULL,'RENAULT DO BRASIL S.A.','RENAULT DO BRASIL','RENAULT DO BRASIL','00913443000173','J',NULL,NULL,NULL,'andre.bacci@bancodeeventos.com',NULL,'ANDRE','2010-05-17 00:00:00',NULL,NULL,'Av. Renault','1300',NULL,'83070-900',NULL,'SÃO JOSÉ DOS PINHAIS','PR','BRASIL','1300','83070-900',NULL,'SÃO JOSÉ DOS PINHAIS','PR','BRASIL','Av. Renault','1300',NULL,'83070-900',NULL,'SÃO JOSÉ DOS PINHAIS','PR','BRASIL',NULL,NULL,NULL,NULL,NULL,NULL,'11 7648 0608','Av. Renault',NULL,0,NULL,'LIVRE',NULL,NULL,NULL,NULL,NULL),
 (4214,NULL,'COMERCIO DE MATERIAIS MÉDICOS HOSP MACROSUL LTDA','COMERCIO DE MATERIAIS MÉDICOS HOSP MACROSUL','COMERCIO DE MATERIAIS MÉDICOS HOSP MACROSUL','95433397000111','J',NULL,NULL,NULL,'monica@macrosul.com',NULL,'MONICA','2010-05-17 00:00:00',NULL,NULL,'Rua Julio Bartolomeu Taborda Luiz','270',NULL,'82600-070',NULL,'CURITIBA','PR','BRASIL','270','82600-070',NULL,'CURITIBA','PR','BRASIL','Rua Julio Bartolomeu Taborda Luiz','270',NULL,'82600-070',NULL,'CURITIBA','PR','BRASIL',NULL,NULL,NULL,NULL,NULL,NULL,'41 2102-8344','Rua Julio Bartolomeu Taborda Luiz',NULL,0,NULL,'LIVRE',NULL,NULL,NULL,NULL,NULL),
 (4215,NULL,'ECO - EMPRESA DE CONSULTORIA, ORGANIZAÇÃO DE SISTEMAS E EDITORAÇÃO LTD','ECO - EMPRESA DE CONSULTORIA','ECO - EMPRESA DE CONSULTORIA','39185269000125','J',NULL,NULL,NULL,'joseph.lynch@ecosistemas.com.br',NULL,'JOSEPH','2010-05-18 00:00:00',NULL,NULL,'Rua Presidente Backer','149','12 ANDAR','24220-040',NULL,'NITEROI','RJ','BRASIL','149','24220-040',NULL,'NITEROI','RJ','BRASIL','Rua Presidente Backer','149','12 ANDAR','24220-040',NULL,'NITEROI','RJ','BRASIL',NULL,NULL,NULL,NULL,NULL,NULL,'21 8681 0635','Rua Presidente Backer','12 ANDAR',0,NULL,'LIVRE',NULL,NULL,NULL,NULL,NULL),
 (4216,NULL,'EDITORIAL BOLINA BRASIL LTDA','EDITORIAL BOLINA BRASIL','EDITORIAL BOLINA BRASIL','02880228000149','J',NULL,NULL,NULL,'ironete.soares@editorialbolina.com/ joice.aguiar@editorialbolina.com',NULL,'IRONETE','2010-05-18 00:00:00',NULL,NULL,'Al. Pucurui','51/59','BLOBO B Conj 1030','06460-100',NULL,'BARUERI','SP','BRASIL','51/59','06460-100',NULL,'BARUERI','SP','BRASIL','Al. Pucurui','51/59','BLOBO B Conj 1030','06460-100',NULL,'BARUERI','SP','BRASIL',NULL,NULL,NULL,NULL,NULL,NULL,'117752-8449','Al. Pucurui','BLOBO B Conj 1030',0,NULL,'LIVRE',NULL,NULL,NULL,NULL,NULL),
 (4217,NULL,'LINDE GASES LTDA.','LINDE GASES','LINDE GASES','60619202000652','J',NULL,NULL,NULL,'thais.souza@linde.com',NULL,'THAIS','2010-05-18 00:00:00',NULL,NULL,'Rua da Passagem','123','3° ANDAR','22290-030',NULL,'RIO DE JANEIRO','RJ','BRASIL','123','22290-030',NULL,'RIO DE JANEIRO','RJ','BRASIL','Rua da Passagem','123','3° ANDAR','22290-030',NULL,'RIO DE JANEIRO','RJ','BRASIL',NULL,NULL,NULL,NULL,NULL,NULL,'21 32165509','Rua da Passagem','3° ANDAR',0,NULL,'LIVRE',NULL,NULL,NULL,NULL,NULL),
 (4218,NULL,'MANUSCRITO CONFECÇÕES LTDA - ME','MANUSCRITO CONFECÇÕES','MANUSCRITO CONFECÇÕES','11240412000115','J',NULL,NULL,NULL,'barbara@biostilo.com.br',NULL,'BARBARA','2010-05-18 00:00:00',NULL,NULL,'Rua Luiz Ometto','215',NULL,'13456-114',NULL,'SANTA BÁRBARA D','SP','BRASIL','215','13456-114',NULL,'SANTA BÁRBARA D','SP','BRASIL','Rua Luiz Ometto','215',NULL,'13456-114',NULL,'SANTA BÁRBARA D','SP','BRASIL',NULL,NULL,NULL,NULL,NULL,NULL,'(19) 34542136','Rua Luiz Ometto',NULL,0,NULL,'LIVRE',NULL,NULL,NULL,NULL,NULL),
 (4219,NULL,'ZEBRA TECHNOLOGIES INTERNATIONAL LLC','ZEBRA TECHNOLOGIES','ZEBRA TECHNOLOGIES','34166488000143','J',NULL,NULL,NULL,'adriana@hcamargo.com.br',NULL,'ADRIANA','2010-05-18 00:00:00',NULL,NULL,'Estrada Adhemar Bebiano','1380',NULL,'21051-070',NULL,'RIO DE JANEIRO','RJ','BRASIL','1380','21051-070',NULL,'RIO DE JANEIRO','RJ','BRASIL','Estrada Adhemar Bebiano','1380',NULL,'21051-070',NULL,'RIO DE JANEIRO','RJ','BRASIL',NULL,NULL,NULL,NULL,NULL,NULL,'(21) 22099300','Estrada Adhemar Bebiano',NULL,0,NULL,'LIVRE',NULL,NULL,NULL,NULL,NULL),
 (4220,NULL,'APOTHEKA I+D BRASIL LTDA','APOTHEKA I+D BRASIL','APOTHEKA I+D BRASIL','04253120000151','J',NULL,NULL,NULL,'JULIANA.HELENA@APOTHEKA.COM.BR',NULL,'JULIANA','2010-05-19 00:00:00',NULL,NULL,'Av. Humberto de Alencar Castelo Branco','1260',NULL,'09850-300',NULL,'SÃO BERNARDO DO CAMPO','SP','BRASIL','1260','09850-300',NULL,'SÃO BERNARDO DO CAMPO','SP','BRASIL','Av. Humberto de Alencar Castelo Branco','1260',NULL,'09850-300',NULL,'SÃO BERNARDO DO CAMPO','SP','BRASIL',NULL,NULL,NULL,NULL,NULL,NULL,'(11)4392 8010 R 107/115','Av. Humberto de Alencar Castelo Branco',NULL,0,NULL,'LIVRE',NULL,NULL,NULL,NULL,NULL),
 (4221,NULL,'MV INFORMÁTICA NORDESTE LTDA.','MV INFORMÁTICA NORDESTE','MV INFORMÁTICA NORDESTE','92306257000275','J',NULL,NULL,NULL,'deise@mv.com.br',NULL,'DEISE','2010-05-19 00:00:00',NULL,NULL,'Rua Antônio Vicente','27',NULL,'51030-480',NULL,'RECIFE','PE','BRASIL','27','51030-480',NULL,'RECIFE','PE','BRASIL','Rua Antônio Vicente','27',NULL,'51030-480',NULL,'RECIFE','PE','BRASIL',NULL,NULL,NULL,NULL,NULL,NULL,'81 9113-2035','Rua Antônio Vicente',NULL,0,NULL,'LIVRE',NULL,NULL,NULL,NULL,NULL),
 (4222,NULL,'NIPRO MEDICAL LTDA','NIPRO MEDICAL','NIPRO MEDICAL','00762455000144','F',NULL,NULL,NULL,'emanuelle_santos@nipro.com.br',NULL,'EMANUELLE','2010-05-19 00:00:00',NULL,NULL,'AV NIPRO','451',NULL,'18087127',NULL,'SOROCABA','SP','BRASIL','451','18087127',NULL,'SOROCABA','SP','BRASIL','AV NIPRO','451',NULL,'18087127',NULL,'SOROCABA','SP','BRASIL',NULL,NULL,NULL,NULL,NULL,NULL,'15 9147-9126','AV NIPRO',NULL,0,NULL,'LIVRE',NULL,NULL,NULL,NULL,NULL),
 (4223,NULL,'SENAI SERVIÇO NACIONAL DE APRED. INDUSTRIAL','SENAI','SENAI','03774819000102','J',NULL,NULL,NULL,'mnrodrigues@fiesp.org.br',NULL,'Michel','2010-05-19 00:00:00',NULL,NULL,'Av. Paulista','1313','4 ANDAR',NULL,NULL,'SÃO PAULO','SP','BRASIL','1313',NULL,NULL,'SÃO PAULO','SP','BRASIL','Av. Paulista','1313','4 ANDAR',NULL,NULL,'SÃO PAULO','SP','BRASIL',NULL,NULL,NULL,NULL,NULL,NULL,'(11) 3549-4515','Av. Paulista','4 ANDAR',0,NULL,'LIVRE',NULL,NULL,NULL,NULL,NULL),
 (4224,NULL,'SONICLEAR IND. COM. IMP. E EXP. LTDA','SONICLEAR','SONICLEAR','58511270000147','J',NULL,NULL,NULL,'MARKETING@SONICLEAR.COM.BR',NULL,'TALITA','2010-05-20 00:00:00',NULL,NULL,'Rua Basílio da Cunha','882',NULL,'01544-001',NULL,'SÃO PAULO','SP','BRASIL','882','01544-001',NULL,'SÃO PAULO','SP','BRASIL','Rua Basílio da Cunha','882',NULL,'01544-001',NULL,'SÃO PAULO','SP','BRASIL',NULL,NULL,NULL,NULL,NULL,NULL,'11-2591-6000','Rua Basílio da Cunha',NULL,0,NULL,'LIVRE',NULL,NULL,NULL,NULL,NULL),
 (4225,NULL,'SISMATEC IND. E COM. DE EQUIP. HOSP. LTDA','SISMATEC','SISMATEC','78380987000104','J',NULL,NULL,NULL,'marketing1@sismatec.com.br',NULL,'WILLIAN','2010-05-20 00:00:00',NULL,NULL,'Rua Omílio Monteiro Soares','1614',NULL,'81030-001',NULL,'CURITIBA','PR','BRASIL','1614','81030-001',NULL,'CURITIBA','PR','BRASIL','Rua Omílio Monteiro Soares','1614',NULL,'81030-001',NULL,'CURITIBA','PR','BRASIL',NULL,NULL,NULL,NULL,NULL,NULL,'3213-5900','Rua Omílio Monteiro Soares',NULL,0,NULL,'LIVRE',NULL,NULL,NULL,NULL,NULL),
 (4226,NULL,'S.C.B.R. Automação do Brasil Ltda','S.C.B.R. Automação do Brasil Ltda','S.C.B.R. Automação do Brasil Ltda','02.735.564/0001-06','J',NULL,NULL,NULL,'carlos@scanbrasil.com.br',NULL,'CARLOS','2010-05-20 00:00:00',NULL,NULL,'Rua 13 de maio','105',NULL,'01327-000',NULL,'SÃO PAULO','SP','BRASIL','105','01327-000',NULL,'SÃO PAULO','SP','BRASIL','Rua 13 de maio','105',NULL,'01327-000',NULL,'SÃO PAULO','SP','BRASIL',NULL,NULL,NULL,NULL,NULL,NULL,'(011) 3017-0100','Rua 13 de maio',NULL,0,NULL,'LIVRE',NULL,NULL,NULL,NULL,NULL),
 (4227,NULL,'Sociedade Brasileira de Controle de Contaminação','Sociedade Brasileira de Controle de Contaminação','Sociedade Brasileira de Controle de Contaminação','57533903000155','J',NULL,NULL,NULL,'majory.imai@uol.com.br',NULL,'MAJORY','2010-05-20 00:00:00',NULL,NULL,'R. sebastião Humel','171',NULL,NULL,NULL,'São José dos Campos','SP','BRASIL','171',NULL,NULL,'São José dos Campos','SP','BRASIL','R. sebastião Humel','171',NULL,NULL,NULL,'São José dos Campos','SP','BRASIL',NULL,NULL,NULL,NULL,NULL,NULL,'012 39229976','R. sebastião Humel',NULL,0,NULL,'LIVRE',NULL,NULL,NULL,NULL,NULL),
 (4228,NULL,'CELSO LOPES MARTINS - EPP','CELSO LOPES MARTINS','CELSO LOPES MARTINS','96260369000102','J',NULL,NULL,NULL,'responsaveltecnica@celmat.com.br',NULL,'FLAVIA','2010-05-20 00:00:00',NULL,NULL,'Rua dos Curupiás','160',NULL,'04344-050',NULL,'SÃO PAULO','SP','BRASIL','160','04344-050',NULL,'SÃO PAULO','SP','BRASIL','Rua dos Curupiás','160',NULL,'04344-050',NULL,'SÃO PAULO','SP','BRASIL',NULL,NULL,NULL,NULL,NULL,NULL,'50115288','Rua dos Curupiás',NULL,0,NULL,'LIVRE',NULL,NULL,NULL,NULL,NULL),
 (4229,NULL,'PULSAR TECHNOLOGIES TECNOLOGIA BIOMEDICA LTDA','PULSAR TECHNOLOGIES TECNOLOGIA BIOMEDICA LTDA','PULSAR TECHNOLOGIES TECNOLOGIA BIOMEDICA LTDA','05475957000108','J',NULL,NULL,NULL,'jean@s3dinamica.com',NULL,'JEAN','2010-05-21 00:00:00',NULL,NULL,'Av. Pedro Bueno','1171',NULL,'04342-010',NULL,'SÃO PAULO','SP','BRASIL','1171','04342-010',NULL,'SÃO PAULO','SP','BRASIL','Av. Pedro Bueno','1171',NULL,'04342-010',NULL,'SÃO PAULO','SP','BRASIL',NULL,NULL,NULL,NULL,NULL,NULL,'(11) 2307-4650','Av. Pedro Bueno',NULL,0,NULL,'LIVRE',NULL,NULL,NULL,NULL,NULL);
INSERT INTO `ent_cliente` (`COD_CLIENTE`,`SIGLA_PONTO`,`RAZAO_SOCIAL`,`NOME_FANTASIA`,`NOME_COMERCIAL`,`NUM_DOC`,`TIPO_DOC`,`INSC_ESTADUAL`,`FONE_2`,`FAX`,`EMAIL`,`SITE`,`CONTATO`,`DT_CADASTRO`,`DT_INATIVO`,`SYS_DT_ALTERACAO`,`ENTR_ENDERECO`,`ENTR_NUMERO`,`ENTR_COMPLEMENTO`,`ENTR_CEP`,`ENTR_BAIRRO`,`ENTR_CIDADE`,`ENTR_ESTADO`,`ENTR_PAIS`,`FATURA_NUMERO`,`FATURA_CEP`,`FATURA_BAIRRO`,`FATURA_CIDADE`,`FATURA_ESTADO`,`FATURA_PAIS`,`COBR_ENDERECO`,`COBR_NUMERO`,`COBR_COMPLEMENTO`,`COBR_CEP`,`COBR_BAIRRO`,`COBR_CIDADE`,`COBR_ESTADO`,`COBR_PAIS`,`CLASSE`,`INSC_MUNICIPAL`,`COD_ANTIGO`,`OLD_FONE_1`,`OLD_FATURA_ENDERECO`,`OLD_FATURA_COMPLEMENTO`,`FONE_1`,`FATURA_ENDERECO`,`FATURA_COMPLEMENTO`,`TEM_ALIQ_IRPJ`,`ALIQ_IRPJ`,`TIPO_CHAMADO`,`COD_BANCO`,`AGENCIA`,`CONTA`,`FAVORECIDO`,`OBS`) VALUES 
 (4230,NULL,'FANEM LTDA.','FANEM','FANEM','61100244000130','J',NULL,NULL,NULL,'ivan@fanem.com.br',NULL,'IVAN','2010-05-21 00:00:00',NULL,NULL,'Rua Arthur Carl Schmidt','186',NULL,'07222-050',NULL,'GUARULHOS','SP','BRASIL','186','07222-050',NULL,'GUARULHOS','SP','BRASIL','Rua Arthur Carl Schmidt','186',NULL,'07222-050',NULL,'GUARULHOS','SP','BRASIL',NULL,NULL,NULL,NULL,NULL,NULL,'11 94605626','Rua Arthur Carl Schmidt',NULL,0,NULL,'LIVRE',NULL,NULL,NULL,NULL,NULL),
 (4231,NULL,'Editorial Bolina Brasil Ltda','Editorial Bolina Brasil','Editorial Bolina Brasil','02.880.228/0001-49','J',NULL,NULL,NULL,'marcela.petty@editorialbolina.com',NULL,'MARCELA','2010-05-21 00:00:00',NULL,NULL,'Alameda Pucuruí','51 59','Bloco B; Conjunto: 1030','06460-100',NULL,'SÃO PAULO','SP','BRASIL','51 59','06460-100',NULL,'SÃO PAULO','SP','BRASIL','Alameda Pucuruí','51 59','Bloco B; Conjunto: 1030','06460-100',NULL,'SÃO PAULO','SP','BRASIL',NULL,NULL,NULL,NULL,NULL,NULL,'11 4195-0363 R. 217','Alameda Pucuruí','Bloco B; Conjunto: 1030',0,NULL,'LIVRE',NULL,NULL,NULL,NULL,NULL),
 (4232,NULL,'F DE PAULA M DE ALBUQUERQUE','F DE PAULA M DE ALBUQUERQUE','F DE PAULA M DE ALBUQUERQUE','06981319000121','J',NULL,NULL,NULL,'flavia@support.med.br',NULL,'FLAVIA','2010-05-27 00:00:00',NULL,NULL,'Av. 53','1227',NULL,'13501-530',NULL,'RIO CLARO','SP','BRASIL','1227','13501-530',NULL,'RIO CLARO','SP','BRASIL','Av. 53','1227',NULL,'13501-530',NULL,'RIO CLARO','SP','BRASIL',NULL,NULL,NULL,NULL,NULL,NULL,'(19) 35315100','Av. 53',NULL,0,NULL,'LIVRE',NULL,NULL,NULL,NULL,NULL),
 (4233,NULL,'CAMARA DE COMERCIO SUIÇO-BRASILEIRA','CAMARA DE COMERCIO SUIÇO-BRASILEIRA','CAMARA DE COMERCIO SUIÇO-BRASILEIRA','34116335000191','J',NULL,NULL,NULL,'hanna.weisskopf@swisscam.com.br',NULL,'HANNA','2010-05-27 00:00:00',NULL,NULL,'Av Das Nações Unidas','18001',NULL,'04795-900',NULL,'SÃO PAULO','SP','BRASIL','18001','04795-900',NULL,'SÃO PAULO','SP','BRASIL','Av Das Nações Unidas','18001',NULL,'04795-900',NULL,'SÃO PAULO','SP','BRASIL',NULL,NULL,NULL,NULL,NULL,NULL,'(11) 5683-7447','Av Das Nações Unidas',NULL,0,NULL,'LIVRE',NULL,NULL,NULL,NULL,NULL),
 (4234,NULL,'MOGIGLASS ARTIGOS PARA LABORATORIOS LTDA','MOGIGLASS ARTIGOS PARA LABORATORIOS LTDA','MOGIGLASS ARTIGOS PARA LABORATORIOS LTDA','66886052000115','J',NULL,NULL,NULL,'raphael@mogigloss.com.br',NULL,'RAPHAEL','2010-05-27 00:00:00',NULL,NULL,'Rua Francisco Franco','511',NULL,'08710-590',NULL,'MOGI DAS CRUZES','SP','BRASIL','511','08710-590',NULL,'MOGI DAS CRUZES','SP','BRASIL','Rua Francisco Franco','511',NULL,'08710-590',NULL,'MOGI DAS CRUZES','SP','BRASIL',NULL,NULL,NULL,NULL,NULL,NULL,'(11) 4723-4110','Rua Francisco Franco',NULL,0,NULL,'LIVRE',NULL,NULL,NULL,NULL,NULL),
 (4235,NULL,'PRES MED IND. COM. DE COMPRES. MEDICINAIS LTDA-EPP','PRES MED IND. COM. DE COMPRES. MEDICINAIS LTDA-EPP','PRES MED IND. COM. DE COMPRES. MEDICINAIS LTDA-EPP','71964134000170','J',NULL,NULL,NULL,'alexandre@presmed.ind.br',NULL,'ALEXANDRE','2010-05-27 00:00:00',NULL,NULL,'Av. das Nações Unidas, 20897',NULL,NULL,'04795-100',NULL,'SÃO PAULO','SP','BRASIL',NULL,'04795-100',NULL,'SÃO PAULO','SP','BRASIL','Av. das Nações Unidas, 20897',NULL,NULL,'04795-100',NULL,'SÃO PAULO','SP','BRASIL',NULL,NULL,NULL,NULL,NULL,NULL,'(11) 5548-4677','Av. das Nações Unidas, 20897',NULL,0,NULL,'LIVRE',NULL,NULL,NULL,NULL,NULL),
 (4236,NULL,'PRO-LAUDO DIAGNOSTICOS POR IMAGEM','PRO-LAUDO DIAGNOSTICOS POR IMAGEM','PRO-LAUDO DIAGNOSTICOS POR IMAGEM','10711853000195','J',NULL,NULL,NULL,NULL,NULL,'FELIPE','2010-05-27 00:00:00',NULL,NULL,'Av Nelson Cardoso','1149','SALA 234','22730-001',NULL,'RIO DE JANEIRO','RJ','BRASIL','1149','22730-001',NULL,'RIO DE JANEIRO','RJ','BRASIL','Av Nelson Cardoso','1149','SALA 234','22730-001',NULL,'RIO DE JANEIRO','RJ','BRASIL',NULL,NULL,NULL,NULL,NULL,NULL,'(21) 30054103','Av Nelson Cardoso','SALA 234',0,NULL,'LIVRE',NULL,NULL,NULL,NULL,NULL),
 (4238,NULL,'STERIS CORPORATION','STERIS CORPORATION','STERIS CORPORATION','07374508000107','J',NULL,NULL,NULL,'marjorie_nobrega@steris.com',NULL,'MARJORIE','2010-05-27 00:00:00',NULL,NULL,'Av Ibirapuera','2907','CONJ 1401','04029-200',NULL,'SÃO PAULO','SP','BRASIL','2907','04029-200',NULL,'SÃO PAULO','SP','BRASIL','Av Ibirapuera','2907','CONJ 1401','04029-200',NULL,'SÃO PAULO','SP','BRASIL',NULL,NULL,NULL,NULL,NULL,NULL,'(11) 5053 9821','Av Ibirapuera','CONJ 1401',0,NULL,'LIVRE',NULL,NULL,NULL,NULL,NULL),
 (4239,NULL,'PLASTICOS ARAKEN LTDA','PLASTICOS ARAKEN LTDA','PLASTICOS ARAKEN LTDA','59556548000165','J',NULL,NULL,NULL,NULL,NULL,NULL,'2010-05-27 00:00:00',NULL,NULL,'Rua Paulo Candido da Silva','58',NULL,'07700-000',NULL,'SÃOPAULO','SP','BRASIL','58','07700-000',NULL,'SÃOPAULO','SP','BRASIL','Rua Paulo Candido da Silva','58',NULL,'07700-000',NULL,'SÃOPAULO','SP','BRASIL',NULL,NULL,NULL,NULL,NULL,NULL,'(11) 9627-7463','Rua Paulo Candido da Silva',NULL,0,NULL,'LIVRE',NULL,NULL,NULL,NULL,NULL),
 (4240,NULL,'BULBITRONICS INC','BULBITRONICS INC','BULBITRONICS INC',NULL,'J',NULL,NULL,NULL,'jbuehler@mdna.com',NULL,'JOHANNA','2010-06-01 00:00:00',NULL,NULL,NULL,NULL,NULL,NULL,NULL,NULL,NULL,'ESTADOS UNIDOS',NULL,NULL,NULL,NULL,NULL,'ESTADOS UNIDOS',NULL,NULL,NULL,NULL,NULL,NULL,NULL,'ESTADOS UNIDOS',NULL,NULL,NULL,NULL,NULL,NULL,NULL,NULL,NULL,0,NULL,'LIVRE',NULL,NULL,NULL,NULL,NULL),
 (4241,NULL,'FIRST SOLUTIONS','FIRST SOLUTIONS','FIRST SOLUTIONS',NULL,'F',NULL,NULL,NULL,'victoria@first.pt',NULL,'VICTORIA','2010-06-01 00:00:00',NULL,NULL,NULL,NULL,NULL,NULL,NULL,NULL,NULL,'PORTUGAL',NULL,NULL,NULL,NULL,NULL,'PORTUGAL',NULL,NULL,NULL,NULL,NULL,NULL,NULL,'PORTUGAL',NULL,NULL,NULL,NULL,NULL,NULL,NULL,NULL,NULL,0,NULL,'LIVRE',NULL,NULL,NULL,NULL,NULL),
 (4242,NULL,'MICROSENS MEDTECH LTDA','MICROSENS MEDTECH LTDA','MICROSENS MEDTECH LTDA',NULL,'F',NULL,NULL,NULL,'ROGER.ROSEDALE@MICROSENS.CO.UK',NULL,'ROGER','2010-06-01 00:00:00',NULL,NULL,NULL,NULL,NULL,NULL,NULL,NULL,NULL,'INGLATERRA',NULL,NULL,NULL,NULL,NULL,'INGLATERRA',NULL,NULL,NULL,NULL,NULL,NULL,NULL,'INGLATERRA',NULL,NULL,NULL,NULL,NULL,NULL,NULL,NULL,NULL,0,NULL,'LIVRE',NULL,NULL,NULL,NULL,NULL),
 (4243,NULL,'PHD+DL','PHD+DL','PHD+DL',NULL,'F',NULL,NULL,NULL,'monique.pela@phddl.net',NULL,'MONIQUE','2010-06-01 00:00:00',NULL,NULL,NULL,NULL,NULL,NULL,NULL,NULL,NULL,'FRANÇA',NULL,NULL,NULL,NULL,NULL,'FRANÇA',NULL,NULL,NULL,NULL,NULL,NULL,NULL,'FRANÇA',NULL,NULL,NULL,NULL,NULL,NULL,NULL,NULL,NULL,0,NULL,'LIVRE',NULL,NULL,NULL,NULL,NULL),
 (4244,NULL,'MERKOLAT','MERKOLAT','MERKOLAT',NULL,'F',NULL,NULL,NULL,NULL,'RENE.RUMBAUT@MERKOLAT.COM','RENE','2010-06-01 00:00:00',NULL,NULL,NULL,NULL,NULL,NULL,NULL,NULL,NULL,'ESTADOS UNIDOS',NULL,NULL,NULL,NULL,NULL,'ESTADOS UNIDOS',NULL,NULL,NULL,NULL,NULL,NULL,NULL,'ESTADOS UNIDOS',NULL,NULL,NULL,NULL,NULL,NULL,NULL,NULL,NULL,0,NULL,'LIVRE',NULL,NULL,NULL,NULL,NULL),
 (4245,NULL,'ALERT LIFE SCIENCES COMPUTING S.A','ALERT LIFE SCIENCES COMPUTING S.A','ALERT LIFE SCIENCES COMPUTING S.A',NULL,'F',NULL,NULL,NULL,'joana.pinho@alert.pt',NULL,'JOANA','2010-06-01 00:00:00',NULL,NULL,NULL,NULL,NULL,NULL,NULL,NULL,NULL,'PORTUGAL',NULL,NULL,NULL,NULL,NULL,'PORTUGAL',NULL,NULL,NULL,NULL,NULL,NULL,NULL,'PORTUGAL',NULL,NULL,NULL,NULL,NULL,NULL,NULL,NULL,NULL,0,NULL,'LIVRE',NULL,NULL,NULL,NULL,NULL),
 (4246,NULL,'HILL ROM COMPANY','HILL ROM COMPANY','HILL ROM COMPANY',NULL,'F',NULL,NULL,NULL,'c.pauladias@hotmail.com',NULL,'PAULA','2010-06-01 00:00:00',NULL,NULL,NULL,NULL,NULL,NULL,NULL,NULL,NULL,'ESTADOS UNIDOS',NULL,NULL,NULL,NULL,NULL,'ESTADOS UNIDOS',NULL,NULL,NULL,NULL,NULL,NULL,NULL,'ESTADOS UNIDOS',NULL,NULL,NULL,NULL,NULL,NULL,NULL,NULL,NULL,0,NULL,'LIVRE',NULL,NULL,NULL,NULL,NULL),
 (4247,NULL,'B4 LAB LATINO AMERICA PRODUTOS HOSPITALARES LTDA','B4 LAB LATINO AMERICA PRODUTOS HOSPITALARES LTDA','B4 LAB LATINO AMERICA PRODUTOS HOSPITALARES LTDA','08.279.163.0001-67','J',NULL,NULL,NULL,'vfvilma@globo.com;vilma@b4lab.com.br',NULL,'VILMA','2010-06-01 00:00:00',NULL,NULL,'Rua Gomes Ferreira, 647 8° andar Sala804/805','647','8° ANDAR SLA 804/805','20231-014',NULL,'RIO DE JANEIRO','RJ','BRASIL','647','20231-014',NULL,'RIO DE JANEIRO','RJ','BRASIL','Rua Gomes Ferreira, 647 8° andar Sala804/805','647','8° ANDAR SLA 804/805','20231-014',NULL,'RIO DE JANEIRO','RJ','BRASIL',NULL,NULL,NULL,NULL,NULL,NULL,'(21) 2224-9153','Rua Gomes Ferreira, 647 8° andar Sala804/805','8° ANDAR SLA 804/805',0,NULL,'LIVRE',NULL,NULL,NULL,NULL,NULL),
 (4248,NULL,'Sociedade Brasileira de Análises Clínicas','Sociedade Brasileira de Análises Clínicas','Sociedade Brasileira de Análises Clínicas',' 34.143.495/0001-20','J',NULL,NULL,NULL,NULL,NULL,NULL,'2010-06-04 00:00:00',NULL,NULL,NULL,NULL,NULL,NULL,NULL,NULL,NULL,NULL,NULL,NULL,NULL,NULL,NULL,NULL,NULL,NULL,NULL,NULL,NULL,NULL,NULL,NULL,NULL,NULL,NULL,NULL,NULL,NULL,NULL,NULL,NULL,0,NULL,'LIVRE',NULL,NULL,NULL,NULL,NULL),
 (4249,NULL,'DANIEL FARIAS','DANIEL FARIAS','DANIEL FARIAS',NULL,'F',NULL,NULL,NULL,NULL,NULL,NULL,'2010-06-10 00:00:00',NULL,NULL,NULL,NULL,NULL,NULL,NULL,NULL,NULL,NULL,NULL,NULL,NULL,NULL,NULL,NULL,NULL,NULL,NULL,NULL,NULL,NULL,NULL,NULL,NULL,NULL,NULL,NULL,NULL,NULL,NULL,NULL,NULL,0,NULL,'LIVRE',NULL,NULL,NULL,NULL,NULL),
 (4250,NULL,'ALFA INSTRUMENTOS ELETRÔNICOS LTDA','ALFA INSTRUMENTOS ELETRÔNICOS LTDA','ALFA INSTRUMENTOS ELETRÔNICOS LTDA','50.632.017/0001-30','J',NULL,NULL,NULL,'(11) 3952-2299 ramal 102.',NULL,'MARINES','2010-07-07 00:00:00',NULL,NULL,'R. Cel. Mário de Azevedo','138',NULL,'02710-020',NULL,'SAO PAULO','SP','BRASIL','138','02710-020',NULL,'SAO PAULO','SP','BRASIL','R. Cel. Mário de Azevedo','138',NULL,'02710-020',NULL,'SAO PAULO','SP','BRASIL',NULL,NULL,NULL,NULL,NULL,NULL,'(11) 3952-2299 ramal 102.','R. Cel. Mário de Azevedo',NULL,0,NULL,'LIVRE',NULL,NULL,NULL,NULL,NULL),
 (4251,NULL,'Yanmar South America Indústria de Máquinas Ltda.','Yanmar South America Indústria de Máquinas Ltda.','Yanmar South America Indústria de Máquinas Ltda.','08.263.434/0001-96','J',NULL,NULL,NULL,'fabiane@yanmar.com.br',NULL,'FABIANE','2010-07-07 00:00:00',NULL,NULL,'Rodovia SP 73, NR Condomínio Empresarial Indaiatuba, 4.509 – Módulos 01 e 02',NULL,NULL,'13.347-390',NULL,'INDAIATUBA','SP','BRASIL',NULL,'13.347-390',NULL,'INDAIATUBA','SP','BRASIL','Rodovia SP 73, NR Condomínio Empresarial Indaiatuba, 4.509 – Módulos 01 e 02',NULL,NULL,'13.347-390',NULL,'INDAIATUBA','SP','BRASIL',NULL,NULL,NULL,NULL,NULL,NULL,'(19) 3801 9221','Rodovia SP 73, NR Condomínio Empresarial Indaiatuba, 4.509 – Módulos 01 e 02',NULL,0,NULL,'LIVRE',NULL,NULL,NULL,NULL,NULL),
 (4252,NULL,'L. A. FALCÃO BAUER – CENTRO TECNOLÓGICO DE CONTROLE DE QUALIDADE LTDA','L. A. FALCÃO BAUER','L. A. FALCÃO BAUER','53.020.152/0001-12','J',NULL,NULL,NULL,'jdecarvalho@falcaobauer.com.br',NULL,'JULIANA','2010-07-07 00:00:00',NULL,NULL,'Rua Aquinos','111',NULL,'05036-070',NULL,'SÃO PAULO','SP','BRASIL','111','05036-070',NULL,'SÃO PAULO','SP','BRASIL','Rua Aquinos','111',NULL,'05036-070',NULL,'SÃO PAULO','SP','BRASIL',NULL,NULL,NULL,NULL,NULL,NULL,'(11) 3611-0833 r. 247','Rua Aquinos',NULL,0,NULL,'LIVRE',NULL,NULL,NULL,NULL,NULL),
 (4253,NULL,'TRACBRAZ MÁQUINAS E EQUIPAMENTOS LTDA','TRACBRAZ MÁQUINAS E EQUIPAMENTOS','TRACBRAZ MÁQUINAS E EQUIPAMENTOS','10.794.861/0001-42','J',NULL,NULL,NULL,'marina.albino@tracbraz.com.br',NULL,'MARINA','2010-07-07 00:00:00',NULL,NULL,'RUA ATHALIDES MOREIRA DE SOUZA','712',NULL,'29168-055',NULL,'SERRA','ES','BRASIL','712','29168-055',NULL,'SERRA','ES','BRASIL','RUA ATHALIDES MOREIRA DE SOUZA','712',NULL,'29168-055',NULL,'SERRA','ES','BRASIL',NULL,NULL,NULL,NULL,NULL,NULL,'(27) 3016-2920','RUA ATHALIDES MOREIRA DE SOUZA',NULL,0,NULL,'LIVRE',NULL,NULL,NULL,NULL,NULL),
 (4254,NULL,'Permaq Ind. Com. Máqs. Pneumáticas Ltda','Permaq Ind. Com. Máqs. Pneumáticas','Permaq Ind. Com. Máqs. Pneumáticas','53.618.757/0001-00','J',NULL,NULL,NULL,'luciana@permaq.com.br',NULL,'LUCIANA','2010-07-07 00:00:00',NULL,NULL,'Av. Sapopemba','7218',NULL,'03374-001',NULL,'SÃO PAULO','SP','BRASIL','7218','03374-001',NULL,'SÃO PAULO','SP','BRASIL','Av. Sapopemba','7218',NULL,'03374-001',NULL,'SÃO PAULO','SP','BRASIL',NULL,NULL,NULL,NULL,NULL,NULL,'11-2918-9925','Av. Sapopemba',NULL,0,NULL,'LIVRE',NULL,NULL,NULL,NULL,NULL),
 (4255,NULL,'FAST TRANSPORTES VERTICAIS INDUSTRIA E COMÉRCIO S/A','FAST TRANSPORTES VERTICAIS INDUSTRIA E COMÉRCIO S/A','FAST TRANSPORTES VERTICAIS INDUSTRIA E COMÉRCIO S/A','10.323.156/0001-67','J',NULL,NULL,NULL,'antonio@fastelevadores.com.br',NULL,'ANTONIO','2010-07-07 00:00:00',NULL,NULL,'Rua Balão Mágico','1195',NULL,'06715-780',NULL,'COTIA','SP','BRASIL','1195','06715-780',NULL,'COTIA','SP','BRASIL','Rua Balão Mágico','1195',NULL,'06715-780',NULL,'COTIA','SP','BRASIL',NULL,NULL,NULL,NULL,NULL,NULL,'011 4148-1599','Rua Balão Mágico',NULL,0,NULL,'LIVRE',NULL,NULL,NULL,NULL,NULL),
 (4256,NULL,'ESTUB - SISTEMAS CONSTRUTIVOS LTDA','ESTUB - SISTEMAS CONSTRUTIVOS LTDA','ESTUB - SISTEMAS CONSTRUTIVOS LTDA','03.227.333 / 0001-46','J',NULL,NULL,NULL,'cvianna@estub.com.br',NULL,'CEZAR','2010-07-07 00:00:00',NULL,NULL,'Rua Pedro Jório','150','SALA 325','21.530-030',NULL,'RIO DE JANEIRO','RJ','BRASIL','150','21.530-030',NULL,'RIO DE JANEIRO','RJ','BRASIL','Rua Pedro Jório','150','SALA 325','21.530-030',NULL,'RIO DE JANEIRO','RJ','BRASIL',NULL,NULL,NULL,NULL,NULL,NULL,' (21) 2472-7200','Rua Pedro Jório','SALA 325',0,NULL,'LIVRE',NULL,NULL,NULL,NULL,NULL),
 (4257,NULL,'ABTC - Associação Brasileira dos Fabricantes de Tubos de Concreto','ABTC','ABTC','04.833.684/0001-63','J',NULL,NULL,NULL,'administrativo@abtc.com.br',NULL,'ITAMAR','2010-07-08 00:00:00',NULL,NULL,'Rodovia ES 010, Km 02','1929',NULL,'29164-043',NULL,'SERRA','ES','BRASIL','76','05347-902',NULL,'SÃO PAULO','SP','BRASIL','Rodovia ES 010, Km 02','1929',NULL,'29164-043',NULL,'SERRA','ES','BRASIL',NULL,NULL,NULL,NULL,NULL,NULL,'(11) 3763-3637','Av. Torres de Oliveira',NULL,0,NULL,'LIVRE',NULL,NULL,NULL,NULL,NULL),
 (4258,NULL,'ANDAIMES METAX EQUIPAMENTOS LTDA','ANDAIMES METAX EQUIPAMENTOS LTDA','ANDAIMES METAX EQUIPAMENTOS LTDA','55930630000157','J',NULL,NULL,NULL,'metax@metax.com.br',NULL,'ROBSON','2010-07-08 00:00:00',NULL,NULL,'RODOVIA SP 73 KM 10,5',NULL,NULL,'13053400',NULL,'CAMPINAS','SP','BRASIL',NULL,'13053400',NULL,'CAMPINAS','SP','BRASIL','RODOVIA SP 73 KM 10,5',NULL,NULL,'13053400',NULL,'CAMPINAS','SP','BRASIL',NULL,NULL,NULL,NULL,NULL,NULL,'(19) 37296000','RODOVIA SP 73 KM 10,5',NULL,0,NULL,'LIVRE',NULL,NULL,NULL,NULL,NULL),
 (4259,NULL,'Tubocon Tubos e Conexões Ltda','Tubocon Tubos e Conexões Ltda','Tubocon Tubos e Conexões Ltda','01.803.778/0001-02','J',NULL,NULL,NULL,'terezinha@tubocon.com.br',NULL,'REGINA','2010-07-08 00:00:00',NULL,NULL,' Rua Ingaí','06',NULL,'21020-260',NULL,'RIO DE JANEIRO','RJ','BRASIL','06','21020-260',NULL,'RIO DE JANEIRO','RJ','BRASIL',' Rua Ingaí','06',NULL,'21020-260',NULL,'RIO DE JANEIRO','RJ','BRASIL',NULL,NULL,NULL,NULL,NULL,NULL,'(21) 2178-4949',' Rua Ingaí',NULL,0,NULL,'LIVRE',NULL,NULL,NULL,NULL,NULL),
 (4260,NULL,'AST Comércio Internacional','AST Comércio Internacional','AST Comércio Internacional','32.393.589/0001-21','F',NULL,NULL,NULL,'katiany@grupoast.com.br',NULL,'KATIANY','2010-07-08 00:00:00',NULL,NULL,'Rodovia ES 010, Km 02','1.929',NULL,'29164-043',NULL,'SERRA','ES','BRASIL','1.929','29164-043',NULL,'SERRA','ES','BRASIL',NULL,NULL,NULL,NULL,NULL,NULL,NULL,NULL,NULL,NULL,NULL,NULL,NULL,NULL,'27 3203-7766','Rodovia ES 010, Km 02',NULL,0,NULL,'LIVRE',NULL,NULL,NULL,NULL,NULL),
 (4261,NULL,'FORTALEZA IND COM DE MAQ E EQUIP LTDA','FORTALEZA IND COM DE MAQ E EQUIP LTDA','FORTALEZA IND COM DE MAQ E EQUIP LTDA','05753339/0001-82','J',NULL,NULL,NULL,'franciele.baram@hotmail.com',NULL,'FRANCIELE','2010-07-08 00:00:00',NULL,NULL,'Rua Padre Anchieta','955',NULL,'93270- 020',NULL,'ESTEIO','RS','BRASIL','955','93270- 020',NULL,'ESTEIO','RS','BRASIL','Rua Padre Anchieta','955',NULL,'93270- 020',NULL,'ESTEIO','RS','BRASIL',NULL,NULL,NULL,NULL,NULL,NULL,'(51) 3033-3133','Rua Padre Anchieta',NULL,0,NULL,'LIVRE',NULL,NULL,NULL,NULL,NULL),
 (4262,NULL,'TQS INFORMÁTICA LTDA','TQS INFORMÁTICA LTDA','TQS INFORMÁTICA LTDA','56.555.212/0001-90','J',NULL,NULL,NULL,'luana@tqs.com.br',NULL,'LUANA','2010-07-12 00:00:00',NULL,NULL,'Rua dos Pinheiros','706','CASA 2','05422-001',NULL,'SÃO PAULO','SP','BRASIL','706','05422-001',NULL,'SÃO PAULO','SP','BRASIL','Rua dos Pinheiros','706','CASA 2','05422-001',NULL,'SÃO PAULO','SP','BRASIL',NULL,NULL,NULL,NULL,NULL,NULL,'(011) 3883-2722','Rua dos Pinheiros','CASA 2',0,NULL,'LIVRE',NULL,NULL,NULL,NULL,NULL),
 (4263,NULL,'Viatrade Ass.; Com.; Imp. e Exp. Ltda','Viatrade Ass.; Com.; Imp. e Exp. Ltda','Viatrade Ass.; Com.; Imp. e Exp. Ltda','07.295.163/0001-98','J',NULL,NULL,NULL,'roberta@vtrade.com.br',NULL,'ROBERTA','2010-07-12 00:00:00',NULL,NULL,'Rua Isidoro Caetano','189','SALA 1','88331-005',NULL,'CAMBORIU','SC','BRASIL','189','88331-005',NULL,'CAMBORIU','SC','BRASIL','Rua Isidoro Caetano','189','SALA 1','88331-005',NULL,'CAMBORIU','SC','BRASIL',NULL,NULL,NULL,NULL,NULL,NULL,'(47) 3366 0155','Rua Isidoro Caetano','SALA 1',0,NULL,'LIVRE',NULL,NULL,NULL,NULL,NULL),
 (4264,NULL,'VZAN IND. E COM. LTDA','VZAN IND. E COM. LTDA','VZAN IND. E COM. LTDA','04.200.406/0001-76','J',NULL,NULL,NULL,'posvenda@vzanmaquinas.com.br',NULL,'MIRIAM','2010-07-12 00:00:00',NULL,NULL,'RUA MARIO MORETIN','217',NULL,'86185-480',NULL,'CAMBE','PR','BRASIL','217','86185-480',NULL,'CAMBE','PR','BRASIL','RUA MARIO MORETIN','217',NULL,'86185-480',NULL,'CAMBE','PR','BRASIL',NULL,NULL,NULL,NULL,NULL,NULL,'( 43) 3154-0700','RUA MARIO MORETIN',NULL,0,NULL,'LIVRE',NULL,NULL,NULL,NULL,NULL),
 (4265,NULL,'Astra S/A Indústria e Comércio','Astra S/A Indústria e Comércio','Astra S/A Indústria e Comércio','50.949.528/0001-80','J',NULL,NULL,NULL,'pmvgessika@astra-sa.com.br',NULL,'GESSIKA','2010-07-13 00:00:00',NULL,NULL,'Rua Colégio Florence','59',NULL,'13209-700',NULL,'JUNDIAI','SP','BRASIL','59','13209-700',NULL,'JUNDIAI','SP','BRASIL','Rua Colégio Florence','59',NULL,'13209-700',NULL,'JUNDIAI','SP','BRASIL',NULL,NULL,NULL,NULL,NULL,NULL,'(11) 4583-7777','Rua Colégio Florence',NULL,0,NULL,'LIVRE',NULL,NULL,NULL,NULL,NULL),
 (4266,NULL,'INNOVARE EVENTOS LTDA','INNOVARE EVENTOS LTDA','INNOVARE EVENTOS LTDA','02.146.031/0001-80','J','2.628.179-1',NULL,NULL,NULL,NULL,NULL,'2010-07-14 00:00:00',NULL,NULL,NULL,NULL,NULL,NULL,NULL,NULL,NULL,NULL,'148','03112-030','Mooca','São Paulo','SP','BRASIL',NULL,NULL,NULL,NULL,NULL,NULL,NULL,NULL,NULL,NULL,NULL,NULL,NULL,NULL,'(11) 9972-8523','Rua Orwille Derby',NULL,0,NULL,'LIVRE',NULL,NULL,NULL,NULL,NULL),
 (4267,NULL,'Incotep Ind e Com de Tubos Especiais de Precisão Ltda','Incotep Ind e Com de Tubos Especiais de Precisão Ltda','Incotep Ind e Com de Tubos Especiais de Precisão Ltda','59.339.408/0001-35','J',NULL,NULL,NULL,'renatasantos@acotubo.com.br',NULL,'RENATA','2010-07-14 00:00:00',NULL,NULL,'Rua Majestic','2250',NULL,'07221-060',NULL,'SÃO PAULO','SP','BRASIL','2250','07221-060',NULL,'SÃO PAULO','SP','BRASIL','Rua Majestic','2250',NULL,'07221-060',NULL,'SÃO PAULO','SP','BRASIL',NULL,NULL,NULL,NULL,NULL,NULL,'11 2413-2040','Rua Majestic',NULL,0,NULL,'LIVRE',NULL,NULL,NULL,NULL,NULL),
 (4268,NULL,'JRC Produtos Diamantados Ltda ME','JRC Produtos Diamantados Ltda ME','JRC Produtos Diamantados Ltda ME','00.787.901/0001-75','J',NULL,NULL,NULL,'adm@jrcdiamantados.com.br',NULL,'SILENE','2010-07-14 00:00:00',NULL,NULL,'Rua da Heras','645',NULL,'03144-080',NULL,'SÃO PAULO','SP','BRASIL','645','03144-080',NULL,'SÃO PAULO','SP','BRASIL','Rua da Heras','645',NULL,'03144-080',NULL,'SÃO PAULO','SP','BRASIL',NULL,NULL,NULL,NULL,NULL,NULL,'2341-3866','Rua da Heras',NULL,0,NULL,'LIVRE',NULL,NULL,NULL,NULL,NULL),
 (4269,NULL,'Vibrafort Máquinas para Construção Civil ltda ME','Vibrafort Máquinas para Construção Civil ltda ME','Vibrafort Máquinas para Construção Civil ltda ME','01.369.345/0001-80','J',NULL,NULL,NULL,'vibrafort@vibrafort.com.br',NULL,'ISABEL','2010-07-14 00:00:00',NULL,NULL,'Rua  Brás de Pina','425',NULL,NULL,NULL,'SÃO PAULO','SP','BRASIL','425',NULL,NULL,'SÃO PAULO','SP','BRASIL','Rua  Brás de Pina','425',NULL,NULL,NULL,'SÃO PAULO','SP','BRASIL',NULL,NULL,NULL,NULL,NULL,NULL,'(11) 2910-7373','Rua  Brás de Pina',NULL,0,NULL,'LIVRE',NULL,NULL,NULL,NULL,NULL),
 (4270,NULL,'SUPPLY SOLUTIONS Com. E Serv. p/Constr. Civil. Ltda','SUPPLY SOLUTIONS Com. E Serv. p/Constr. Civil. Ltda','SUPPLY SOLUTIONS Com. E Serv. p/Constr. Civil. Ltda','01.434.785/0001-73','J',NULL,NULL,NULL,'marketing@supplysolutions.com.br',NULL,'MARCIA','2010-07-14 00:00:00',NULL,NULL,'Rua Albion','408',NULL,'05077-130',NULL,'SÃO PAULO','SP','BRASIL','408','05077-130',NULL,'SÃO PAULO','SP','BRASIL','Rua Albion','408',NULL,'05077-130',NULL,'SÃO PAULO','SP','BRASIL',NULL,NULL,NULL,NULL,NULL,NULL,'(11) 3833-0999','Rua Albion',NULL,0,NULL,'LIVRE',NULL,NULL,NULL,NULL,NULL),
 (4271,NULL,'KP INFORMATICA LTDA','KP INFORMATICA LTDA','KP INFORMATICA LTDA','03.627.172-0001/88','J',NULL,NULL,NULL,'comercial@kpconsulting.com.br',NULL,'ALFREDO','2010-07-14 00:00:00',NULL,NULL,'R. SALDANHA MARINHO','3336 SL 31',NULL,'15010100',NULL,'SÃO JOSE DO RIO PRETO','SP','BRASIL','3336 SL 31','15010100',NULL,'SÃO JOSE DO RIO PRETO','SP','BRASIL','R. SALDANHA MARINHO','3336 SL 31',NULL,'15010100',NULL,'SÃO JOSE DO RIO PRETO','SP','BRASIL',NULL,NULL,NULL,NULL,NULL,NULL,'17-3222-7313','R. SALDANHA MARINHO',NULL,0,NULL,'LIVRE',NULL,NULL,NULL,NULL,NULL),
 (4272,NULL,'LXE, Inc. (An EMS Technologies Company)','LXE, Inc. (An EMS Technologies Company)','LXE, Inc. (An EMS Technologies Company)',NULL,'F',NULL,NULL,NULL,NULL,NULL,NULL,'2010-07-15 00:00:00',NULL,NULL,NULL,NULL,NULL,NULL,NULL,NULL,NULL,NULL,NULL,NULL,NULL,NULL,NULL,NULL,NULL,NULL,NULL,NULL,NULL,NULL,NULL,NULL,NULL,NULL,NULL,NULL,NULL,NULL,NULL,NULL,NULL,0,NULL,'LIVRE',NULL,NULL,NULL,NULL,NULL),
 (4273,NULL,'Boc Construtora Ltda','Boc Construtora Ltda','Boc Construtora Ltda','07.503.286/0001-77','J',NULL,NULL,NULL,'suprimentos1@boc.eng.br',NULL,'Ana Paula','2010-07-15 00:00:00',NULL,NULL,'Av Indianópolis','195',NULL,'04063-000',NULL,'São Paulo','SP','BRASIL','195','04063-000',NULL,'São Paulo','SP','BRASIL','Av Indianópolis','195',NULL,'04063-000',NULL,'São Paulo','SP','BRASIL',NULL,NULL,NULL,NULL,NULL,NULL,'(11) 50517088','Av Indianópolis',NULL,0,NULL,'LIVRE',NULL,NULL,NULL,NULL,NULL),
 (4274,NULL,'PRENSOTEC EQUIP PARA ARTEF. DE CONCRETO LTDA.','PRENSOTEC EQUIP PARA ARTEF. DE CONCRETO LTDA.','PRENSOTEC EQUIP PARA ARTEF. DE CONCRETO LTDA.','04.813.509/0001-04','J',NULL,NULL,NULL,'tassila@tprex.com.br',NULL,'TÁSSILA','2010-07-16 00:00:00',NULL,NULL,'R. Ouro Branco','58',NULL,'13347-120',NULL,'INDAIATUBA','SP','BRASIL','58','13347-120',NULL,'INDAIATUBA','SP','BRASIL','R. Ouro Branco','58',NULL,'13347-120',NULL,'INDAIATUBA','SP','BRASIL',NULL,NULL,NULL,NULL,NULL,NULL,'(19) 3936-9060','R. Ouro Branco',NULL,0,NULL,'LIVRE',NULL,NULL,NULL,NULL,NULL),
 (4275,NULL,'Intercity Ltda (nome fantasia no stand','PaveSystems','PaveSystems','05.057.709/0001-47','J',NULL,NULL,NULL,'msi@intercity.com.br;armeyer@pavesystems.com.br',NULL,'MAURO','2010-07-16 00:00:00',NULL,NULL,'Avenida Friedrich Von Voith','1799',NULL,'02995-000',NULL,'SÃO PAULO','SP','BRASIL','1799','02995-000',NULL,'SÃO PAULO','SP','BRASIL','Avenida Friedrich Von Voith','1799',NULL,'02995-000',NULL,'SÃO PAULO','SP','BRASIL',NULL,NULL,NULL,NULL,NULL,NULL,'(11) 3942-1000','Avenida Friedrich Von Voith',NULL,0,NULL,'LIVRE',NULL,NULL,NULL,NULL,NULL);
/*!40000 ALTER TABLE `ent_cliente` ENABLE KEYS */;


--
-- Definition of table `ent_colaborador`
--

DROP TABLE IF EXISTS `ent_colaborador`;
CREATE TABLE `ent_colaborador` (
  `COD_COLABORADOR` int(10) NOT NULL AUTO_INCREMENT,
  `COD_ANTIGO` int(10) DEFAULT NULL,
  `NOME` varchar(250) DEFAULT NULL,
  `CPF` varchar(20) DEFAULT NULL,
  `RG` varchar(20) DEFAULT NULL,
  `FONE_1` varchar(250) DEFAULT NULL,
  `FONE_2` varchar(250) DEFAULT NULL,
  `CELULAR` varchar(250) DEFAULT NULL,
  `EMAIL` varchar(250) DEFAULT NULL,
  `EMAIL_EXTRA` varchar(250) DEFAULT NULL,
  `ENDERECO` varchar(250) DEFAULT NULL,
  `NUMERO` varchar(20) DEFAULT NULL,
  `COMPLEMENTO` varchar(100) DEFAULT NULL,
  `CEP` varchar(20) DEFAULT NULL,
  `BAIRRO` varchar(250) DEFAULT NULL,
  `CIDADE` varchar(250) DEFAULT NULL,
  `ESTADO` varchar(50) DEFAULT NULL,
  `PAIS` varchar(250) DEFAULT NULL,
  `DT_CADASTRO` datetime DEFAULT NULL,
  `DT_INATIVO` datetime DEFAULT NULL,
  `COD_CARGO` int(10) DEFAULT NULL,
  `ID_CLASSE` int(10) DEFAULT NULL,
  `ESCOLARIDADE` longtext,
  `CURSOS` longtext,
  `COMPETENCIAS` longtext,
  `RECEBIMENTOS_MES` double(15,5) DEFAULT NULL,
  `TRIBUTACAO_MEDIA_MES` double(15,5) DEFAULT NULL,
  `TRIBUTACAO_NOMINAL_MES` double(15,5) DEFAULT NULL,
  `CUSTO_HORA` double(15,5) DEFAULT NULL,
  `DT_NASC` date DEFAULT NULL,
  `ORGAO_EXPEDITOR` varchar(10) DEFAULT NULL,
  `FILIAL_VINCULADA` varchar(50) DEFAULT NULL,
  `DT_CONTRATACAO` date DEFAULT NULL,
  `DT_DESLIGAMENTO` date DEFAULT NULL,
  `SETOR` varchar(250) DEFAULT NULL,
  `MSN_MESSENGER` varchar(250) DEFAULT NULL,
  `REMUNERACAO_MENSAL` double DEFAULT NULL,
  `REGIME` varchar(50) DEFAULT NULL,
  `DT_ASSIN_CARTEIRA` date DEFAULT NULL,
  `UTILIZA_VT` varchar(10) DEFAULT NULL,
  `VLR_VT_UNIT` double DEFAULT NULL,
  `QTDE_VT_DIA` int(11) DEFAULT NULL,
  `UTILIZA_VRVA` varchar(10) DEFAULT NULL,
  `VLR_VRVA` double DEFAULT NULL,
  `AUXILIO_ESTUDO` varchar(10) DEFAULT NULL,
  `COD_BANCO` int(11) DEFAULT NULL,
  `AGENCIA` varchar(50) DEFAULT NULL,
  `CONTA` varchar(50) DEFAULT NULL,
  `FORMA_PGTO` varchar(50) DEFAULT NULL,
  `FOTO` varchar(250) DEFAULT NULL,
  `FILIACAO_PAI` varchar(250) DEFAULT NULL,
  `FILIACAO_MAE` varchar(250) DEFAULT NULL,
  PRIMARY KEY (`COD_COLABORADOR`),
  KEY `EMAIL` (`EMAIL_EXTRA`),
  KEY `ndxCNPJ` (`CPF`),
  KEY `ndxEMAIL` (`EMAIL`)
) ENGINE=InnoDB AUTO_INCREMENT=6 DEFAULT CHARSET=utf8;

--
-- Dumping data for table `ent_colaborador`
--

/*!40000 ALTER TABLE `ent_colaborador` DISABLE KEYS */;
INSERT INTO `ent_colaborador` (`COD_COLABORADOR`,`COD_ANTIGO`,`NOME`,`CPF`,`RG`,`FONE_1`,`FONE_2`,`CELULAR`,`EMAIL`,`EMAIL_EXTRA`,`ENDERECO`,`NUMERO`,`COMPLEMENTO`,`CEP`,`BAIRRO`,`CIDADE`,`ESTADO`,`PAIS`,`DT_CADASTRO`,`DT_INATIVO`,`COD_CARGO`,`ID_CLASSE`,`ESCOLARIDADE`,`CURSOS`,`COMPETENCIAS`,`RECEBIMENTOS_MES`,`TRIBUTACAO_MEDIA_MES`,`TRIBUTACAO_NOMINAL_MES`,`CUSTO_HORA`,`DT_NASC`,`ORGAO_EXPEDITOR`,`FILIAL_VINCULADA`,`DT_CONTRATACAO`,`DT_DESLIGAMENTO`,`SETOR`,`MSN_MESSENGER`,`REMUNERACAO_MENSAL`,`REGIME`,`DT_ASSIN_CARTEIRA`,`UTILIZA_VT`,`VLR_VT_UNIT`,`QTDE_VT_DIA`,`UTILIZA_VRVA`,`VLR_VRVA`,`AUXILIO_ESTUDO`,`COD_BANCO`,`AGENCIA`,`CONTA`,`FORMA_PGTO`,`FOTO`,`FILIACAO_PAI`,`FILIACAO_MAE`) VALUES 
 (1,NULL,'_athenas',NULL,NULL,NULL,NULL,NULL,NULL,NULL,NULL,NULL,NULL,NULL,NULL,NULL,NULL,NULL,NULL,NULL,NULL,NULL,NULL,NULL,NULL,NULL,NULL,NULL,NULL,NULL,NULL,NULL,NULL,NULL,NULL,NULL,NULL,NULL,NULL,NULL,NULL,NULL,NULL,NULL,NULL,NULL,NULL,NULL,NULL,NULL,NULL,NULL),
 (3,NULL,'ALESSANDER PIRES OLIVEIRA','70290016053','9052832251','51-91610705','51-37792824','51-81600059','athaless@gmail.com','alessander.pires@terra.com.br','Rua Cap. Arisoly Vargas','55','ap 707','90680-560','Glória','Porto Alegre','RS','BRASIL',NULL,NULL,NULL,NULL,NULL,NULL,NULL,NULL,NULL,NULL,NULL,'1973-06-25','ssp','PORTO ALEGRE','1996-08-26',NULL,'DESENVOLVIMENTO','athaoli@gmail.com',0,'SOCIO',NULL,NULL,0,NULL,NULL,0,NULL,2,'3115','10382-6','DEPOSITO','{968E02CF-9C56-475B-841B-0E3C83D68E85}_diretor_ales.jpg','Irineu de Souza Oliveira','Alzira Maria Pires Oliveira'),
 (4,NULL,'Daiane Souza',NULL,NULL,NULL,NULL,NULL,NULL,NULL,NULL,NULL,NULL,NULL,NULL,NULL,NULL,NULL,'2014-01-23 01:13:32',NULL,NULL,NULL,NULL,NULL,NULL,NULL,NULL,NULL,NULL,NULL,NULL,NULL,NULL,NULL,NULL,NULL,NULL,NULL,NULL,NULL,NULL,NULL,NULL,NULL,NULL,NULL,NULL,NULL,NULL,NULL,NULL,NULL),
 (5,NULL,'Raul Ruschel',NULL,NULL,NULL,NULL,NULL,NULL,NULL,NULL,NULL,NULL,NULL,NULL,NULL,NULL,NULL,'2014-01-23 02:54:40',NULL,NULL,NULL,NULL,NULL,NULL,NULL,NULL,NULL,NULL,NULL,NULL,'PORTO ALEGRE',NULL,NULL,NULL,NULL,NULL,'CLT',NULL,NULL,NULL,NULL,NULL,NULL,NULL,1,NULL,NULL,'CHEQUE',NULL,NULL,NULL);
/*!40000 ALTER TABLE `ent_colaborador` ENABLE KEYS */;


--
-- Definition of table `ent_fornecedor`
--

DROP TABLE IF EXISTS `ent_fornecedor`;
CREATE TABLE `ent_fornecedor` (
  `COD_FORNECEDOR` int(10) NOT NULL AUTO_INCREMENT,
  `RAZAO_SOCIAL` varchar(250) DEFAULT NULL,
  `NOME_FANTASIA` varchar(250) DEFAULT NULL,
  `NOME_COMERCIAL` varchar(250) DEFAULT NULL,
  `NUM_DOC` varchar(20) DEFAULT NULL,
  `TIPO_DOC` char(1) DEFAULT NULL,
  `INSC_ESTADUAL` varchar(20) DEFAULT NULL,
  `FONE_1` varchar(250) DEFAULT NULL,
  `FONE_2` varchar(250) DEFAULT NULL,
  `FAX` varchar(250) DEFAULT NULL,
  `EMAIL` varchar(250) DEFAULT NULL,
  `SITE` varchar(250) DEFAULT NULL,
  `CONTATO` varchar(250) DEFAULT NULL,
  `DT_CADASTRO` datetime DEFAULT NULL,
  `DT_INATIVO` datetime DEFAULT NULL,
  `SYS_DT_ALTERACAO` datetime DEFAULT NULL,
  `ENTR_ENDERECO` varchar(250) DEFAULT NULL,
  `ENTR_NUMERO` varchar(20) DEFAULT NULL,
  `ENTR_COMPLEMENTO` varchar(100) DEFAULT NULL,
  `ENTR_CEP` varchar(20) DEFAULT NULL,
  `ENTR_BAIRRO` varchar(250) DEFAULT NULL,
  `ENTR_CIDADE` varchar(250) DEFAULT NULL,
  `ENTR_ESTADO` varchar(50) DEFAULT NULL,
  `ENTR_PAIS` varchar(250) DEFAULT NULL,
  `FATURA_ENDERECO` varchar(250) DEFAULT NULL,
  `FATURA_NUMERO` varchar(20) DEFAULT NULL,
  `FATURA_COMPLEMENTO` varchar(100) DEFAULT NULL,
  `FATURA_CEP` varchar(20) DEFAULT NULL,
  `FATURA_BAIRRO` varchar(250) DEFAULT NULL,
  `FATURA_CIDADE` varchar(250) DEFAULT NULL,
  `FATURA_ESTADO` varchar(50) DEFAULT NULL,
  `FATURA_PAIS` varchar(250) DEFAULT NULL,
  `COBR_ENDERECO` varchar(250) DEFAULT NULL,
  `COBR_NUMERO` varchar(20) DEFAULT NULL,
  `COBR_COMPLEMENTO` varchar(100) DEFAULT NULL,
  `COBR_CEP` varchar(20) DEFAULT NULL,
  `COBR_BAIRRO` varchar(250) DEFAULT NULL,
  `COBR_CIDADE` varchar(250) DEFAULT NULL,
  `COBR_ESTADO` varchar(50) DEFAULT NULL,
  `COBR_PAIS` varchar(250) DEFAULT NULL,
  `INSC_MUNICIPAL` varchar(20) DEFAULT NULL,
  `COD_ANTIGO` int(10) DEFAULT NULL,
  `TEM_ALIQ_IRPJ` tinyint(1) DEFAULT '0',
  `ALIQ_IRPJ` double(15,3) DEFAULT NULL,
  `COD_BANCO` int(11) DEFAULT NULL,
  `AGENCIA` varchar(50) DEFAULT NULL,
  `CONTA` varchar(50) DEFAULT NULL,
  `FAVORECIDO` varchar(120) DEFAULT NULL,
  `OBS` longtext,
  PRIMARY KEY (`COD_FORNECEDOR`),
  KEY `CONTATO` (`CONTATO`),
  KEY `ndxCNPJ` (`NUM_DOC`),
  KEY `ndxEMAIL` (`EMAIL`),
  KEY `NOME_COMERCIAL` (`NOME_COMERCIAL`),
  KEY `NOME_FANTASIA` (`NOME_FANTASIA`),
  KEY `RAZAO_SOCIAL` (`RAZAO_SOCIAL`),
  KEY `TIPO_DOC` (`TIPO_DOC`)
) ENGINE=InnoDB AUTO_INCREMENT=266 DEFAULT CHARSET=utf8;

--
-- Dumping data for table `ent_fornecedor`
--

/*!40000 ALTER TABLE `ent_fornecedor` DISABLE KEYS */;
INSERT INTO `ent_fornecedor` (`COD_FORNECEDOR`,`RAZAO_SOCIAL`,`NOME_FANTASIA`,`NOME_COMERCIAL`,`NUM_DOC`,`TIPO_DOC`,`INSC_ESTADUAL`,`FONE_1`,`FONE_2`,`FAX`,`EMAIL`,`SITE`,`CONTATO`,`DT_CADASTRO`,`DT_INATIVO`,`SYS_DT_ALTERACAO`,`ENTR_ENDERECO`,`ENTR_NUMERO`,`ENTR_COMPLEMENTO`,`ENTR_CEP`,`ENTR_BAIRRO`,`ENTR_CIDADE`,`ENTR_ESTADO`,`ENTR_PAIS`,`FATURA_ENDERECO`,`FATURA_NUMERO`,`FATURA_COMPLEMENTO`,`FATURA_CEP`,`FATURA_BAIRRO`,`FATURA_CIDADE`,`FATURA_ESTADO`,`FATURA_PAIS`,`COBR_ENDERECO`,`COBR_NUMERO`,`COBR_COMPLEMENTO`,`COBR_CEP`,`COBR_BAIRRO`,`COBR_CIDADE`,`COBR_ESTADO`,`COBR_PAIS`,`INSC_MUNICIPAL`,`COD_ANTIGO`,`TEM_ALIQ_IRPJ`,`ALIQ_IRPJ`,`COD_BANCO`,`AGENCIA`,`CONTA`,`FAVORECIDO`,`OBS`) VALUES 
 (2,'BRASIL TELECOM','BRASIL TELECOM','BRASIL TELECOM','76.535.764/0002-24','J','096/2.845.833','102',NULL,NULL,NULL,'http://www.brasiltelecom.com.br/',NULL,'2007-08-16 00:00:00',NULL,NULL,NULL,NULL,NULL,NULL,NULL,NULL,NULL,NULL,NULL,NULL,NULL,NULL,NULL,NULL,NULL,NULL,NULL,NULL,NULL,NULL,NULL,NULL,NULL,NULL,NULL,NULL,0,NULL,NULL,NULL,NULL,NULL,NULL),
 (3,'FRUTEIRA DO DEDE','FRUTEIRA DO DEDE','FRUTEIRA DO DEDE',NULL,'F',NULL,'51-33332336',NULL,NULL,NULL,NULL,NULL,'2007-08-16 00:00:00',NULL,NULL,NULL,NULL,NULL,NULL,NULL,NULL,NULL,NULL,NULL,NULL,NULL,NULL,NULL,NULL,NULL,NULL,NULL,NULL,NULL,NULL,NULL,NULL,NULL,NULL,NULL,NULL,0,NULL,NULL,NULL,NULL,NULL,NULL),
 (5,'NOVO SUPER GLÓRIA','NOVO SUPER GLÓRIA',NULL,NULL,'J',NULL,NULL,NULL,NULL,NULL,NULL,NULL,'2007-08-16 00:00:00',NULL,NULL,NULL,NULL,NULL,NULL,NULL,NULL,NULL,NULL,NULL,NULL,NULL,NULL,NULL,NULL,NULL,NULL,NULL,NULL,NULL,NULL,NULL,NULL,NULL,NULL,NULL,NULL,0,NULL,NULL,NULL,NULL,NULL,NULL),
 (6,'MINISTERIO DA FAZENDA','MINISTERIO DA FAZENDA','MINISTERIO DA FAZENDA',NULL,'J',NULL,NULL,NULL,NULL,NULL,NULL,NULL,'2007-08-16 00:00:00',NULL,NULL,NULL,NULL,NULL,NULL,NULL,NULL,NULL,NULL,NULL,NULL,NULL,NULL,NULL,NULL,NULL,NULL,NULL,NULL,NULL,NULL,NULL,NULL,NULL,NULL,NULL,NULL,0,NULL,NULL,NULL,NULL,NULL,NULL),
 (7,'COMPANHIA ESTADUAL DE DISTRIBUIÇÃO DE ENERGIA ELETRICA','CEEE','CEEE','08.467.115/0001-00','J','096/3156659','51-33824900','51-33824172',NULL,NULL,NULL,NULL,'2007-08-21 00:00:00',NULL,NULL,NULL,NULL,NULL,NULL,NULL,NULL,NULL,NULL,NULL,NULL,NULL,NULL,NULL,NULL,NULL,NULL,NULL,NULL,NULL,NULL,NULL,NULL,NULL,NULL,NULL,NULL,0,NULL,NULL,NULL,NULL,NULL,NULL),
 (8,'LM CORRETORA DE IMOVEIS','LM CORRETORA DE IMOVEIS','LM CORRETORA DE IMOVEIS','89.975.791/0001-89','J',NULL,'51-33327707','51-30190117',NULL,NULL,NULL,NULL,'2007-08-21 00:00:00',NULL,NULL,NULL,NULL,NULL,NULL,NULL,NULL,NULL,NULL,NULL,NULL,NULL,NULL,NULL,NULL,NULL,NULL,NULL,NULL,NULL,NULL,NULL,NULL,NULL,NULL,NULL,NULL,0,NULL,NULL,NULL,NULL,NULL,NULL),
 (9,'LOCAWEB LTDA','LOCAWEB','LOCAWEB','02.351.877/0001-52','J',NULL,'IDC 40620203','Luis 98926408',NULL,NULL,'www.locaweb.com.br','Luis Debastiani','2007-08-24 00:00:00',NULL,NULL,'Av. Pres. Juscelino Kubitschek,','1830','10 andar - Torre 4','04543900','Vila Nova','São Paulo','SP','BRASIL','Av. Pres. Juscelino Kubitschek,','1830','10 andar - Torre 4','04543900','Vila Nova','São Paulo','SP','BRASIL','Av. Pres. Juscelino Kubitschek,','1830','10 andar - Torre 4','04543900','Vila Nova','São Paulo','SP','BRASIL',NULL,NULL,0,NULL,NULL,NULL,NULL,NULL,NULL),
 (11,'BANCO ITAU S.A.','BANCO ITAU','BANCO ITAU',NULL,'J',NULL,'51-33284430',NULL,NULL,NULL,NULL,NULL,'2007-08-28 00:00:00',NULL,NULL,NULL,NULL,NULL,NULL,NULL,NULL,NULL,NULL,'AV JOAO WALLING','1800',NULL,'91349-900','PASSO D AREIA','PORTO ALEGRE','RS','BRASIL',NULL,NULL,NULL,NULL,NULL,NULL,NULL,NULL,NULL,NULL,0,NULL,NULL,NULL,NULL,NULL,NULL),
 (12,'GOVERNO FEDERAL','GOVERNO FEDERAL','GOVERNO FEDERAL',NULL,'F',NULL,NULL,NULL,NULL,NULL,NULL,NULL,'2007-08-28 00:00:00',NULL,NULL,NULL,NULL,NULL,NULL,NULL,NULL,NULL,NULL,NULL,NULL,NULL,NULL,NULL,NULL,NULL,NULL,NULL,NULL,NULL,NULL,NULL,NULL,NULL,NULL,NULL,NULL,0,NULL,NULL,NULL,NULL,NULL,NULL),
 (14,'B2W - COMPANHIA GLOBAL DE VAREJO','AMERICANAS.COM','AMERICANAS.COM','00.776.574/0007-41','J','206.245.559.115','4003-4848',NULL,NULL,NULL,NULL,NULL,'2007-08-29 00:00:00',NULL,NULL,NULL,NULL,NULL,NULL,NULL,NULL,NULL,NULL,NULL,NULL,NULL,NULL,NULL,NULL,NULL,NULL,NULL,NULL,NULL,NULL,NULL,NULL,NULL,NULL,NULL,NULL,0,NULL,NULL,NULL,NULL,NULL,NULL),
 (15,'PROEVENTO TECNOLOGIA Ltda','PROEVENTO TECNOLOGIA','PROEVENTO',NULL,'J',NULL,'11 31923933',NULL,NULL,NULL,'www.proevento.com.br',NULL,'2007-08-29 00:00:00',NULL,NULL,'Av. Paulista','726','16º sl 27','01310-910','Bela Vista','São Paulo','SP','Brasil','Av. Paulista','726','16º sl 27','01310-910','Bela Vista','São Paulo','SP','Brasil','Av. Paulista','726','16º sl 27','01310-910','Bela Vista','São Paulo','SP','Brasil',NULL,NULL,0,NULL,1,NULL,NULL,NULL,NULL),
 (16,'NUCLEO DE INFORMACAO E COORDENACAO DO PONTO BR','NIC.BR','NIC.BR','05.506.560/0001-36','J',NULL,'11-55093500',NULL,NULL,NULL,'www.registro.br',NULL,'2007-08-30 00:00:00',NULL,NULL,NULL,NULL,NULL,NULL,NULL,NULL,NULL,NULL,'AV DAS NACOES UNIDAS','11541','7o ANDAR','04578000',NULL,'SAO PAULO','SP','BRASIL',NULL,NULL,NULL,NULL,NULL,NULL,NULL,NULL,NULL,NULL,0,NULL,NULL,NULL,NULL,NULL,NULL),
 (18,'CLARO','CLARO','CLARO','40432544010100','J','0963109456','1052',NULL,NULL,NULL,'http://www.claro.com.br',NULL,'2007-09-03 00:00:00',NULL,NULL,'RUA VISCONE DO RIO BRANCO','477',NULL,'90220-231','FLORESTA','PORTO ALEGRE',NULL,'BRASIL',NULL,NULL,NULL,NULL,NULL,NULL,NULL,NULL,NULL,NULL,NULL,NULL,NULL,NULL,NULL,NULL,NULL,NULL,0,NULL,NULL,NULL,NULL,NULL,NULL),
 (19,'BOURPON SHOPPING','BOURPON SHOPPING','BOURPON SHOPPING',NULL,'J',NULL,NULL,NULL,NULL,NULL,NULL,NULL,'2007-09-04 00:00:00',NULL,NULL,NULL,NULL,NULL,NULL,NULL,NULL,NULL,NULL,'Av. IPIRANGA',NULL,NULL,NULL,NULL,'PORTO ALEGRE','RS','BRASIL',NULL,NULL,NULL,NULL,NULL,NULL,NULL,NULL,NULL,NULL,0,NULL,NULL,NULL,NULL,NULL,NULL),
 (21,'SECRETARIA MUNICIPAL DA FAZENDA','SECRETARIA MUNICIPAL DA FAZENDA','SECRETARIA MUNICIPAL DA FAZENDA',NULL,'J',NULL,NULL,NULL,NULL,NULL,NULL,NULL,'2007-09-10 00:00:00',NULL,NULL,NULL,NULL,NULL,NULL,NULL,NULL,NULL,NULL,NULL,NULL,NULL,NULL,NULL,NULL,NULL,NULL,NULL,NULL,NULL,NULL,NULL,NULL,NULL,NULL,NULL,NULL,0,NULL,NULL,NULL,NULL,NULL,NULL),
 (22,'BANCO BANRISUL','BANCO BANRISUL','BANCO BANRISUL',NULL,'J',NULL,'5133374066',NULL,NULL,NULL,NULL,'ALAN','2007-09-10 00:00:00',NULL,NULL,NULL,NULL,NULL,NULL,NULL,NULL,NULL,NULL,NULL,NULL,NULL,NULL,NULL,NULL,NULL,NULL,NULL,NULL,NULL,NULL,NULL,NULL,NULL,NULL,NULL,NULL,0,NULL,NULL,NULL,NULL,NULL,NULL),
 (24,'CAFé COM PECADO','CAFé COM PECADO','CAFé COM PECADO',NULL,'J',NULL,NULL,NULL,NULL,NULL,NULL,NULL,'2007-09-13 00:00:00',NULL,NULL,NULL,NULL,NULL,NULL,NULL,NULL,NULL,NULL,NULL,NULL,NULL,NULL,NULL,'PORTO ALEGRE','RS','BRASIL',NULL,NULL,NULL,NULL,NULL,NULL,NULL,NULL,NULL,NULL,0,NULL,1,NULL,NULL,NULL,NULL),
 (25,'FINASA','FINASA','FINASA',NULL,'J',NULL,NULL,NULL,NULL,NULL,NULL,NULL,'2007-09-13 00:00:00',NULL,NULL,NULL,NULL,NULL,NULL,NULL,NULL,NULL,NULL,NULL,NULL,NULL,NULL,NULL,NULL,NULL,NULL,NULL,NULL,NULL,NULL,NULL,NULL,NULL,NULL,NULL,NULL,0,NULL,NULL,NULL,NULL,NULL,NULL),
 (28,'TAM','TAM','TAM',NULL,'J',NULL,NULL,NULL,NULL,NULL,NULL,NULL,'2007-09-26 00:00:00',NULL,NULL,NULL,NULL,NULL,NULL,NULL,NULL,NULL,NULL,NULL,NULL,NULL,NULL,NULL,NULL,NULL,NULL,NULL,NULL,NULL,NULL,NULL,NULL,NULL,NULL,NULL,NULL,0,NULL,NULL,NULL,NULL,NULL,NULL),
 (29,'AVON','AVON','AVON ',NULL,'J',NULL,NULL,NULL,NULL,NULL,NULL,NULL,'2007-09-26 00:00:00',NULL,NULL,NULL,NULL,NULL,NULL,NULL,NULL,NULL,NULL,NULL,NULL,NULL,NULL,NULL,NULL,NULL,NULL,NULL,NULL,NULL,NULL,NULL,NULL,NULL,NULL,NULL,NULL,0,NULL,1,NULL,NULL,NULL,NULL),
 (32,'SINDICATO DOS TRABALHADORES EM PROCESSAMENTO DE DADOS NO ESTADO DO RGS','SINDPPD-RS','SINDPPD-RS','90.273.442/0001-02','J',NULL,NULL,NULL,NULL,NULL,'www.sindppd-rs.org.br/',NULL,'2007-09-28 00:00:00',NULL,NULL,NULL,NULL,NULL,NULL,NULL,NULL,NULL,NULL,'RUA AFONSO PENA','251',NULL,'90160-020','ZENHA','PORTO ALEGRE','RS','BRASIL',NULL,NULL,NULL,NULL,NULL,NULL,NULL,NULL,NULL,NULL,0,NULL,NULL,NULL,NULL,NULL,NULL),
 (33,'EMBRATEL','EMBRATEL','EMBRATEL',NULL,'J',NULL,NULL,NULL,NULL,NULL,NULL,NULL,'2007-10-01 00:00:00',NULL,NULL,NULL,NULL,NULL,NULL,NULL,NULL,NULL,NULL,NULL,NULL,NULL,NULL,NULL,NULL,NULL,NULL,NULL,NULL,NULL,NULL,NULL,NULL,NULL,NULL,NULL,NULL,0,NULL,NULL,NULL,NULL,NULL,NULL),
 (34,'STUDIO BROTHERS (Wayner)','STUDIO BROTHERS (Wayner)','STUDIO BROTHERS (Wayner)',NULL,'J',NULL,NULL,NULL,NULL,NULL,NULL,'Wayner','2007-10-03 00:00:00',NULL,NULL,NULL,NULL,NULL,NULL,NULL,NULL,NULL,NULL,NULL,NULL,NULL,NULL,NULL,NULL,NULL,NULL,NULL,NULL,NULL,NULL,NULL,NULL,NULL,NULL,NULL,NULL,0,NULL,1,NULL,NULL,NULL,NULL),
 (35,'PANVEL FARMACIAS','PANVEL FARMACIAS','PANVEL',NULL,'J',NULL,NULL,NULL,NULL,NULL,NULL,NULL,'2007-10-05 00:00:00',NULL,NULL,NULL,NULL,NULL,NULL,NULL,NULL,NULL,NULL,NULL,NULL,NULL,NULL,NULL,NULL,NULL,NULL,NULL,NULL,NULL,NULL,NULL,NULL,NULL,NULL,NULL,NULL,0,NULL,NULL,NULL,NULL,NULL,NULL),
 (39,'SPK TECNOLOGIA LTDA','SPK TECNOLOGIA','SPK TECNOLOGIA','05.338/0001-41','J','Munic.: 3.173.858-3','11-21651606',NULL,NULL,NULL,NULL,NULL,'2007-11-09 00:00:00',NULL,NULL,NULL,NULL,NULL,NULL,NULL,NULL,NULL,NULL,'RUA JOAQUIM FLORIANO - ED. CORP','00466','1204','04534-002',NULL,'SAO PAULO','SP','BRASIL',NULL,NULL,NULL,NULL,NULL,NULL,NULL,NULL,NULL,NULL,0,NULL,NULL,NULL,NULL,NULL,NULL),
 (42,'PARQUE DAS AGUAS','PARQUE DAS AGUAS','PARQUE DAS AGUAS',NULL,'F',NULL,NULL,NULL,NULL,NULL,NULL,NULL,'2007-12-11 00:00:00',NULL,NULL,NULL,NULL,NULL,NULL,NULL,NULL,NULL,NULL,NULL,NULL,NULL,NULL,NULL,NULL,NULL,NULL,NULL,NULL,NULL,NULL,NULL,NULL,NULL,NULL,NULL,NULL,0,NULL,NULL,NULL,NULL,NULL,NULL),
 (43,'DIGIMER PRODUTOS DE INFORMATICA','DIGIMER','DIGIMER','88.153.119/0003-07','J','096/2650412','51-32872400',NULL,NULL,NULL,'www.digimer.com.br',NULL,'2007-12-31 00:00:00',NULL,NULL,'JOAO WALLIG','1800','loja 1231','91349-900',NULL,'PORTO ALEGRE','RS','BRASIL','JOAO WALLIG','1800','loja 1231','91349-900',NULL,'PORTO ALEGRE','RS','BRASIL','JOAO WALLIG','1800','loja 1231','91349-900',NULL,'PORTO ALEGRE','RS','BRASIL',NULL,NULL,0,NULL,NULL,NULL,NULL,NULL,NULL),
 (44,'SECRETARIA ESTADUAL DA FAZENDA','SECRETARIA ESTADUAL DA FAZENDA','SECRETARIA ESTADUAL DA FAZENDA',NULL,'J',NULL,'51-32145000','51-32145550',NULL,NULL,NULL,NULL,'2008-01-09 00:00:00',NULL,NULL,'SIQUEIRA CAMPOS','1044',NULL,NULL,NULL,'PORTO ALEGRE','RS','BRASIL','SIQUEIRA CAMPOS','1044',NULL,NULL,NULL,'PORTO ALEGRE','RS','BRASIL','SIQUEIRA CAMPOS','1044',NULL,NULL,NULL,'PORTO ALEGRE','RS','BRASIL',NULL,NULL,0,NULL,NULL,NULL,NULL,NULL,NULL),
 (46,'COMPANHIA ZAFFARI COMERCIO E INDUSTRIA','ZAFFARI BOURBON',' BOURBON','93.015.006/0004-66','J','096/0185348','51-33343567',NULL,NULL,NULL,NULL,NULL,'2008-01-15 00:00:00',NULL,NULL,'AVENIDA PROTASIO ALVES','2700',NULL,'90410-006','PETROPOLIS','PORTO ALEGRE','RS','BRASIL','AVENIDA PROTASIO ALVES','2700',NULL,'90410-006','PETROPOLIS','PORTO ALEGRE','RS','BRASIL','AVENIDA PROTASIO ALVES','2700',NULL,'90410-006','PETROPOLIS','PORTO ALEGRE','RS','BRASIL',NULL,NULL,0,NULL,1,NULL,NULL,NULL,NULL),
 (48,'PRINT PRESS FORMULARIOS LTDA','PRINT PRESS','PRIN PRESS','94.990.835/0001-80','J','096/2326771','51-32210388',NULL,NULL,NULL,'www.printpress.com.br','ANA CRISTINA','2008-01-15 00:00:00',NULL,NULL,'RUA GASPAR MARTINS','304',NULL,'90220-160','FLORESTA','PORTO ALEGRE','RS','BRASIL','RUA GASPAR MARTINS','304',NULL,'90220-160','FLORESTA','PORTO ALEGRE','RS','BRASIL','RUA GASPAR MARTINS','304',NULL,'90220-160','FLORESTA','PORTO ALEGRE','RS','BRASIL',NULL,NULL,0,NULL,NULL,NULL,NULL,NULL,NULL),
 (49,'SULCOPY','SULCOPY','SULCOPY',NULL,'J',NULL,'51-33317992',NULL,NULL,NULL,NULL,'LEANDRO','2008-01-15 00:00:00',NULL,NULL,NULL,NULL,NULL,NULL,NULL,NULL,NULL,NULL,NULL,NULL,NULL,NULL,NULL,NULL,NULL,NULL,NULL,NULL,NULL,NULL,NULL,NULL,NULL,NULL,NULL,NULL,0,NULL,NULL,NULL,NULL,NULL,NULL),
 (51,'PARRILA DEL SUR','PARRILA DEL SUR','PARRILA DEL SUR','08.672.961/0001-54','J',NULL,'51-32543335',NULL,NULL,NULL,NULL,NULL,'2008-02-20 00:00:00',NULL,NULL,'RUA AMELIA TELES','385',NULL,'90460-070','PETROPOLIS','PORTO ALEGRE','RS','BRASIL','RUA AMELIA TELES','385',NULL,'90460-070','PETROPOLIS','PORTO ALEGRE','RS','BRASIL','RUA AMELIA TELES','385',NULL,'90460-070','PETROPOLIS','PORTO ALEGRE','RS','BRASIL',NULL,NULL,0,NULL,NULL,NULL,NULL,NULL,NULL),
 (52,'DIGITAL METAPHROS CORP DALLAS TX','DIGITAL METAPHROS','DIGITAL METAPHROS',NULL,'F',NULL,NULL,NULL,NULL,NULL,NULL,NULL,'2008-02-21 00:00:00',NULL,NULL,NULL,NULL,NULL,NULL,NULL,NULL,NULL,NULL,NULL,NULL,NULL,NULL,NULL,NULL,NULL,NULL,NULL,NULL,NULL,NULL,NULL,NULL,NULL,NULL,NULL,NULL,0,NULL,NULL,NULL,NULL,NULL,NULL),
 (53,'POSTO DE GASOLINA','POSTO DE GASOLINA','POSTO DE GASOLINA',NULL,'F',NULL,NULL,NULL,NULL,NULL,NULL,NULL,'2008-03-04 00:00:00',NULL,NULL,NULL,NULL,NULL,NULL,NULL,NULL,NULL,NULL,NULL,NULL,NULL,NULL,NULL,NULL,NULL,NULL,NULL,NULL,NULL,NULL,NULL,NULL,NULL,NULL,NULL,NULL,0,NULL,NULL,NULL,NULL,NULL,NULL),
 (55,'FORNECEDORES DIVERSOS','FORNECEDORES DIVERSOS','FORNECEDORES DIVERSOS',NULL,'F',NULL,NULL,NULL,NULL,NULL,NULL,NULL,'2008-03-06 00:00:00',NULL,NULL,NULL,NULL,NULL,NULL,NULL,NULL,NULL,NULL,NULL,NULL,NULL,NULL,NULL,NULL,NULL,NULL,NULL,NULL,NULL,NULL,NULL,NULL,NULL,NULL,NULL,NULL,0,NULL,NULL,NULL,NULL,NULL,NULL),
 (58,'PHILDEN','PHILDEN','PHILDEN',NULL,'J',NULL,'51-33755000','4001-4040',NULL,NULL,NULL,NULL,'2008-04-01 00:00:00',NULL,NULL,NULL,NULL,NULL,NULL,NULL,NULL,NULL,NULL,NULL,NULL,NULL,NULL,NULL,NULL,NULL,NULL,NULL,NULL,NULL,NULL,NULL,NULL,NULL,NULL,NULL,NULL,0,NULL,NULL,NULL,NULL,NULL,NULL),
 (60,'MERCADOLIVRE','MERCADOLIVRE','MERCADOLIVRE',NULL,'J',NULL,NULL,NULL,NULL,NULL,NULL,NULL,'2008-04-22 00:00:00',NULL,NULL,NULL,NULL,NULL,NULL,NULL,NULL,NULL,NULL,NULL,NULL,NULL,NULL,NULL,NULL,NULL,NULL,NULL,NULL,NULL,NULL,NULL,NULL,NULL,NULL,NULL,NULL,0,NULL,1,NULL,NULL,NULL,NULL),
 (62,'GVT - GLOBAL VILLAGE TELECOM LTDA','GVT','GVT','03.420.926/0004-77','J',NULL,'103 25',NULL,NULL,NULL,'www.gvt.com.br',NULL,'2008-05-06 00:00:00',NULL,NULL,'AV CARLOS GOMES','466','12 ANDAR','90480-000','PETRÓPOLIS','PORTO ALEGRE','RS','BRASIL','AV CARLOS GOMES','466','12 ANDAR','90480-000','PETRÓPOLIS','PORTO ALEGRE','RS','BRASIL','AV CARLOS GOMES','466','12 ANDAR','90480-000','PETRÓPOLIS','PORTO ALEGRE','RS','BRASIL',NULL,NULL,0,NULL,NULL,NULL,NULL,NULL,NULL),
 (63,'SALAO','SALAO BELEZA','SALAO BELEZA','04.579.031/0001-08','J',NULL,NULL,NULL,NULL,NULL,NULL,NULL,'2008-05-15 00:00:00',NULL,NULL,NULL,NULL,NULL,NULL,NULL,NULL,NULL,NULL,NULL,NULL,NULL,NULL,NULL,NULL,NULL,NULL,NULL,NULL,NULL,NULL,NULL,NULL,NULL,NULL,NULL,NULL,0,NULL,1,NULL,NULL,NULL,NULL),
 (64,'MAGAZINE LUIZA S.A.','MAGAZINE LUIZA','MAGAZINE LUIZA','47.960.950/0324-06','J',NULL,'51-33784500',NULL,NULL,NULL,NULL,NULL,'2008-05-16 00:00:00',NULL,NULL,'AV JOAO WALLIG','1800',NULL,'91430-000',NULL,'PORTO ALEGRE','RS','BRASIL','AV JOAO WALLIG','1800',NULL,'91430-000',NULL,'PORTO ALEGRE','RS','BRASIL','AV JOAO WALLIG','1800',NULL,'91430-000',NULL,'PORTO ALEGRE','RS','BRASIL',NULL,NULL,0,NULL,NULL,NULL,NULL,NULL,NULL),
 (65,'PAPELARIA','PAPELARIA','PAPELARIA',NULL,'J',NULL,NULL,NULL,NULL,NULL,NULL,NULL,'2008-05-21 00:00:00',NULL,NULL,NULL,NULL,NULL,NULL,NULL,NULL,NULL,NULL,NULL,NULL,NULL,NULL,NULL,NULL,NULL,NULL,NULL,NULL,NULL,NULL,NULL,NULL,NULL,NULL,NULL,NULL,0,NULL,NULL,NULL,NULL,NULL,NULL),
 (66,'MAC DONALDS','MAC DONALDS','MAC DONALDS',NULL,'J',NULL,NULL,NULL,NULL,NULL,NULL,NULL,'2008-06-04 00:00:00',NULL,NULL,NULL,NULL,NULL,NULL,NULL,NULL,NULL,NULL,NULL,NULL,NULL,NULL,NULL,NULL,NULL,NULL,NULL,NULL,NULL,NULL,NULL,NULL,NULL,NULL,NULL,NULL,0,NULL,NULL,NULL,NULL,NULL,NULL),
 (67,'IBGEN','IBGEN','IBGEN',NULL,'J',NULL,NULL,NULL,NULL,NULL,NULL,NULL,'2008-06-16 00:00:00',NULL,NULL,NULL,NULL,NULL,NULL,NULL,NULL,NULL,NULL,NULL,NULL,NULL,NULL,NULL,NULL,NULL,NULL,NULL,NULL,NULL,NULL,NULL,NULL,NULL,NULL,NULL,NULL,0,NULL,1,NULL,NULL,NULL,NULL),
 (68,'CHINA INBOX/TELE CHINA','CHINA INBOX/TELE CHINA','CHINA INBOX/TELE CHINA',NULL,'J',NULL,'51-33383999',NULL,NULL,NULL,NULL,NULL,'2008-06-17 00:00:00',NULL,NULL,NULL,NULL,NULL,NULL,NULL,NULL,NULL,NULL,NULL,NULL,NULL,NULL,NULL,NULL,NULL,NULL,NULL,NULL,NULL,NULL,NULL,NULL,NULL,NULL,NULL,NULL,0,NULL,NULL,NULL,NULL,NULL,NULL),
 (69,'KING HOST','KING HOST','KING HOST',NULL,'J',NULL,'51-33015464',NULL,NULL,NULL,NULL,NULL,'2008-06-18 00:00:00',NULL,NULL,NULL,NULL,NULL,NULL,NULL,NULL,NULL,NULL,NULL,NULL,NULL,NULL,NULL,NULL,NULL,NULL,NULL,NULL,NULL,NULL,NULL,NULL,NULL,NULL,NULL,NULL,0,NULL,NULL,NULL,NULL,NULL,NULL),
 (70,'RESTAURANTE PUEBLO','RESTAURANTE PUEBLO','RESTAURANTE PUEBLO',NULL,'J',NULL,NULL,NULL,NULL,NULL,NULL,NULL,'2008-07-08 00:00:00',NULL,NULL,NULL,NULL,NULL,NULL,NULL,NULL,NULL,NULL,NULL,NULL,NULL,NULL,NULL,NULL,NULL,NULL,NULL,NULL,NULL,NULL,NULL,NULL,NULL,NULL,NULL,NULL,0,NULL,NULL,NULL,NULL,NULL,NULL),
 (77,'FRIGELAR','FRIGELAR','FRIGELAR',NULL,'J',NULL,NULL,NULL,NULL,NULL,NULL,NULL,'2008-08-20 00:00:00',NULL,NULL,NULL,NULL,NULL,NULL,NULL,'PORTO ALEGRE','RS','BRASIL',NULL,NULL,NULL,NULL,NULL,NULL,'RS','BRASIL',NULL,NULL,NULL,NULL,NULL,'PORTO ALEGRE','RS','BRASIL',NULL,NULL,0,NULL,1,NULL,NULL,NULL,NULL),
 (80,'TOKIO MARINE','TOKIO MARINE','TOKIO MARINE',NULL,'J',NULL,NULL,NULL,NULL,NULL,NULL,NULL,'2008-09-08 00:00:00',NULL,NULL,'AV. PADRE CACIQUE','230','301','90810-240','PRAIA DE BELAS','PORTO ALEGRE','RS','BRASIL',NULL,NULL,NULL,NULL,NULL,'PORTO ALEGRE','RS','BRASIL','AV. PADRE CACIQUE','230','301','90810-240','PRAIA DE BELAS','PORTO ALEGRE','RS','BRASIL',NULL,NULL,0,NULL,1,NULL,NULL,NULL,NULL),
 (82,'SOS CABOS ESPECIAIS','SOS CABOS ESPECIAIS','SOS CABOS ESPECIAIS',NULL,'J',NULL,'51-33427712',NULL,NULL,'soscabos@uol.com.br','www.soscabos.com.br','Renato','2008-09-17 00:00:00',NULL,NULL,'AV BRASIL','1434','203',NULL,NULL,'PORTO ALEGRE','RS','BRASIL','AV BRASIL','1434','203',NULL,NULL,'PORTO ALEGRE','RS','BRASIL','AV BRASIL','1434','203',NULL,NULL,'PORTO ALEGRE','RS','BRASIL',NULL,NULL,0,NULL,NULL,NULL,NULL,NULL,NULL),
 (86,'IVAN HOERLE','IVAN HOERLE','IVAN HOERLE',NULL,'F',NULL,NULL,NULL,NULL,NULL,NULL,NULL,'2008-10-16 00:00:00',NULL,NULL,'RUA SPORT CLUBE SAO JOSE','54','506',NULL,NULL,'PORTO ALEGRE','RS','BRASIL',NULL,NULL,NULL,NULL,NULL,'PORTO ALEGRE','RS','BRASIL','RUA SPORT CLUBE SAO JOSE','54','506',NULL,NULL,'PORTO ALEGRE','RS','RUA SPORT CLUBE SAO JOSE',NULL,NULL,0,NULL,1,NULL,NULL,NULL,'Aluguel Tapajos'),
 (87,'PROMARK - CONDOMINIO','PROMARK - CONDOMINIO','PROMARK - CONDOMINIO',NULL,'F',NULL,NULL,NULL,NULL,NULL,NULL,NULL,'2008-10-17 00:00:00',NULL,NULL,NULL,NULL,NULL,NULL,NULL,NULL,NULL,NULL,NULL,NULL,NULL,NULL,NULL,NULL,NULL,NULL,NULL,NULL,NULL,NULL,NULL,NULL,NULL,NULL,NULL,NULL,0,NULL,NULL,NULL,NULL,NULL,NULL),
 (90,'FARMACIA','FARMACIA','FARMACIA',NULL,'J',NULL,NULL,NULL,NULL,NULL,NULL,NULL,'2008-10-28 00:00:00',NULL,NULL,NULL,NULL,NULL,NULL,NULL,NULL,NULL,NULL,NULL,NULL,NULL,NULL,NULL,NULL,NULL,NULL,NULL,NULL,NULL,NULL,NULL,NULL,NULL,NULL,NULL,NULL,0,NULL,NULL,NULL,NULL,NULL,NULL),
 (91,'TECNICO TELEFONIA','TECNICO TELEFONIA','TECNICO TELEFONIA',NULL,'F',NULL,NULL,NULL,NULL,NULL,NULL,NULL,'2008-10-28 00:00:00',NULL,NULL,NULL,NULL,NULL,NULL,NULL,NULL,NULL,NULL,NULL,NULL,NULL,NULL,NULL,NULL,NULL,NULL,NULL,NULL,NULL,NULL,NULL,NULL,NULL,NULL,NULL,NULL,0,NULL,NULL,NULL,NULL,NULL,NULL),
 (92,'ZECA MUDANCAS','ZECA MUDANCAS','ZECA MUDANCAS',NULL,'F',NULL,'51-91742419',NULL,NULL,NULL,NULL,'ZECA','2008-11-04 00:00:00',NULL,NULL,NULL,NULL,NULL,NULL,NULL,NULL,NULL,NULL,NULL,NULL,NULL,NULL,NULL,NULL,NULL,NULL,NULL,NULL,NULL,NULL,NULL,NULL,NULL,NULL,NULL,NULL,0,NULL,NULL,NULL,NULL,NULL,NULL),
 (93,'PAULO CHIELLE','PAULO CHIELLE','PAULO CHIELLE',NULL,'F',NULL,NULL,NULL,NULL,NULL,NULL,NULL,'2008-11-17 00:00:00',NULL,NULL,NULL,NULL,NULL,NULL,NULL,NULL,NULL,NULL,NULL,NULL,NULL,NULL,NULL,NULL,NULL,NULL,NULL,NULL,NULL,NULL,NULL,NULL,NULL,NULL,NULL,NULL,0,NULL,NULL,NULL,NULL,NULL,NULL),
 (96,'EDITORA GLOBO','EDITORA GLOBO','EDITORA GLOBO',NULL,'J',NULL,NULL,NULL,NULL,NULL,NULL,NULL,'2008-11-24 00:00:00',NULL,NULL,NULL,NULL,NULL,NULL,NULL,NULL,NULL,'ESTADOS UNIDOS',NULL,NULL,NULL,NULL,NULL,NULL,NULL,'BRASIL',NULL,NULL,NULL,NULL,NULL,NULL,NULL,'ESTADOS UNIDOS',NULL,NULL,0,NULL,NULL,NULL,NULL,NULL,NULL),
 (98,'SHARE IT','SHARE IT','SHARE IT',NULL,'J',NULL,NULL,NULL,NULL,NULL,'www.shareit.com',NULL,'2008-11-28 00:00:00',NULL,NULL,NULL,NULL,NULL,NULL,NULL,NULL,NULL,NULL,NULL,NULL,NULL,NULL,NULL,NULL,NULL,NULL,NULL,NULL,NULL,NULL,NULL,NULL,NULL,NULL,NULL,NULL,0,NULL,NULL,NULL,NULL,NULL,NULL),
 (100,'RESTAURANTE FORNAZARI','RESTAURANTE FORNAZARI','RESTAURANTE FORNAZARI',NULL,'F',NULL,NULL,NULL,NULL,NULL,NULL,NULL,'2008-12-01 00:00:00',NULL,NULL,NULL,NULL,NULL,NULL,NULL,NULL,NULL,NULL,NULL,NULL,NULL,NULL,NULL,NULL,NULL,NULL,NULL,NULL,NULL,NULL,NULL,NULL,NULL,NULL,NULL,NULL,0,NULL,NULL,NULL,NULL,NULL,NULL),
 (101,'UNIVERSO ON LINE S/A','UOL','UOL','01.109.184/0004-38','J',NULL,'4003-1100','11-30388474','11-30388100','atendimentoidc@uolhostidc.com.br',NULL,NULL,'2008-12-09 00:00:00',NULL,NULL,'AV BRIGADEIRO FARIA LIMA','1384','3 A 7 ANDARES','01452-002','JARDIM PAULISTANO','SÃO PAULO','SP','BRASIL','AV BRIGADEIRO FARIA LIMA','1384','3 A 7 ANDARES','01452-002','JARDIM PAULISTANO','SÃO PAULO','SP','BRASIL','AV BRIGADEIRO FARIA LIMA','1384','3 A 7 ANDARES','01452-002','JARDIM PAULISTANO','SÃO PAULO','SP','AV BRIGADEIRO FARIA LIMA',NULL,NULL,0,NULL,NULL,NULL,NULL,NULL,NULL),
 (102,'FRAGATA RESTAURANTE E PIZZARIA','FRAGATA','FRAGATA','08.322.704/0001-92','J',NULL,'51-30614059',NULL,NULL,NULL,NULL,NULL,'2008-12-09 00:00:00',NULL,NULL,'AV ASSIS BRASIL','864',NULL,'91010-001','STA MARIA GORETI','PORTO ALEGRE','RS','BRASIL','AV ASSIS BRASIL','864',NULL,'91010-001','STA MARIA GORETI','PORTO ALEGRE','RS','BRASIL','AV ASSIS BRASIL','864',NULL,'91010-001','STA MARIA GORETI','PORTO ALEGRE','RS','BRASIL',NULL,NULL,0,NULL,NULL,NULL,NULL,NULL,NULL),
 (105,'PIZZARIA PORTO BAKERS','PIZZARIA PORTO BAKERS','PIZZARIA PORTO BAKERS',NULL,'J',NULL,NULL,NULL,NULL,NULL,NULL,NULL,'2008-12-22 00:00:00',NULL,NULL,NULL,NULL,NULL,NULL,NULL,NULL,NULL,NULL,NULL,NULL,NULL,NULL,NULL,NULL,NULL,NULL,NULL,NULL,NULL,NULL,NULL,NULL,NULL,NULL,NULL,NULL,0,NULL,NULL,NULL,NULL,NULL,NULL),
 (106,'TIM','TIM','TIM',NULL,'F',NULL,NULL,NULL,NULL,NULL,NULL,NULL,'2008-12-23 00:00:00',NULL,NULL,NULL,NULL,NULL,NULL,NULL,NULL,NULL,NULL,NULL,NULL,NULL,NULL,NULL,NULL,NULL,NULL,NULL,NULL,NULL,NULL,NULL,NULL,NULL,NULL,NULL,NULL,0,NULL,NULL,NULL,NULL,NULL,NULL),
 (108,'CENTAURO','CENTAURO','CENTAURO',NULL,'J',NULL,NULL,NULL,NULL,NULL,NULL,NULL,'2008-12-29 00:00:00',NULL,NULL,NULL,NULL,NULL,NULL,NULL,NULL,'RS','BRASIL',NULL,NULL,NULL,NULL,NULL,NULL,'RS','BRASIL',NULL,NULL,NULL,NULL,NULL,NULL,'RS','BRASIL',NULL,NULL,0,NULL,NULL,NULL,NULL,NULL,NULL),
 (109,'TABELIONATO DE NOTAS PRESSER','TABELIONATO DE NOTAS PRESSER','TABELIONATO DE NOTAS PRESSER','268.110.980-72','F',NULL,'51-33411022',NULL,NULL,NULL,'http://www.tabelionatopresser.com.br/',NULL,'2008-12-30 00:00:00',NULL,NULL,'AV ASSIS BRASIL','1795',NULL,'91010-005','PASSO DA AREIA','PORTO ALEGRE','RS','BRASIL','AV ASSIS BRASIL','1795',NULL,'91010-005','PASSO DA AREIA','PORTO ALEGRE','RS','BRASIL','AV ASSIS BRASIL','1795',NULL,'91010-005','PASSO DA AREIA','PORTO ALEGRE','RS','BRASIL',NULL,NULL,0,NULL,NULL,NULL,NULL,NULL,NULL),
 (110,'TERRA','TERRA','TERRA',NULL,'F',NULL,'51-32209297',NULL,NULL,NULL,NULL,NULL,'2009-01-06 00:00:00',NULL,NULL,NULL,NULL,NULL,NULL,NULL,NULL,NULL,NULL,NULL,NULL,NULL,NULL,NULL,NULL,NULL,NULL,NULL,NULL,NULL,NULL,NULL,NULL,NULL,NULL,NULL,NULL,0,NULL,NULL,NULL,NULL,NULL,NULL),
 (111,'HOTEIS DIVERSOS','HOTEIS DIVERSOS','HOTEIS DIVERSOS',NULL,'J',NULL,NULL,NULL,NULL,NULL,NULL,NULL,'2009-01-09 00:00:00',NULL,NULL,NULL,NULL,NULL,NULL,NULL,NULL,NULL,NULL,NULL,NULL,NULL,NULL,NULL,NULL,NULL,NULL,NULL,NULL,NULL,NULL,NULL,NULL,NULL,NULL,NULL,NULL,0,NULL,NULL,NULL,NULL,NULL,NULL),
 (112,'LANCHONETES DIVERSAS','LANCHONETES DIVERSAS','LANCHONETES DIVERSAS',NULL,'J',NULL,NULL,NULL,NULL,NULL,NULL,NULL,'2009-01-09 00:00:00',NULL,NULL,NULL,NULL,NULL,NULL,NULL,NULL,NULL,NULL,NULL,NULL,NULL,NULL,NULL,NULL,NULL,NULL,NULL,NULL,NULL,NULL,NULL,NULL,NULL,NULL,NULL,NULL,0,NULL,NULL,NULL,NULL,NULL,NULL),
 (113,'RODOVIARIA','RODOVIARIA','RODOVIARIA',NULL,'J',NULL,NULL,NULL,NULL,NULL,NULL,NULL,'2009-01-09 00:00:00',NULL,NULL,NULL,NULL,NULL,NULL,NULL,NULL,NULL,NULL,NULL,NULL,NULL,NULL,NULL,NULL,NULL,NULL,NULL,NULL,NULL,NULL,NULL,NULL,NULL,NULL,NULL,NULL,0,NULL,NULL,NULL,NULL,NULL,NULL),
 (114,'NET VIRTUA','NET VIRTUA','NET VIRTUA',NULL,'J',NULL,'0800 70 10 358','4004 7777',NULL,NULL,NULL,NULL,'2009-01-19 00:00:00',NULL,NULL,NULL,NULL,NULL,NULL,NULL,NULL,NULL,NULL,NULL,NULL,NULL,NULL,NULL,NULL,NULL,NULL,NULL,NULL,NULL,NULL,NULL,NULL,NULL,NULL,NULL,NULL,0,NULL,NULL,NULL,NULL,NULL,NULL),
 (115,'AMERICAN EXPRESS CARD','AMERICAN EXPRESS CARD','AMEX',NULL,'J',NULL,NULL,NULL,NULL,NULL,NULL,NULL,'2009-01-29 00:00:00',NULL,NULL,NULL,NULL,NULL,NULL,NULL,NULL,NULL,NULL,NULL,NULL,NULL,NULL,NULL,NULL,NULL,NULL,NULL,NULL,NULL,NULL,NULL,NULL,NULL,NULL,NULL,NULL,0,NULL,NULL,NULL,NULL,NULL,NULL),
 (117,'FRUTEIRA DO PAULINHO','FRUTEIRA DO PAULINHO','FRUTEIRA DO PAULINHO',NULL,'J',NULL,'33332380',NULL,NULL,NULL,NULL,NULL,'2009-02-03 00:00:00',NULL,NULL,NULL,NULL,NULL,NULL,NULL,NULL,NULL,NULL,NULL,NULL,NULL,NULL,NULL,NULL,NULL,NULL,NULL,NULL,NULL,NULL,NULL,NULL,NULL,NULL,NULL,NULL,0,NULL,NULL,NULL,NULL,NULL,NULL),
 (118,'ESTACIONAMENTO','ESTACIONAMENTO','ESTACIONAMENTO',NULL,'J',NULL,NULL,NULL,NULL,NULL,NULL,NULL,'2009-03-04 00:00:00',NULL,NULL,NULL,NULL,NULL,NULL,NULL,NULL,NULL,NULL,NULL,NULL,NULL,NULL,NULL,NULL,NULL,NULL,NULL,NULL,NULL,NULL,NULL,NULL,NULL,NULL,NULL,NULL,0,NULL,NULL,NULL,NULL,NULL,NULL),
 (119,'LAVAGEM CARRO','LAVAGEM CARRO','LAVAGEM CARRO',NULL,'J',NULL,NULL,NULL,NULL,NULL,NULL,NULL,'2009-03-05 00:00:00',NULL,NULL,NULL,NULL,NULL,NULL,NULL,NULL,NULL,NULL,NULL,NULL,NULL,NULL,NULL,NULL,NULL,NULL,NULL,NULL,NULL,NULL,NULL,NULL,NULL,NULL,NULL,NULL,0,NULL,NULL,NULL,NULL,NULL,NULL),
 (120,'POP - SERRALHEIRO','POP - SERRALHEIRO','POP - SERRALHEIRO',NULL,'F',NULL,NULL,NULL,NULL,NULL,NULL,NULL,'2009-03-09 00:00:00',NULL,NULL,NULL,NULL,NULL,NULL,NULL,NULL,NULL,NULL,NULL,NULL,NULL,NULL,NULL,NULL,NULL,NULL,NULL,NULL,NULL,NULL,NULL,NULL,NULL,NULL,NULL,NULL,0,NULL,NULL,NULL,NULL,NULL,NULL),
 (121,'SEPRORGS','SEPRORGS','SEPRORGS',NULL,'J',NULL,'51-3311.5533',NULL,NULL,NULL,'www.seprorgs.org.br',NULL,'2009-03-12 00:00:00',NULL,NULL,'Rua Felipe Camarão','690','404','90035-140','Bon Fim','Porto Alegre','RS','BRASIL','Rua Felipe Camarão','690','404','90035-140','Bon Fim','Porto Alegre','RS','BRASIL','Rua Felipe Camarão','690','404','90035-140','Bon Fim','Porto Alegre','RS','BRASIL',NULL,NULL,0,NULL,NULL,NULL,NULL,NULL,NULL),
 (122,'MULTISOM','MULTISOM','MULTISOM',NULL,'J',NULL,NULL,NULL,NULL,NULL,NULL,NULL,'2009-03-17 00:00:00',NULL,NULL,NULL,NULL,NULL,NULL,NULL,NULL,NULL,NULL,NULL,NULL,NULL,NULL,NULL,NULL,NULL,NULL,NULL,NULL,NULL,NULL,NULL,NULL,NULL,NULL,NULL,NULL,0,NULL,1,NULL,NULL,NULL,NULL),
 (123,'MEGA INFO','MEGA INFO','MEGA INFO','08.346.584/0001-63','J','096/3200852','51-33920250',NULL,NULL,'megainfo10@yahoo.com.br','megainfo10.com.br',NULL,'2009-03-31 00:00:00',NULL,NULL,'AV PLINIO BRASIL MILANO','251 X',NULL,'90520-002','AUXILIADORA','PORTO ALEGRE','RS','BRASIL','AV PLINIO BRASIL MILANO','251 X',NULL,'90520-002','AUXILIADORA','PORTO ALEGRE','RS','BRASIL','AV PLINIO BRASIL MILANO','251 X',NULL,'90520-002','AUXILIADORA','PORTO ALEGRE','RS','BRASIL',NULL,NULL,0,NULL,NULL,NULL,NULL,NULL,NULL),
 (124,'ATHENAS INFORMÁTICA IMPORTAÇÃO E EXPORTAÇÃO LTDA.','ATHENAS SOFTWARE AND SYSTEMS','ATHENAS','01.390.825/0001-22','J',NULL,'51-33888466',NULL,'51-33306993','athenas@athenas.com.br','http://www.athenas.com.br','ALESSANDER','2009-04-13 00:00:00',NULL,NULL,'RUA JOAO ABOTT','319','503','90460-150','PETROPOLIS','PORTO ALEGRE','RS','BRASIL','RUA JOAO ABOTT','319','503','90460-150','PETROPOLIS','PORTO ALEGRE','RS','BRASIL','RUA JOAO ABOTT','319','503','90460-150','PETROPOLIS','PORTO ALEGRE','RS','BRASIL',NULL,NULL,0,NULL,NULL,NULL,NULL,NULL,NULL),
 (126,'BIG SUPERMERCADOS','BIG SUPERMERCADOS','BIG SUPERMERCADOS',NULL,'J',NULL,NULL,NULL,NULL,NULL,NULL,NULL,'2009-04-22 00:00:00',NULL,NULL,NULL,NULL,NULL,NULL,NULL,NULL,NULL,NULL,NULL,NULL,NULL,NULL,NULL,NULL,NULL,NULL,NULL,NULL,NULL,NULL,NULL,NULL,NULL,NULL,NULL,NULL,0,NULL,NULL,NULL,NULL,NULL,NULL),
 (127,'TRIANON BAURU','TRIANON BAURU','TRIANON BAURU',NULL,'J',NULL,'51-33334447',NULL,NULL,NULL,NULL,NULL,'2009-05-13 00:00:00',NULL,NULL,'Av PROTASIO ALVES','978',NULL,NULL,NULL,'PORTO ALEGRE','RS','BRASIL','Av PROTASIO ALVES','978',NULL,NULL,NULL,'PORTO ALEGRE','RS','BRASIL','Av PROTASIO ALVES','978',NULL,NULL,NULL,'PORTO ALEGRE','RS','BRASIL',NULL,NULL,0,NULL,NULL,NULL,NULL,NULL,NULL),
 (131,'PROEVENTO TECNOLOGIA LTDA','GRUPO PROEVENTO','GRUPO PROEVENTO','10.812.688/0001-68','J','148.593.094.119','+55(11)3251-2002','+55(51)3330-9599',NULL,'adm@proevento.com.br','www.proevento.com.br',NULL,'2008-01-21 00:00:00',NULL,NULL,'AV. PAULISTA','1471','817','01311-200','BELA VISTA','SÃO PAULO','SP','BRASIL','AV. PAULISTA','1471','817','01311-200','BELA VISTA','SÃO PAULO','SP','BRASIL','AV. PAULISTA','1471','817','01311-200','BELA VISTA','SÃO PAULO','SP','AV. PAULISTA','3912.278-6',51,0,NULL,NULL,NULL,NULL,NULL,NULL),
 (132,'TELECOMUNICAÇÕES DE SÃO PAULO S.A','TELECOMUNICAÇÕES DE SÃO PAULO S.A','TELESP','02558157000182','F','108383949112',NULL,NULL,NULL,NULL,NULL,NULL,'2008-02-25 00:00:00',NULL,NULL,'RUA MARTINIANO DE CARVALHO','851',NULL,'01321001','BELA VISTA','SÃO PAULO','SP','BRASIL','RUA MARTINIANO DE CARVALHO','851',NULL,'01321001','BELA VISTA','SÃO PAULO','SP','BRASIL','RUA MARTINIANO DE CARVALHO','851',NULL,'01321001','BELA VISTA','SÃO PAULO','SP','BRASIL',NULL,53,0,NULL,NULL,NULL,NULL,NULL,NULL),
 (134,'WALLMART','WALLMART','WALLMART',NULL,'J',NULL,NULL,NULL,NULL,NULL,NULL,NULL,'2008-02-25 00:00:00',NULL,NULL,'AV. PROTÁSIO ALVES','2854','SALA 2504','90410006','PETRÓPOLIS','PORTO ALEGRE','RS','BRASIL',NULL,NULL,'SALA 2504',NULL,NULL,NULL,'RS',NULL,'AV. PROTÁSIO ALVES','2854','SALA 2504','90410006','PETRÓPOLIS','PORTO ALEGRE','RS','AV. PROTÁSIO ALVES',NULL,55,0,NULL,1,NULL,NULL,NULL,NULL),
 (136,'DESPESAS ESPORÁDICAS','DESPESAS ESPORÁDICAS','DESPESAS ESPORÁDICAS',NULL,'F',NULL,NULL,NULL,NULL,NULL,NULL,NULL,'2008-02-25 00:00:00',NULL,NULL,NULL,NULL,NULL,NULL,NULL,NULL,NULL,NULL,NULL,NULL,NULL,NULL,NULL,NULL,NULL,NULL,NULL,NULL,NULL,NULL,NULL,NULL,NULL,NULL,NULL,58,0,NULL,NULL,NULL,NULL,NULL,NULL),
 (139,'ÓTICA COLISEU','ÓTICA COLISEU','ÓTICA COLISEU',NULL,'J',NULL,NULL,NULL,NULL,NULL,NULL,NULL,'2008-11-26 00:00:00',NULL,NULL,'AV IJUI','24',NULL,NULL,'PETROPOLIS','PORTO ALEGRE','RS','BRASIL','AV. IPIRANGA',NULL,NULL,NULL,NULL,'PORTO ALEGRE','RS','BRASIL','AV IJUI','24',NULL,NULL,'PETROPOLIS','PORTO ALEGRE','RS','BRASIL',NULL,61,0,NULL,NULL,NULL,NULL,NULL,NULL),
 (140,'LOTERICA','FAXINEIRA','FAXINEIRA',NULL,'J',NULL,NULL,NULL,NULL,NULL,NULL,NULL,'2008-12-01 00:00:00',NULL,NULL,NULL,NULL,NULL,NULL,NULL,NULL,NULL,NULL,NULL,NULL,NULL,NULL,NULL,NULL,NULL,NULL,NULL,NULL,NULL,NULL,NULL,NULL,NULL,NULL,NULL,62,0,NULL,NULL,NULL,NULL,NULL,NULL),
 (144,'PIZZA FORNÃO','PIZZA FORNÃO','PIZZA FORNÃO',NULL,'J',NULL,NULL,NULL,NULL,NULL,NULL,NULL,'2008-12-12 00:00:00',NULL,NULL,NULL,NULL,NULL,NULL,NULL,NULL,NULL,NULL,NULL,NULL,NULL,NULL,NULL,NULL,NULL,NULL,NULL,NULL,NULL,NULL,NULL,NULL,NULL,NULL,NULL,66,0,NULL,1,NULL,NULL,NULL,NULL),
 (146,'NETFLIX','NETFLIX','NETFLIX',NULL,'J',NULL,NULL,NULL,NULL,NULL,NULL,NULL,'2009-01-02 00:00:00',NULL,NULL,'AV. CARLOS GOMES','409','413','90480-000','AUXILIADORA','PORTO ALEGRE','RS','BRASIL',NULL,NULL,NULL,NULL,NULL,NULL,'RS',NULL,'AV. CARLOS GOMES','409','413','90480-000','AUXILIADORA','PORTO ALEGRE','RS','BRASIL',NULL,68,0,NULL,1,NULL,NULL,NULL,NULL),
 (148,'FLORICULTURA','FLORICULTURA','FLORICULTURA',NULL,'F',NULL,NULL,NULL,NULL,NULL,NULL,NULL,'2009-01-14 00:00:00',NULL,NULL,NULL,NULL,NULL,NULL,NULL,NULL,NULL,NULL,NULL,NULL,NULL,NULL,NULL,NULL,NULL,NULL,NULL,NULL,NULL,NULL,NULL,NULL,NULL,NULL,NULL,70,0,NULL,NULL,NULL,NULL,NULL,NULL),
 (149,'TAXI','TAXI','TAXI',NULL,'F',NULL,NULL,NULL,NULL,NULL,NULL,NULL,'2009-01-21 00:00:00',NULL,NULL,NULL,NULL,NULL,NULL,NULL,NULL,NULL,NULL,NULL,NULL,NULL,NULL,NULL,NULL,NULL,NULL,NULL,NULL,NULL,NULL,NULL,NULL,NULL,NULL,NULL,71,0,NULL,NULL,NULL,NULL,NULL,NULL),
 (154,'SEVERO ROTH','SEVERO ROTH','SEVERO ROTH',NULL,'J',NULL,NULL,NULL,NULL,NULL,NULL,NULL,'2009-07-13 00:00:00',NULL,NULL,NULL,NULL,NULL,NULL,NULL,NULL,NULL,NULL,NULL,NULL,NULL,NULL,NULL,NULL,NULL,NULL,NULL,NULL,NULL,NULL,NULL,NULL,NULL,NULL,NULL,0,0,NULL,NULL,NULL,NULL,NULL,NULL),
 (155,'TOTOSINHO','TOTOSINHO','TOTOSINHO',NULL,'J',NULL,NULL,NULL,NULL,NULL,NULL,NULL,'2009-07-13 00:00:00',NULL,NULL,NULL,NULL,NULL,NULL,NULL,NULL,NULL,NULL,NULL,NULL,NULL,NULL,NULL,NULL,NULL,NULL,NULL,NULL,NULL,NULL,NULL,NULL,NULL,NULL,NULL,0,0,NULL,NULL,NULL,NULL,NULL,NULL),
 (160,'ELETRECISTA- EURECI','ELETRECISTA- EURECI','ELETRECISTA- EURECI',NULL,'F',NULL,'99074102',NULL,NULL,NULL,NULL,NULL,'2009-09-15 00:00:00',NULL,NULL,NULL,NULL,NULL,NULL,NULL,NULL,NULL,NULL,NULL,NULL,NULL,NULL,NULL,NULL,NULL,NULL,NULL,NULL,NULL,NULL,NULL,NULL,NULL,NULL,NULL,0,0,NULL,NULL,NULL,NULL,NULL,NULL),
 (161,'IPTU','IPTU','IPTU',NULL,'F',NULL,NULL,NULL,NULL,NULL,NULL,NULL,'2009-09-15 00:00:00',NULL,NULL,NULL,NULL,NULL,NULL,NULL,NULL,NULL,NULL,NULL,NULL,NULL,NULL,NULL,NULL,NULL,NULL,NULL,NULL,NULL,NULL,NULL,NULL,NULL,NULL,NULL,0,0,NULL,1,NULL,NULL,NULL,NULL),
 (165,'PAI-MAE','PAI-MAE','PAI-MAE',NULL,'F',NULL,NULL,NULL,NULL,NULL,NULL,NULL,'2009-10-06 00:00:00',NULL,NULL,NULL,NULL,NULL,NULL,NULL,NULL,NULL,NULL,NULL,NULL,NULL,NULL,NULL,NULL,NULL,NULL,NULL,NULL,NULL,NULL,NULL,NULL,NULL,NULL,NULL,0,0,NULL,NULL,NULL,NULL,NULL,NULL),
 (166,'FAST SHOP','FAST SHOP','FAST SHOP',NULL,'F',NULL,NULL,NULL,NULL,NULL,NULL,NULL,'2009-10-06 00:00:00',NULL,NULL,NULL,NULL,NULL,NULL,NULL,NULL,NULL,NULL,'AV IPIRANGA',NULL,NULL,NULL,NULL,NULL,'RS','BRASIL',NULL,NULL,NULL,NULL,NULL,NULL,NULL,NULL,NULL,0,0,NULL,NULL,NULL,NULL,NULL,NULL),
 (168,'GRAFICA EXPRESSA','GRAFICA EXPRESSA','GRAFICA EXPRESSA','91313007000119','J',NULL,'33887106','33317967',NULL,NULL,NULL,NULL,'2009-11-11 00:00:00',NULL,NULL,NULL,NULL,NULL,NULL,NULL,NULL,NULL,NULL,NULL,NULL,NULL,NULL,NULL,NULL,NULL,NULL,NULL,NULL,NULL,NULL,NULL,NULL,NULL,NULL,NULL,0,0,NULL,NULL,NULL,NULL,NULL,NULL),
 (169,'PLUG AUDIOVISUAL LOCAÇOES E CO','PLUG AUDIOVISUAL LOCAÇOES E CO','PLUG AUDIOVISUAL LOCAÇOES E CO','05615288/0001-22','J',NULL,NULL,NULL,NULL,NULL,NULL,NULL,'2010-01-07 00:00:00',NULL,NULL,NULL,NULL,NULL,NULL,NULL,NULL,NULL,NULL,NULL,NULL,NULL,NULL,NULL,NULL,NULL,NULL,NULL,NULL,NULL,NULL,NULL,NULL,NULL,NULL,NULL,0,0,NULL,NULL,NULL,NULL,NULL,NULL),
 (170,'PLANAL IMOVEIS SS LTDA','PLANAL IMOVEIS SS LTDA','PLANAL IMOVEIS',NULL,'J',NULL,NULL,NULL,NULL,NULL,NULL,NULL,'2010-01-07 00:00:00',NULL,NULL,NULL,NULL,NULL,NULL,NULL,NULL,NULL,NULL,NULL,NULL,NULL,NULL,NULL,NULL,NULL,NULL,NULL,NULL,NULL,NULL,NULL,NULL,NULL,NULL,NULL,0,0,NULL,NULL,NULL,NULL,NULL,NULL),
 (172,'PUC-RS','PUC-RS','PUC-RS',NULL,'F',NULL,NULL,NULL,NULL,NULL,NULL,NULL,'2010-01-07 00:00:00',NULL,NULL,NULL,NULL,NULL,NULL,NULL,NULL,NULL,NULL,NULL,NULL,NULL,NULL,NULL,NULL,NULL,NULL,NULL,NULL,NULL,NULL,NULL,NULL,NULL,NULL,NULL,0,0,NULL,NULL,NULL,NULL,NULL,NULL),
 (173,'HOME PARK ESTACIONAMENTO','HOME PARK ESTACIONAMENTO','HOME PARK ESTACIONAMENTO',NULL,'F',NULL,NULL,NULL,NULL,NULL,NULL,NULL,'2010-01-07 00:00:00',NULL,NULL,NULL,NULL,NULL,NULL,NULL,NULL,NULL,NULL,NULL,NULL,NULL,NULL,NULL,NULL,NULL,NULL,NULL,NULL,NULL,NULL,NULL,NULL,NULL,NULL,NULL,0,0,NULL,NULL,NULL,NULL,NULL,NULL),
 (174,'DIVERSOS','DIVERSOS','DIVERSOS',NULL,'F',NULL,NULL,NULL,NULL,NULL,NULL,NULL,'2010-02-01 00:00:00',NULL,NULL,NULL,NULL,NULL,NULL,NULL,NULL,NULL,NULL,NULL,NULL,NULL,NULL,NULL,NULL,NULL,NULL,NULL,NULL,NULL,NULL,NULL,NULL,NULL,NULL,NULL,NULL,0,NULL,NULL,NULL,NULL,NULL,NULL),
 (175,'FGTS','FGTS','FGTS',NULL,'F',NULL,NULL,NULL,NULL,NULL,NULL,NULL,'2010-02-02 00:00:00',NULL,NULL,NULL,NULL,NULL,NULL,NULL,NULL,NULL,NULL,NULL,NULL,NULL,NULL,NULL,NULL,NULL,NULL,NULL,NULL,NULL,NULL,NULL,NULL,NULL,NULL,NULL,NULL,0,NULL,NULL,NULL,NULL,NULL,NULL),
 (176,'LOTERICA','LOTERICA','LOTERICA',NULL,'J',NULL,NULL,NULL,NULL,NULL,NULL,NULL,'2010-02-02 00:00:00',NULL,NULL,NULL,NULL,NULL,NULL,NULL,NULL,NULL,NULL,NULL,NULL,NULL,NULL,NULL,NULL,NULL,NULL,NULL,NULL,NULL,NULL,NULL,NULL,NULL,NULL,NULL,NULL,0,NULL,NULL,NULL,NULL,NULL,NULL),
 (178,'ISSQN','ISSQN','ISSQN',NULL,'F',NULL,NULL,NULL,NULL,NULL,NULL,NULL,'2010-02-02 00:00:00',NULL,NULL,NULL,NULL,NULL,NULL,NULL,NULL,NULL,NULL,NULL,NULL,NULL,NULL,NULL,NULL,NULL,NULL,NULL,NULL,NULL,NULL,NULL,NULL,NULL,NULL,NULL,NULL,0,NULL,NULL,NULL,NULL,NULL,NULL),
 (179,'CARTÃO ITAU','CARTÃO ITAU','CARTÃO ITAU',NULL,'F',NULL,NULL,NULL,NULL,NULL,NULL,NULL,'2010-02-02 00:00:00',NULL,NULL,NULL,NULL,NULL,NULL,NULL,NULL,NULL,NULL,NULL,NULL,NULL,NULL,NULL,NULL,NULL,NULL,NULL,NULL,NULL,NULL,NULL,NULL,NULL,NULL,NULL,NULL,0,NULL,NULL,NULL,NULL,NULL,NULL),
 (180,'TARIFAS BANCARIAS','TARIFAS BANCARIAS','TARIFAS BANCARIAS',NULL,'F',NULL,NULL,NULL,NULL,NULL,NULL,NULL,'2010-02-02 00:00:00',NULL,NULL,NULL,NULL,NULL,NULL,NULL,NULL,NULL,NULL,NULL,NULL,NULL,NULL,NULL,NULL,NULL,NULL,NULL,NULL,NULL,NULL,NULL,NULL,NULL,NULL,NULL,NULL,0,NULL,NULL,NULL,NULL,NULL,NULL),
 (181,'RENDIMENTO APLICAÇÃO AUTOMATICA','RENDIMENTO APLICAÇÃO AUTOMATICA','RENDIMENTO APLICAÇÃO AUTOMATICA',NULL,'F',NULL,NULL,NULL,NULL,NULL,NULL,NULL,'2010-02-02 00:00:00',NULL,NULL,NULL,NULL,NULL,NULL,NULL,NULL,NULL,NULL,NULL,NULL,NULL,NULL,NULL,NULL,NULL,NULL,NULL,NULL,NULL,NULL,NULL,NULL,NULL,NULL,NULL,NULL,0,NULL,NULL,NULL,NULL,NULL,NULL),
 (182,'PAPELARIA VIRADOURO','PAPELARIA VIRADOURO','PAPELARIA VIRADOURO',NULL,'F',NULL,NULL,NULL,NULL,NULL,NULL,NULL,'2010-02-02 00:00:00',NULL,NULL,NULL,NULL,NULL,NULL,NULL,NULL,NULL,NULL,NULL,NULL,NULL,NULL,NULL,NULL,NULL,NULL,NULL,NULL,NULL,NULL,NULL,NULL,NULL,NULL,NULL,NULL,0,NULL,NULL,NULL,NULL,NULL,NULL),
 (183,'INES - FAXINA SP','INES - FAXINA SP','INES - FAXINA SP',NULL,'F',NULL,NULL,NULL,NULL,NULL,NULL,NULL,'2010-02-02 00:00:00',NULL,NULL,NULL,NULL,NULL,NULL,NULL,NULL,NULL,NULL,NULL,NULL,NULL,NULL,NULL,NULL,NULL,NULL,NULL,NULL,NULL,NULL,NULL,NULL,NULL,NULL,NULL,NULL,0,NULL,NULL,NULL,NULL,NULL,NULL),
 (184,'IRRF S/ SALARIOS','IRRF S/ SALARIOS','IRRF S/ SALARIOS',NULL,'F',NULL,NULL,NULL,NULL,NULL,NULL,NULL,'2010-02-02 00:00:00',NULL,NULL,NULL,NULL,NULL,NULL,NULL,NULL,NULL,NULL,NULL,NULL,NULL,NULL,NULL,NULL,NULL,NULL,NULL,NULL,NULL,NULL,NULL,NULL,NULL,NULL,NULL,NULL,0,NULL,NULL,NULL,NULL,NULL,NULL),
 (185,'SINDPD','SINDPD','SINDPD',NULL,'F',NULL,NULL,NULL,NULL,NULL,NULL,NULL,'2010-02-02 00:00:00',NULL,NULL,NULL,NULL,NULL,NULL,NULL,NULL,NULL,NULL,NULL,NULL,NULL,NULL,NULL,NULL,NULL,NULL,NULL,NULL,NULL,NULL,NULL,NULL,NULL,NULL,NULL,NULL,0,NULL,NULL,NULL,NULL,NULL,NULL),
 (189,'CORREIO','CORREIO','CORREIO',NULL,'F',NULL,'33320040','92593234','93035645','acfmontserrat@terra.com.br','33320065',NULL,'2010-02-03 00:00:00',NULL,NULL,NULL,NULL,NULL,NULL,NULL,NULL,NULL,NULL,NULL,NULL,NULL,NULL,NULL,NULL,NULL,NULL,NULL,NULL,NULL,NULL,NULL,NULL,NULL,NULL,NULL,NULL,0,NULL,NULL,NULL,NULL,NULL,NULL),
 (190,'VIP- ADRIANA ZANCO','VIP- ADRIANA ZANCO','VIP- ADRIANA ZANCO','07682177000164','J','0963112392','33881666','30195076',NULL,NULL,NULL,NULL,'2010-02-03 00:00:00',NULL,NULL,NULL,NULL,NULL,NULL,NULL,NULL,NULL,NULL,'RUA BARÃO DO AMAZONAS','306','01','90670000','PETRÓPOLIS','PORTO ALEGRE','RS','BRASIL',NULL,NULL,NULL,NULL,NULL,NULL,NULL,NULL,NULL,NULL,0,NULL,NULL,NULL,NULL,NULL,NULL),
 (191,'VISA VALE - VR/VA','VISA VALE - VR/VA','VISA VALE - VR/VA',NULL,'F',NULL,NULL,NULL,NULL,NULL,NULL,NULL,'2010-02-03 00:00:00',NULL,NULL,NULL,NULL,NULL,NULL,NULL,NULL,NULL,NULL,NULL,NULL,NULL,NULL,NULL,NULL,NULL,NULL,NULL,NULL,NULL,NULL,NULL,NULL,NULL,NULL,NULL,NULL,0,NULL,NULL,NULL,NULL,NULL,NULL),
 (193,'TEU BILHETE METROPOLITANO','TEU BILHETE METROPOLITANO','TEU BILHETE METROPOLITANO',NULL,'F',NULL,NULL,NULL,NULL,NULL,NULL,NULL,'2010-02-03 00:00:00',NULL,NULL,NULL,NULL,NULL,NULL,NULL,NULL,NULL,NULL,NULL,NULL,NULL,NULL,NULL,NULL,NULL,NULL,NULL,NULL,NULL,NULL,NULL,NULL,NULL,NULL,NULL,NULL,0,NULL,NULL,NULL,NULL,NULL,NULL),
 (194,'PIS','PIS','PIS',NULL,'F',NULL,NULL,NULL,NULL,NULL,NULL,NULL,'2010-02-03 00:00:00',NULL,NULL,NULL,NULL,NULL,NULL,NULL,NULL,NULL,NULL,NULL,NULL,NULL,NULL,NULL,NULL,NULL,NULL,NULL,NULL,NULL,NULL,NULL,NULL,NULL,NULL,NULL,NULL,0,NULL,NULL,NULL,NULL,NULL,NULL),
 (196,'OMINT','OMINT','OMINT',NULL,'F',NULL,NULL,NULL,NULL,NULL,NULL,NULL,'2010-02-03 00:00:00',NULL,NULL,NULL,NULL,NULL,NULL,NULL,NULL,NULL,NULL,NULL,NULL,NULL,NULL,NULL,NULL,NULL,NULL,NULL,NULL,NULL,NULL,NULL,NULL,NULL,NULL,NULL,NULL,0,NULL,NULL,NULL,NULL,NULL,NULL),
 (198,'SPTRANS -BILHETE UNICO','SPTRANS -BILHETE UNICO','SPTRANS -BILHETE UNICO',NULL,'F',NULL,NULL,NULL,NULL,NULL,NULL,NULL,'2010-02-03 00:00:00',NULL,NULL,NULL,NULL,NULL,NULL,NULL,NULL,NULL,NULL,NULL,NULL,NULL,NULL,NULL,NULL,NULL,NULL,NULL,NULL,NULL,NULL,NULL,NULL,NULL,NULL,NULL,NULL,0,NULL,NULL,NULL,NULL,NULL,NULL),
 (199,'SN BRASIL - CONTADOR/SP','SN BRASIL - CONTADOR/SP','SN BRASIL - CONTADOR/SP',NULL,'F',NULL,NULL,NULL,NULL,NULL,NULL,NULL,'2010-02-03 00:00:00',NULL,NULL,NULL,NULL,NULL,NULL,NULL,NULL,NULL,NULL,NULL,NULL,NULL,NULL,NULL,NULL,NULL,NULL,NULL,NULL,NULL,NULL,NULL,NULL,NULL,NULL,NULL,NULL,0,NULL,NULL,NULL,NULL,NULL,NULL),
 (201,'I.R.P.J. S/ LUCRO PRESUMIDO DO 4 TRIMESTRE DE 2009','I.R.P.J. S/ LUCRO PRESUMIDO DO 4 TRIMESTRE DE 2009','I.R.P.J. S/ LUCRO PRESUMIDO DO 4 TRIMESTRE DE 2009',NULL,'F',NULL,NULL,NULL,NULL,NULL,NULL,NULL,'2010-02-03 00:00:00',NULL,NULL,NULL,NULL,NULL,NULL,NULL,NULL,NULL,NULL,NULL,NULL,NULL,NULL,NULL,NULL,NULL,NULL,NULL,NULL,NULL,NULL,NULL,NULL,NULL,NULL,NULL,NULL,0,NULL,NULL,NULL,NULL,NULL,NULL),
 (204,'SUBMARINO.COM','SUBMARINO.COM','SUBMARINO.COM',NULL,'F',NULL,NULL,NULL,NULL,NULL,NULL,NULL,'2010-02-03 00:00:00',NULL,NULL,NULL,NULL,NULL,NULL,NULL,NULL,NULL,NULL,NULL,NULL,NULL,NULL,NULL,NULL,NULL,NULL,NULL,NULL,NULL,NULL,NULL,NULL,NULL,NULL,NULL,NULL,0,NULL,NULL,NULL,NULL,NULL,NULL),
 (206,'GOL','GOL','GOL',NULL,'F',NULL,NULL,NULL,NULL,NULL,NULL,NULL,'2010-02-03 00:00:00',NULL,NULL,NULL,NULL,NULL,NULL,NULL,NULL,NULL,NULL,NULL,NULL,NULL,NULL,NULL,NULL,NULL,NULL,NULL,NULL,NULL,NULL,NULL,NULL,NULL,NULL,NULL,NULL,0,NULL,NULL,NULL,NULL,NULL,NULL),
 (207,'EXTRA.COM.BR','EXTRA.COM.BR','EXTRA.COM.BR',NULL,'F',NULL,NULL,NULL,NULL,NULL,NULL,NULL,'2010-02-03 00:00:00',NULL,NULL,NULL,NULL,NULL,NULL,NULL,NULL,NULL,NULL,NULL,NULL,NULL,NULL,NULL,NULL,NULL,NULL,NULL,NULL,NULL,NULL,NULL,NULL,NULL,NULL,NULL,NULL,0,NULL,NULL,NULL,NULL,NULL,NULL),
 (208,'ITAU (PROVISÃO 13SAL)','ITAU (PROVISÃO 13SAL)','ITAU (PROVISÃO 13SAL)',NULL,'F',NULL,NULL,NULL,NULL,NULL,NULL,NULL,'2010-02-10 00:00:00',NULL,NULL,NULL,NULL,NULL,NULL,NULL,NULL,NULL,NULL,NULL,NULL,NULL,NULL,NULL,NULL,NULL,NULL,NULL,NULL,NULL,NULL,NULL,NULL,NULL,NULL,NULL,NULL,0,NULL,NULL,NULL,NULL,NULL,NULL),
 (209,'IPVA','IPVA','IPVA',NULL,'F',NULL,NULL,NULL,NULL,NULL,NULL,NULL,'2010-02-10 00:00:00',NULL,NULL,NULL,NULL,NULL,NULL,NULL,NULL,NULL,NULL,NULL,NULL,NULL,NULL,NULL,NULL,NULL,NULL,NULL,NULL,NULL,NULL,NULL,NULL,NULL,NULL,NULL,NULL,0,NULL,1,NULL,NULL,NULL,NULL),
 (212,'INTERAÇÃO','INTERAÇÃO','INTERAÇÃO',NULL,'F',NULL,NULL,NULL,NULL,NULL,NULL,NULL,'2010-02-17 00:00:00',NULL,NULL,NULL,NULL,NULL,NULL,NULL,NULL,NULL,NULL,NULL,NULL,NULL,NULL,NULL,NULL,NULL,NULL,NULL,NULL,NULL,NULL,NULL,NULL,NULL,NULL,NULL,NULL,0,NULL,NULL,NULL,NULL,NULL,NULL),
 (213,'FNAC','FNAC','FNAC',NULL,'F',NULL,NULL,NULL,NULL,NULL,NULL,NULL,'2010-02-17 00:00:00',NULL,NULL,NULL,NULL,NULL,NULL,NULL,NULL,NULL,NULL,NULL,NULL,NULL,NULL,NULL,NULL,NULL,NULL,NULL,NULL,NULL,NULL,NULL,NULL,NULL,NULL,NULL,NULL,0,NULL,NULL,NULL,NULL,NULL,NULL),
 (215,'BANCO CITIBANK','BANCO CITIBANK','BANCO CITIBANK',NULL,'J',NULL,NULL,NULL,NULL,NULL,NULL,NULL,'2010-02-24 00:00:00',NULL,NULL,NULL,NULL,NULL,NULL,NULL,NULL,NULL,NULL,NULL,NULL,NULL,NULL,NULL,NULL,NULL,NULL,NULL,NULL,NULL,NULL,NULL,NULL,NULL,NULL,NULL,NULL,0,NULL,NULL,NULL,NULL,NULL,NULL),
 (216,'FAXINEIRA','FAXINEIRA','FAXINEIRA',NULL,'F',NULL,NULL,NULL,NULL,NULL,NULL,NULL,'2010-03-09 00:00:00',NULL,NULL,NULL,NULL,NULL,NULL,NULL,NULL,NULL,NULL,NULL,NULL,NULL,NULL,NULL,NULL,NULL,NULL,NULL,NULL,NULL,NULL,NULL,NULL,NULL,NULL,NULL,NULL,0,NULL,NULL,NULL,NULL,NULL,NULL),
 (222,'MECANICA (ALESS)','MECANICA (ALESS)','MECANICA (ALESS)',NULL,'J',NULL,NULL,NULL,NULL,NULL,NULL,NULL,'2010-03-11 00:00:00',NULL,NULL,NULL,NULL,NULL,NULL,NULL,NULL,NULL,NULL,NULL,NULL,NULL,NULL,NULL,NULL,NULL,NULL,NULL,NULL,NULL,NULL,NULL,NULL,NULL,NULL,NULL,NULL,0,NULL,1,NULL,NULL,NULL,NULL),
 (223,'METLIFE','METLIFE','METLIFE',NULL,'F',NULL,NULL,NULL,NULL,NULL,NULL,NULL,'2010-03-12 00:00:00',NULL,NULL,NULL,NULL,NULL,NULL,NULL,NULL,NULL,NULL,NULL,NULL,NULL,NULL,NULL,'PORTO ALEGRE','RS','BRASIL',NULL,NULL,NULL,NULL,NULL,NULL,NULL,NULL,NULL,NULL,0,NULL,1,NULL,NULL,NULL,'Metropolitan - Metlife seguros'),
 (225,'IMOBILIARIA ZONA NORTE','IMOBILIARIA ZONA NORTE','IMOBILIARIA ZONA NORTE','89152185000163','J',NULL,'30610300',NULL,NULL,NULL,NULL,NULL,'2010-03-22 00:00:00',NULL,NULL,NULL,NULL,NULL,NULL,NULL,NULL,NULL,NULL,NULL,NULL,NULL,NULL,NULL,NULL,NULL,NULL,NULL,NULL,NULL,NULL,NULL,NULL,NULL,NULL,NULL,NULL,0,NULL,1,NULL,NULL,NULL,NULL),
 (226,'BORDADOS PONTOCORE LTDA ME','PONTOCORE','PONTOCORE',NULL,'F',NULL,NULL,NULL,NULL,NULL,NULL,NULL,'2010-03-24 00:00:00',NULL,NULL,NULL,NULL,NULL,NULL,NULL,NULL,NULL,NULL,NULL,NULL,NULL,NULL,NULL,NULL,NULL,NULL,NULL,NULL,NULL,NULL,NULL,NULL,NULL,NULL,NULL,NULL,0,NULL,NULL,NULL,NULL,NULL,NULL),
 (228,'MECÂNICA (Daiane)','MECÂNICA (Daiane)','MECÂNICA (Daiane)',NULL,'J',NULL,NULL,NULL,NULL,NULL,NULL,NULL,'2010-04-15 00:00:00',NULL,NULL,NULL,NULL,NULL,NULL,NULL,NULL,NULL,NULL,NULL,NULL,NULL,NULL,NULL,NULL,NULL,NULL,NULL,NULL,NULL,NULL,NULL,NULL,NULL,NULL,NULL,NULL,0,NULL,1,NULL,NULL,NULL,NULL),
 (229,'CINEMA','CINEMA','CINEMA',NULL,'J',NULL,NULL,NULL,NULL,NULL,NULL,NULL,'2010-04-15 00:00:00',NULL,NULL,NULL,NULL,NULL,NULL,NULL,NULL,NULL,NULL,NULL,NULL,NULL,NULL,NULL,NULL,'RS',NULL,NULL,NULL,NULL,NULL,NULL,NULL,NULL,NULL,NULL,NULL,0,NULL,NULL,NULL,NULL,NULL,NULL),
 (230,'Pão de Açúcar','Pão de Açúcar','Pão de Açúcar',NULL,'F',NULL,NULL,NULL,NULL,NULL,NULL,NULL,'2010-04-20 00:00:00',NULL,NULL,NULL,NULL,NULL,NULL,NULL,NULL,NULL,NULL,NULL,NULL,NULL,NULL,NULL,NULL,NULL,NULL,NULL,NULL,NULL,NULL,NULL,NULL,NULL,NULL,NULL,NULL,0,NULL,NULL,NULL,NULL,NULL,NULL),
 (232,'PORTO SEGURO CIA DE SEGUROS GERAIS','PORTO SEGURO','PORTO SEGURO',NULL,'F',NULL,NULL,NULL,NULL,NULL,NULL,NULL,'2010-04-26 00:00:00',NULL,NULL,NULL,NULL,NULL,NULL,NULL,NULL,NULL,NULL,NULL,NULL,NULL,NULL,NULL,NULL,NULL,NULL,NULL,NULL,NULL,NULL,NULL,NULL,NULL,NULL,NULL,NULL,0,NULL,NULL,NULL,NULL,NULL,NULL),
 (233,'MEDICOs','MEDICOs','MEDICOs',NULL,'J',NULL,NULL,NULL,NULL,NULL,NULL,NULL,'2010-05-19 00:00:00',NULL,NULL,NULL,NULL,NULL,NULL,NULL,NULL,NULL,NULL,NULL,NULL,NULL,NULL,NULL,NULL,NULL,NULL,NULL,NULL,NULL,NULL,NULL,NULL,NULL,NULL,NULL,NULL,0,NULL,1,NULL,NULL,NULL,'Médicos do IPE em geral, valores pagos por consultas'),
 (235,'SIMONE GRIVOT','SIMONE GRIVOT - Coach Executivo e de Carreira','SIMONE GRIVOT',NULL,'F',NULL,'(51) 9211-6649',NULL,NULL,'simone@detien.com.br','www.detien.com.br',NULL,'2010-05-31 00:00:00',NULL,NULL,NULL,NULL,NULL,NULL,NULL,NULL,NULL,NULL,NULL,NULL,NULL,NULL,NULL,NULL,NULL,NULL,NULL,NULL,NULL,NULL,NULL,NULL,NULL,NULL,NULL,NULL,0,NULL,1,NULL,NULL,NULL,'Détien Consultoria - Desenvolvimento Profissional e Gestão de Carreira'),
 (237,'SOLLUÇÃO COMUNICAÇÃO VISUAL','SOLLUÇÃO COMUNICAÇÃO VISUAL','SOLLUÇÃO COMUNICAÇÃO VISUAL',NULL,'F',NULL,NULL,NULL,NULL,NULL,NULL,NULL,'2010-06-28 00:00:00',NULL,NULL,NULL,NULL,NULL,NULL,NULL,NULL,NULL,NULL,NULL,NULL,NULL,NULL,NULL,NULL,NULL,NULL,NULL,NULL,NULL,NULL,NULL,NULL,NULL,NULL,NULL,NULL,0,NULL,NULL,NULL,NULL,NULL,NULL),
 (241,'PETSHOP','PETSHOP','PETSHOP',NULL,'J',NULL,NULL,NULL,NULL,NULL,NULL,NULL,'2010-08-03 00:00:00',NULL,NULL,NULL,NULL,NULL,NULL,NULL,NULL,NULL,NULL,NULL,NULL,NULL,NULL,NULL,NULL,NULL,NULL,NULL,NULL,NULL,NULL,NULL,NULL,NULL,NULL,NULL,NULL,0,NULL,NULL,NULL,NULL,NULL,NULL),
 (242,'SUPERMERCADO','SUPERMERCADO','SUPERMERCADO',NULL,'J',NULL,NULL,NULL,NULL,NULL,NULL,NULL,'2010-08-03 00:00:00',NULL,NULL,NULL,NULL,NULL,NULL,NULL,NULL,NULL,NULL,NULL,NULL,NULL,NULL,NULL,NULL,NULL,NULL,NULL,NULL,NULL,NULL,NULL,NULL,NULL,NULL,NULL,NULL,0,NULL,NULL,NULL,NULL,NULL,NULL),
 (243,'RESTAURANTE','RESTAURANTE','RESTAURANTE',NULL,'J',NULL,NULL,NULL,NULL,NULL,NULL,NULL,'2010-08-03 00:00:00',NULL,NULL,NULL,NULL,NULL,NULL,NULL,NULL,NULL,NULL,NULL,NULL,NULL,NULL,NULL,NULL,NULL,NULL,NULL,NULL,NULL,NULL,NULL,NULL,NULL,NULL,NULL,NULL,0,NULL,NULL,NULL,NULL,NULL,NULL),
 (244,'VISA - ITAÚ','VISA - ITAÚ','VISA - ITAÚ',NULL,'F',NULL,NULL,NULL,NULL,NULL,NULL,NULL,'2010-08-10 00:00:00',NULL,NULL,NULL,NULL,NULL,NULL,NULL,NULL,NULL,NULL,NULL,NULL,NULL,NULL,NULL,NULL,NULL,NULL,NULL,NULL,NULL,NULL,NULL,NULL,NULL,NULL,NULL,NULL,0,NULL,NULL,NULL,NULL,NULL,NULL),
 (245,'VISA - CITIBANK','VISA - CITIBANK','VISA - CITIBANK',NULL,'F',NULL,NULL,NULL,NULL,NULL,NULL,NULL,'2010-08-10 00:00:00',NULL,NULL,NULL,NULL,NULL,NULL,NULL,NULL,NULL,NULL,NULL,NULL,NULL,NULL,NULL,NULL,NULL,NULL,NULL,NULL,NULL,NULL,NULL,NULL,NULL,NULL,NULL,NULL,0,NULL,NULL,NULL,NULL,NULL,NULL),
 (246,'MASTERCARD - ITAÚ','MASTERCARD - ITAÚ','MASTERCARD - ITAÚ',NULL,'F',NULL,NULL,NULL,NULL,NULL,NULL,NULL,'2010-08-10 00:00:00',NULL,NULL,NULL,NULL,NULL,NULL,NULL,NULL,NULL,NULL,NULL,NULL,NULL,NULL,NULL,NULL,NULL,NULL,NULL,NULL,NULL,NULL,NULL,NULL,NULL,NULL,NULL,NULL,0,NULL,NULL,NULL,NULL,NULL,NULL),
 (247,'MASTERCARD - CITIBANK','MASTERCARD - CITIBANK','MASTERCARD - CITIBANK',NULL,'F',NULL,NULL,NULL,NULL,NULL,NULL,NULL,'2010-08-10 00:00:00',NULL,NULL,NULL,NULL,NULL,NULL,NULL,NULL,NULL,NULL,NULL,NULL,NULL,NULL,NULL,NULL,NULL,NULL,NULL,NULL,NULL,NULL,NULL,NULL,NULL,NULL,NULL,NULL,0,NULL,NULL,NULL,NULL,NULL,NULL),
 (248,'AZUL SEGUROS','AZUL SEGUROS','AZUL SEGUROS',NULL,'F',NULL,NULL,NULL,NULL,NULL,NULL,NULL,'2010-09-01 00:00:00',NULL,NULL,NULL,NULL,NULL,NULL,NULL,NULL,NULL,NULL,NULL,NULL,NULL,NULL,NULL,NULL,NULL,NULL,NULL,NULL,NULL,NULL,NULL,NULL,NULL,NULL,NULL,NULL,0,NULL,NULL,NULL,NULL,NULL,NULL),
 (249,'LOJAS RENNER S.A','LOJAS RENNER','LOJAS RENNER','92.754.738/0149-76','J','096/3294172','32045200',NULL,NULL,NULL,'lojasrenner.com.br',NULL,'2013-01-31 00:00:00',NULL,NULL,NULL,NULL,NULL,NULL,NULL,NULL,NULL,NULL,'Bourbon Ipiranga',NULL,NULL,NULL,NULL,NULL,NULL,NULL,NULL,NULL,NULL,NULL,NULL,NULL,NULL,NULL,NULL,NULL,0,NULL,NULL,NULL,NULL,NULL,NULL),
 (250,'BANCO SANTANDER','BANCO SANTANDER','BANCO SANTANDER',NULL,'J',NULL,NULL,NULL,NULL,NULL,NULL,NULL,'2013-01-31 00:00:00',NULL,NULL,NULL,NULL,NULL,NULL,NULL,NULL,NULL,NULL,NULL,NULL,NULL,NULL,NULL,NULL,NULL,NULL,NULL,NULL,NULL,NULL,NULL,NULL,NULL,NULL,NULL,NULL,0,NULL,1,NULL,NULL,NULL,NULL),
 (251,'RESTAURANTE BIRK','RESTAURANTE BIRK','RESTAURANTE BIRK',NULL,'F',NULL,NULL,NULL,NULL,NULL,NULL,NULL,'2014-01-25 00:00:00',NULL,NULL,NULL,NULL,NULL,NULL,NULL,NULL,NULL,NULL,NULL,NULL,NULL,NULL,NULL,NULL,NULL,NULL,NULL,NULL,NULL,NULL,NULL,NULL,NULL,NULL,NULL,NULL,0,NULL,1,NULL,NULL,NULL,NULL),
 (252,'TERRITORIO DO SAPATO GRAMADO','TERRITORIO DO SAPATO GRAMADO','TERRITORIO DO SAPATO GRAMADO',NULL,'F',NULL,NULL,NULL,NULL,NULL,NULL,NULL,'2014-02-19 00:00:00',NULL,NULL,NULL,NULL,NULL,NULL,NULL,NULL,NULL,NULL,NULL,NULL,NULL,NULL,NULL,NULL,NULL,NULL,NULL,NULL,NULL,NULL,NULL,NULL,NULL,NULL,NULL,NULL,0,NULL,1,NULL,NULL,NULL,NULL),
 (253,'MSFT XBOX LIVE','MSFT XBOX LIVE','MSFT XBOX LIVE',NULL,'F',NULL,NULL,NULL,NULL,NULL,NULL,NULL,'2014-02-19 00:00:00',NULL,NULL,NULL,NULL,NULL,NULL,NULL,NULL,NULL,NULL,NULL,NULL,NULL,NULL,NULL,NULL,NULL,NULL,NULL,NULL,NULL,NULL,NULL,NULL,NULL,NULL,NULL,NULL,0,NULL,1,NULL,NULL,NULL,' MSFT *XBOX LIVE 800-891-9835 WA  \r\n USD 36,48 (x 2,479*) '),
 (254,'SPIRITO SANTO GRAMADO','SPIRITO SANTO GRAMADO','SPIRITO SANTO GRAMADO',NULL,'F',NULL,NULL,NULL,NULL,NULL,NULL,NULL,'2014-02-19 00:00:00',NULL,NULL,NULL,NULL,NULL,NULL,NULL,NULL,NULL,NULL,NULL,NULL,NULL,NULL,NULL,NULL,NULL,NULL,NULL,NULL,NULL,NULL,NULL,NULL,NULL,NULL,NULL,NULL,0,NULL,1,NULL,NULL,NULL,NULL),
 (255,'AGROPECUARIA RIVAS LTDA','AGROPECUARIA RIVAS LTDA','AGROPECUARIA RIVAS LTDA',NULL,'F',NULL,NULL,NULL,NULL,NULL,NULL,NULL,'2014-02-19 00:00:00',NULL,NULL,NULL,NULL,NULL,NULL,NULL,NULL,NULL,NULL,NULL,NULL,NULL,NULL,NULL,NULL,NULL,NULL,NULL,NULL,NULL,NULL,NULL,NULL,NULL,NULL,NULL,NULL,0,NULL,1,NULL,NULL,NULL,NULL),
 (256,'PIZZARIA NOSSA PIZZA','PIZZARIA NOSSA PIZZA','PIZZARIA NOSSA PIZZA',NULL,'F',NULL,NULL,NULL,NULL,NULL,NULL,NULL,'2014-02-19 00:00:00',NULL,NULL,NULL,NULL,NULL,NULL,NULL,NULL,NULL,NULL,NULL,NULL,NULL,NULL,NULL,NULL,NULL,NULL,NULL,NULL,NULL,NULL,NULL,NULL,NULL,NULL,NULL,NULL,0,NULL,1,NULL,NULL,NULL,NULL),
 (257,'SARAIVA ','SARAIVA','SARAIVA',NULL,'F',NULL,NULL,NULL,NULL,NULL,NULL,NULL,'2014-02-19 00:00:00',NULL,NULL,NULL,NULL,NULL,NULL,NULL,NULL,NULL,NULL,NULL,NULL,NULL,NULL,NULL,NULL,NULL,NULL,NULL,NULL,NULL,NULL,NULL,NULL,NULL,NULL,NULL,NULL,0,NULL,1,NULL,NULL,NULL,NULL),
 (258,'PSICOLOGA Maria Line','PSICOLOGA Maria Line','PSICOLOGA',NULL,'F',NULL,NULL,NULL,NULL,NULL,NULL,NULL,'2015-04-12 00:00:00',NULL,NULL,NULL,NULL,NULL,NULL,NULL,NULL,NULL,NULL,NULL,NULL,NULL,NULL,NULL,NULL,NULL,NULL,NULL,NULL,NULL,NULL,NULL,NULL,NULL,NULL,NULL,NULL,0,NULL,1,NULL,NULL,NULL,NULL),
 (259,'CORTEZERO','CORTEZERO',NULL,NULL,'F',NULL,NULL,NULL,NULL,NULL,NULL,NULL,'2015-04-12 00:00:00',NULL,NULL,NULL,NULL,NULL,NULL,NULL,NULL,NULL,NULL,NULL,NULL,NULL,NULL,NULL,NULL,NULL,NULL,NULL,NULL,NULL,NULL,NULL,NULL,NULL,NULL,NULL,NULL,0,NULL,1,NULL,NULL,NULL,NULL),
 (260,'BANCO ALFA','BANCO ALFA','BANCO ALFA',NULL,'F',NULL,'08007250044',NULL,NULL,NULL,NULL,NULL,'2016-02-29 00:00:00',NULL,NULL,NULL,NULL,NULL,NULL,NULL,NULL,NULL,NULL,NULL,NULL,NULL,NULL,NULL,NULL,NULL,NULL,NULL,NULL,NULL,NULL,NULL,NULL,NULL,NULL,NULL,NULL,0,NULL,1,NULL,NULL,NULL,NULL),
 (261,'HCPA Concurso','HCPA Concurso','HCPA Concurso',NULL,'F',NULL,NULL,NULL,NULL,NULL,NULL,NULL,'2016-02-29 00:00:00',NULL,NULL,NULL,NULL,NULL,NULL,NULL,NULL,NULL,NULL,NULL,NULL,NULL,NULL,NULL,NULL,NULL,NULL,NULL,NULL,NULL,NULL,NULL,NULL,NULL,NULL,NULL,NULL,0,NULL,1,NULL,NULL,NULL,NULL),
 (262,'BIANSINI AUTOMÓVEIS','BIANSINI AUTOMÓVEIS','BIANSINI AUTOMÓVEIS',NULL,'F',NULL,NULL,NULL,NULL,NULL,NULL,NULL,'2016-02-29 00:00:00',NULL,NULL,NULL,NULL,NULL,NULL,NULL,NULL,NULL,NULL,NULL,NULL,NULL,NULL,NULL,NULL,NULL,NULL,NULL,NULL,NULL,NULL,NULL,NULL,NULL,NULL,NULL,NULL,0,NULL,1,NULL,NULL,NULL,NULL),
 (263,'CAVANHAS','CAVANHAS','CAVANHAS',NULL,'F',NULL,NULL,NULL,NULL,NULL,NULL,NULL,'2016-03-01 00:00:00',NULL,NULL,NULL,NULL,NULL,NULL,NULL,NULL,NULL,NULL,NULL,NULL,NULL,NULL,NULL,NULL,NULL,NULL,NULL,NULL,NULL,NULL,NULL,NULL,NULL,NULL,NULL,NULL,0,NULL,1,NULL,NULL,NULL,NULL),
 (264,'MIL SONS','MIL SONS','MIL SONS',NULL,'F',NULL,NULL,NULL,NULL,NULL,NULL,NULL,'2016-03-01 00:00:00',NULL,NULL,NULL,NULL,NULL,NULL,NULL,NULL,NULL,NULL,NULL,NULL,NULL,NULL,NULL,NULL,NULL,NULL,NULL,NULL,NULL,NULL,NULL,NULL,NULL,NULL,NULL,NULL,0,NULL,1,NULL,NULL,NULL,NULL),
 (265,'MAPFRE','MAPFRE','MAPFRE',NULL,'F',NULL,NULL,NULL,NULL,NULL,NULL,NULL,'2016-03-01 00:00:00',NULL,NULL,NULL,NULL,NULL,NULL,NULL,NULL,NULL,NULL,NULL,NULL,NULL,NULL,NULL,NULL,NULL,NULL,NULL,NULL,NULL,NULL,NULL,NULL,NULL,NULL,NULL,NULL,0,NULL,1,NULL,NULL,NULL,NULL);
/*!40000 ALTER TABLE `ent_fornecedor` ENABLE KEYS */;


--
-- Definition of table `ent_historico`
--

DROP TABLE IF EXISTS `ent_historico`;
CREATE TABLE `ent_historico` (
  `COD_HISTORICO` int(11) NOT NULL AUTO_INCREMENT,
  `TIPO` varchar(50) DEFAULT NULL,
  `CODIGO` int(11) DEFAULT NULL,
  `TEXTO` text,
  `ARQUIVO_ANEXO` longtext,
  `SYS_DTT_INS` timestamp NOT NULL DEFAULT CURRENT_TIMESTAMP ON UPDATE CURRENT_TIMESTAMP,
  `SYS_USR_INS` varchar(50) DEFAULT NULL,
  PRIMARY KEY (`COD_HISTORICO`)
) ENGINE=InnoDB DEFAULT CHARSET=latin1;

--
-- Dumping data for table `ent_historico`
--

/*!40000 ALTER TABLE `ent_historico` DISABLE KEYS */;
/*!40000 ALTER TABLE `ent_historico` ENABLE KEYS */;


--
-- Definition of table `fin_banco`
--

DROP TABLE IF EXISTS `fin_banco`;
CREATE TABLE `fin_banco` (
  `COD_BANCO` int(10) NOT NULL AUTO_INCREMENT,
  `NUM_BANCO` varchar(50) DEFAULT NULL,
  `NOME` varchar(250) DEFAULT NULL,
  `DT_INATIVO` datetime DEFAULT NULL,
  PRIMARY KEY (`COD_BANCO`)
) ENGINE=InnoDB AUTO_INCREMENT=6 DEFAULT CHARSET=utf8;

--
-- Dumping data for table `fin_banco`
--

/*!40000 ALTER TABLE `fin_banco` DISABLE KEYS */;
INSERT INTO `fin_banco` (`COD_BANCO`,`NUM_BANCO`,`NOME`,`DT_INATIVO`) VALUES 
 (1,'001','Banco do Brasil',NULL),
 (2,'341','Itaú',NULL),
 (3,'041','Banrisul',NULL),
 (4,'495','Citibank',NULL),
 (5,'033','Santander',NULL);
/*!40000 ALTER TABLE `fin_banco` ENABLE KEYS */;


--
-- Definition of table `fin_centro_custo`
--

DROP TABLE IF EXISTS `fin_centro_custo`;
CREATE TABLE `fin_centro_custo` (
  `COD_CENTRO_CUSTO` int(10) NOT NULL AUTO_INCREMENT,
  `COD_CENTRO_CUSTO_PAI` int(10) DEFAULT NULL,
  `NOME` varchar(50) DEFAULT NULL,
  `DESCRICAO` varchar(250) DEFAULT NULL,
  `ORDEM` int(10) DEFAULT NULL,
  `DT_INATIVO` datetime DEFAULT NULL,
  `NIVEL` int(10) DEFAULT NULL,
  `COD_REDUZIDO` varchar(50) DEFAULT NULL,
  PRIMARY KEY (`COD_CENTRO_CUSTO`),
  KEY `DT_INATIVO` (`DT_INATIVO`)
) ENGINE=InnoDB AUTO_INCREMENT=9 DEFAULT CHARSET=utf8;

--
-- Dumping data for table `fin_centro_custo`
--

/*!40000 ALTER TABLE `fin_centro_custo` DISABLE KEYS */;
INSERT INTO `fin_centro_custo` (`COD_CENTRO_CUSTO`,`COD_CENTRO_CUSTO_PAI`,`NOME`,`DESCRICAO`,`ORDEM`,`DT_INATIVO`,`NIVEL`,`COD_REDUZIDO`) VALUES 
 (1,NULL,'MyHOUSE','',0,NULL,1,'1'),
 (2,1,'ALESS','ALESS',10,NULL,2,'1.01'),
 (3,1,'DAIANE','DAIANE',20,NULL,2,'1.02'),
 (4,1,'reservado1','',30,NULL,2,'1.03'),
 (5,1,'reservado2','',40,NULL,2,'1.04'),
 (7,1,'reservado3','',50,NULL,2,'1.05'),
 (8,1,'Outros','',1000,NULL,2,'1.99');
/*!40000 ALTER TABLE `fin_centro_custo` ENABLE KEYS */;


--
-- Definition of table `fin_cheque`
--

DROP TABLE IF EXISTS `fin_cheque`;
CREATE TABLE `fin_cheque` (
  `COD_CHEQUE` int(10) NOT NULL AUTO_INCREMENT,
  `COD_BANCO` int(10) DEFAULT NULL,
  `NOMINAL` varchar(250) DEFAULT NULL,
  `NUM_CHEQUE` varchar(50) DEFAULT NULL,
  `DT_CHEQUE` datetime DEFAULT NULL,
  `VLR_CHEQUE` double(15,5) DEFAULT NULL,
  `CIDADE` varchar(250) DEFAULT NULL,
  `SYS_DT_CRIACAO` datetime DEFAULT NULL,
  `SYS_COD_USER_CRIACAO` varchar(120) DEFAULT NULL,
  PRIMARY KEY (`COD_CHEQUE`),
  KEY `DT_CHEQUE` (`DT_CHEQUE`)
) ENGINE=InnoDB DEFAULT CHARSET=utf8;

--
-- Dumping data for table `fin_cheque`
--

/*!40000 ALTER TABLE `fin_cheque` DISABLE KEYS */;
/*!40000 ALTER TABLE `fin_cheque` ENABLE KEYS */;


--
-- Definition of table `fin_conta`
--

DROP TABLE IF EXISTS `fin_conta`;
CREATE TABLE `fin_conta` (
  `COD_CONTA` int(10) NOT NULL AUTO_INCREMENT,
  `NOME` varchar(50) DEFAULT NULL,
  `DESCRICAO` varchar(250) DEFAULT NULL,
  `TIPO` varchar(50) DEFAULT NULL,
  `COD_BANCO` int(10) DEFAULT NULL,
  `AGENCIA` varchar(50) DEFAULT NULL,
  `CONTA` varchar(50) DEFAULT NULL,
  `DT_CADASTRO` datetime DEFAULT NULL,
  `VLR_SALDO_INI` double(15,5) DEFAULT NULL,
  `VLR_SALDO` double(15,5) DEFAULT NULL,
  `ORDEM` int(10) DEFAULT NULL,
  `DT_INATIVO` datetime DEFAULT NULL,
  PRIMARY KEY (`COD_CONTA`),
  KEY `DT_INATIVO` (`DT_INATIVO`)
) ENGINE=InnoDB AUTO_INCREMENT=3 DEFAULT CHARSET=utf8;

--
-- Dumping data for table `fin_conta`
--

/*!40000 ALTER TABLE `fin_conta` DISABLE KEYS */;
INSERT INTO `fin_conta` (`COD_CONTA`,`NOME`,`DESCRICAO`,`TIPO`,`COD_BANCO`,`AGENCIA`,`CONTA`,`DT_CADASTRO`,`VLR_SALDO_INI`,`VLR_SALDO`,`ORDEM`,`DT_INATIVO`) VALUES 
 (1,'ALESS ITAÚ','CONTA CORRENTE ALESSANDER','CONTA CORRENTE',2,'3115','10382-6','2016-01-04 00:00:00',15305.18000,15432.80000,100,NULL),
 (2,'ALESS CAIXA','Dinheiro','DINHEIRO',2,NULL,NULL,'2010-08-01 00:00:00',0.00000,1189.00000,10,NULL);
/*!40000 ALTER TABLE `fin_conta` ENABLE KEYS */;


--
-- Definition of table `fin_conta_pagar_receber`
--

DROP TABLE IF EXISTS `fin_conta_pagar_receber`;
CREATE TABLE `fin_conta_pagar_receber` (
  `COD_CONTA_PAGAR_RECEBER` int(10) NOT NULL AUTO_INCREMENT,
  `PAGAR_RECEBER` tinyint(1) NOT NULL DEFAULT '0',
  `COD_GRUPO` varchar(5) DEFAULT NULL,
  `TIPO` varchar(50) DEFAULT NULL,
  `CODIGO` int(10) DEFAULT NULL,
  `COD_CONTA` int(10) DEFAULT NULL,
  `COD_PLANO_CONTA` int(10) DEFAULT NULL,
  `COD_CENTRO_CUSTO` int(10) DEFAULT NULL,
  `DT_EMISSAO` datetime DEFAULT NULL,
  `DT_VCTO` datetime DEFAULT NULL,
  `VLR_CONTA` double(15,5) DEFAULT NULL,
  `HISTORICO` varchar(250) DEFAULT NULL,
  `TIPO_DOCUMENTO` varchar(120) DEFAULT NULL,
  `NUM_DOCUMENTO` varchar(50) DEFAULT NULL,
  `OBS` longtext,
  `EXTRA` longtext,
  `SITUACAO` varchar(15) DEFAULT NULL,
  `COD_NF` int(10) DEFAULT NULL,
  `NUM_NF` varchar(20) DEFAULT NULL,
  `NUM_IMPRESSOES` int(10) DEFAULT NULL,
  `COD_CONTRATO` int(11) DEFAULT NULL,
  `SYS_DT_CRIACAO` datetime DEFAULT NULL,
  `SYS_COD_USER_CRIACAO` varchar(120) DEFAULT NULL,
  `SYS_DT_ULT_LCTO` datetime DEFAULT NULL,
  `SYS_COD_USER_ULT_LCTO` varchar(120) DEFAULT NULL,
  `SYS_DT_CANCEL` datetime DEFAULT NULL,
  `SYS_COD_USER_CANCEL` varchar(120) DEFAULT NULL,
  `SYS_DT_ALTERACAO` datetime DEFAULT NULL,
  `SYS_COD_USER_ALTERACAO` varchar(120) DEFAULT NULL,
  `COD_MIGRACAO` int(11) DEFAULT NULL,
  `ARQUIVO_ANEXO` varchar(250) DEFAULT NULL,
  `MARCA_NFE` varchar(20) DEFAULT NULL,
  `VLR_CONTA_ORIG` double(15,3) DEFAULT NULL,
  PRIMARY KEY (`COD_CONTA_PAGAR_RECEBER`),
  KEY `COD_CENTRO_CUSTO` (`COD_CENTRO_CUSTO`),
  KEY `COD_CONTA` (`COD_CONTA`),
  KEY `COD_GRUPO` (`COD_GRUPO`),
  KEY `COD_PLANO_CONTA` (`COD_PLANO_CONTA`),
  KEY `CODIGO` (`CODIGO`),
  KEY `NUM_NF` (`NUM_NF`),
  KEY `SITUACAO` (`SITUACAO`),
  KEY `TIPO` (`TIPO`),
  KEY `DT_VCTO` (`DT_VCTO`) USING BTREE
) ENGINE=InnoDB AUTO_INCREMENT=1474 DEFAULT CHARSET=utf8;

--
-- Dumping data for table `fin_conta_pagar_receber`
--

/*!40000 ALTER TABLE `fin_conta_pagar_receber` DISABLE KEYS */;
INSERT INTO `fin_conta_pagar_receber` (`COD_CONTA_PAGAR_RECEBER`,`PAGAR_RECEBER`,`COD_GRUPO`,`TIPO`,`CODIGO`,`COD_CONTA`,`COD_PLANO_CONTA`,`COD_CENTRO_CUSTO`,`DT_EMISSAO`,`DT_VCTO`,`VLR_CONTA`,`HISTORICO`,`TIPO_DOCUMENTO`,`NUM_DOCUMENTO`,`OBS`,`EXTRA`,`SITUACAO`,`COD_NF`,`NUM_NF`,`NUM_IMPRESSOES`,`COD_CONTRATO`,`SYS_DT_CRIACAO`,`SYS_COD_USER_CRIACAO`,`SYS_DT_ULT_LCTO`,`SYS_COD_USER_ULT_LCTO`,`SYS_DT_CANCEL`,`SYS_COD_USER_CANCEL`,`SYS_DT_ALTERACAO`,`SYS_COD_USER_ALTERACAO`,`COD_MIGRACAO`,`ARQUIVO_ANEXO`,`MARCA_NFE`,`VLR_CONTA_ORIG`) VALUES 
 (1314,1,'6YILT','ENT_FORNECEDOR',260,1,482,2,'2015-07-21 00:00:00','2016-01-16 00:00:00',623.62000,'MOTO','BOLETO','321521558 (parc 1/30)','',NULL,'LCTO_TOTAL',NULL,'',NULL,NULL,'2016-02-29 23:16:03','aless','2016-03-01 01:33:05','aless',NULL,NULL,NULL,NULL,NULL,'','SEM_NFE',623.620),
 (1315,1,'6YILT','ENT_FORNECEDOR',260,1,482,2,'2015-07-21 00:00:00','2016-02-16 00:00:00',623.62000,'MOTO','BOLETO','321521558 (parc 2/30)','',NULL,'ABERTA',NULL,NULL,NULL,NULL,'2016-02-29 23:16:03','aless',NULL,NULL,NULL,NULL,NULL,NULL,NULL,'','SEM_NFE',623.620),
 (1316,1,'6YILT','ENT_FORNECEDOR',260,1,482,2,'2015-07-21 00:00:00','2016-03-16 00:00:00',623.62000,'MOTO','BOLETO','321521558 (parc 3/30)','',NULL,'ABERTA',NULL,NULL,NULL,NULL,'2016-02-29 23:16:03','aless',NULL,NULL,NULL,NULL,NULL,NULL,NULL,'','SEM_NFE',623.620),
 (1317,1,'6YILT','ENT_FORNECEDOR',260,1,482,2,'2015-07-21 00:00:00','2016-04-16 00:00:00',623.62000,'MOTO','BOLETO','321521558 (parc 4/30)','',NULL,'ABERTA',NULL,NULL,NULL,NULL,'2016-02-29 23:16:03','aless',NULL,NULL,NULL,NULL,NULL,NULL,NULL,'','SEM_NFE',623.620),
 (1318,1,'6YILT','ENT_FORNECEDOR',260,1,482,2,'2015-07-21 00:00:00','2016-05-16 00:00:00',623.62000,'MOTO','BOLETO','321521558 (parc 5/30)','',NULL,'ABERTA',NULL,NULL,NULL,NULL,'2016-02-29 23:16:03','aless',NULL,NULL,NULL,NULL,NULL,NULL,NULL,'','SEM_NFE',623.620),
 (1319,1,'6YILT','ENT_FORNECEDOR',260,1,482,2,'2015-07-21 00:00:00','2016-06-16 00:00:00',623.62000,'MOTO','BOLETO','321521558 (parc 6/30)','',NULL,'ABERTA',NULL,NULL,NULL,NULL,'2016-02-29 23:16:03','aless',NULL,NULL,NULL,NULL,NULL,NULL,NULL,'','SEM_NFE',623.620),
 (1320,1,'6YILT','ENT_FORNECEDOR',260,1,482,2,'2015-07-21 00:00:00','2016-07-16 00:00:00',623.62000,'MOTO','BOLETO','321521558 (parc 7/30)','',NULL,'ABERTA',NULL,NULL,NULL,NULL,'2016-02-29 23:16:03','aless',NULL,NULL,NULL,NULL,NULL,NULL,NULL,'','SEM_NFE',623.620),
 (1321,1,'6YILT','ENT_FORNECEDOR',260,1,482,2,'2015-07-21 00:00:00','2016-08-16 00:00:00',623.62000,'MOTO','BOLETO','321521558 (parc 8/30)','',NULL,'ABERTA',NULL,NULL,NULL,NULL,'2016-02-29 23:16:03','aless',NULL,NULL,NULL,NULL,NULL,NULL,NULL,'','SEM_NFE',623.620),
 (1322,1,'6YILT','ENT_FORNECEDOR',260,1,482,2,'2015-07-21 00:00:00','2016-09-16 00:00:00',623.62000,'MOTO','BOLETO','321521558 (parc 9/30)','',NULL,'ABERTA',NULL,NULL,NULL,NULL,'2016-02-29 23:16:03','aless',NULL,NULL,NULL,NULL,NULL,NULL,NULL,'','SEM_NFE',623.620),
 (1323,1,'6YILT','ENT_FORNECEDOR',260,1,482,2,'2015-07-21 00:00:00','2016-10-16 00:00:00',623.62000,'MOTO','BOLETO','321521558 (parc 10/30)','',NULL,'ABERTA',NULL,NULL,NULL,NULL,'2016-02-29 23:16:03','aless',NULL,NULL,NULL,NULL,NULL,NULL,NULL,'','SEM_NFE',623.620),
 (1324,1,'6YILT','ENT_FORNECEDOR',260,1,482,2,'2015-07-21 00:00:00','2016-11-16 00:00:00',623.62000,'MOTO','BOLETO','321521558 (parc 11/30)','',NULL,'ABERTA',NULL,NULL,NULL,NULL,'2016-02-29 23:16:03','aless',NULL,NULL,NULL,NULL,NULL,NULL,NULL,'','SEM_NFE',623.620),
 (1325,1,'6YILT','ENT_FORNECEDOR',260,1,482,2,'2015-07-21 00:00:00','2016-12-16 00:00:00',623.62000,'MOTO','BOLETO','321521558 (parc 12/30)','',NULL,'ABERTA',NULL,NULL,NULL,NULL,'2016-02-29 23:16:03','aless',NULL,NULL,NULL,NULL,NULL,NULL,NULL,'','SEM_NFE',623.620),
 (1326,1,'6YILT','ENT_FORNECEDOR',260,1,482,2,'2015-07-21 00:00:00','2017-01-16 00:00:00',623.62000,'MOTO','BOLETO','321521558 (parc 13/30)','',NULL,'ABERTA',NULL,NULL,NULL,NULL,'2016-02-29 23:16:03','aless',NULL,NULL,NULL,NULL,NULL,NULL,NULL,'','SEM_NFE',623.620),
 (1327,1,'6YILT','ENT_FORNECEDOR',260,1,482,2,'2015-07-21 00:00:00','2017-02-16 00:00:00',623.62000,'MOTO','BOLETO','321521558 (parc 14/30)','',NULL,'ABERTA',NULL,NULL,NULL,NULL,'2016-02-29 23:16:03','aless',NULL,NULL,NULL,NULL,NULL,NULL,NULL,'','SEM_NFE',623.620),
 (1328,1,'6YILT','ENT_FORNECEDOR',260,1,482,2,'2015-07-21 00:00:00','2017-03-16 00:00:00',623.62000,'MOTO','BOLETO','321521558 (parc 15/30)','',NULL,'ABERTA',NULL,NULL,NULL,NULL,'2016-02-29 23:16:03','aless',NULL,NULL,NULL,NULL,NULL,NULL,NULL,'','SEM_NFE',623.620),
 (1329,1,'6YILT','ENT_FORNECEDOR',260,1,482,2,'2015-07-21 00:00:00','2017-04-16 00:00:00',623.62000,'MOTO','BOLETO','321521558 (parc 16/30)','',NULL,'ABERTA',NULL,NULL,NULL,NULL,'2016-02-29 23:16:03','aless',NULL,NULL,NULL,NULL,NULL,NULL,NULL,'','SEM_NFE',623.620),
 (1330,1,'6YILT','ENT_FORNECEDOR',260,1,482,2,'2015-07-21 00:00:00','2017-05-16 00:00:00',623.62000,'MOTO','BOLETO','321521558 (parc 17/30)','',NULL,'ABERTA',NULL,NULL,NULL,NULL,'2016-02-29 23:16:03','aless',NULL,NULL,NULL,NULL,NULL,NULL,NULL,'','SEM_NFE',623.620),
 (1331,1,'6YILT','ENT_FORNECEDOR',260,1,482,2,'2015-07-21 00:00:00','2017-06-16 00:00:00',623.62000,'MOTO','BOLETO','321521558 (parc 18/30)','',NULL,'ABERTA',NULL,NULL,NULL,NULL,'2016-02-29 23:16:03','aless',NULL,NULL,NULL,NULL,NULL,NULL,NULL,'','SEM_NFE',623.620),
 (1332,1,'6YILT','ENT_FORNECEDOR',260,1,482,2,'2015-07-21 00:00:00','2017-07-16 00:00:00',623.62000,'MOTO','BOLETO','321521558 (parc 19/30)','',NULL,'ABERTA',NULL,NULL,NULL,NULL,'2016-02-29 23:16:03','aless',NULL,NULL,NULL,NULL,NULL,NULL,NULL,'','SEM_NFE',623.620),
 (1333,1,'6YILT','ENT_FORNECEDOR',260,1,482,2,'2015-07-21 00:00:00','2017-08-16 00:00:00',623.62000,'MOTO','BOLETO','321521558 (parc 20/30)','',NULL,'ABERTA',NULL,NULL,NULL,NULL,'2016-02-29 23:16:03','aless',NULL,NULL,NULL,NULL,NULL,NULL,NULL,'','SEM_NFE',623.620),
 (1334,1,'6YILT','ENT_FORNECEDOR',260,1,482,2,'2015-07-21 00:00:00','2017-09-16 00:00:00',623.62000,'MOTO','BOLETO','321521558 (parc 21/30)','',NULL,'ABERTA',NULL,NULL,NULL,NULL,'2016-02-29 23:16:03','aless',NULL,NULL,NULL,NULL,NULL,NULL,NULL,'','SEM_NFE',623.620),
 (1335,1,'6YILT','ENT_FORNECEDOR',260,1,482,2,'2015-07-21 00:00:00','2017-10-16 00:00:00',623.62000,'MOTO','BOLETO','321521558 (parc 22/30)','',NULL,'ABERTA',NULL,NULL,NULL,NULL,'2016-02-29 23:16:03','aless',NULL,NULL,NULL,NULL,NULL,NULL,NULL,'','SEM_NFE',623.620),
 (1336,1,'6YILT','ENT_FORNECEDOR',260,1,482,2,'2015-07-21 00:00:00','2017-11-16 00:00:00',623.62000,'MOTO','BOLETO','321521558 (parc 23/30)','',NULL,'ABERTA',NULL,NULL,NULL,NULL,'2016-02-29 23:16:03','aless',NULL,NULL,NULL,NULL,NULL,NULL,NULL,'','SEM_NFE',623.620),
 (1337,1,'6YILT','ENT_FORNECEDOR',260,1,482,2,'2015-07-21 00:00:00','2017-12-16 00:00:00',623.62000,'MOTO','BOLETO','321521558 (parc 24/30)','',NULL,'ABERTA',NULL,NULL,NULL,NULL,'2016-02-29 23:16:03','aless',NULL,NULL,NULL,NULL,NULL,NULL,NULL,'','SEM_NFE',623.620),
 (1338,1,'6YILT','ENT_FORNECEDOR',260,1,482,2,'2015-07-21 00:00:00','2018-01-16 00:00:00',623.62000,'MOTO','BOLETO','321521558 (parc 25/30)','',NULL,'ABERTA',NULL,NULL,NULL,NULL,'2016-02-29 23:16:03','aless',NULL,NULL,NULL,NULL,NULL,NULL,NULL,'','SEM_NFE',623.620),
 (1339,1,'6YILT','ENT_FORNECEDOR',260,1,482,2,'2015-07-21 00:00:00','2018-02-16 00:00:00',623.62000,'MOTO','BOLETO','321521558 (parc 26/30)','',NULL,'ABERTA',NULL,NULL,NULL,NULL,'2016-02-29 23:16:03','aless',NULL,NULL,NULL,NULL,NULL,NULL,NULL,'','SEM_NFE',623.620),
 (1340,1,'6YILT','ENT_FORNECEDOR',260,1,482,2,'2015-07-21 00:00:00','2018-03-16 00:00:00',623.62000,'MOTO','BOLETO','321521558 (parc 27/30)','',NULL,'ABERTA',NULL,NULL,NULL,NULL,'2016-02-29 23:16:03','aless',NULL,NULL,NULL,NULL,NULL,NULL,NULL,'','SEM_NFE',623.620),
 (1341,1,'6YILT','ENT_FORNECEDOR',260,1,482,2,'2015-07-21 00:00:00','2018-04-16 00:00:00',623.62000,'MOTO','BOLETO','321521558 (parc 28/30)','',NULL,'ABERTA',NULL,NULL,NULL,NULL,'2016-02-29 23:16:03','aless',NULL,NULL,NULL,NULL,NULL,NULL,NULL,'','SEM_NFE',623.620),
 (1342,1,'6YILT','ENT_FORNECEDOR',260,1,482,2,'2015-07-21 00:00:00','2018-05-16 00:00:00',623.62000,'MOTO','BOLETO','321521558 (parc 29/30)','',NULL,'ABERTA',NULL,NULL,NULL,NULL,'2016-02-29 23:16:03','aless',NULL,NULL,NULL,NULL,NULL,NULL,NULL,'','SEM_NFE',623.620),
 (1343,1,'6YILT','ENT_FORNECEDOR',260,1,482,2,'2015-07-21 00:00:00','2018-06-16 00:00:00',623.62000,'MOTO','BOLETO','321521558 (parc 30/30)','',NULL,'ABERTA',NULL,NULL,NULL,NULL,'2016-02-29 23:16:03','aless',NULL,NULL,NULL,NULL,NULL,NULL,NULL,'','SEM_NFE',623.620),
 (1345,1,'16INM','ENT_FORNECEDOR',7,1,470,2,'2016-01-01 00:00:00','2016-02-01 00:00:00',110.00000,'CEEE','BOLETO','44589042 (parc 2/12)','',NULL,'LCTO_TOTAL',NULL,NULL,NULL,NULL,'2016-02-29 23:20:42','aless','2016-03-05 15:43:37','aless',NULL,NULL,NULL,NULL,NULL,'','SEM_NFE',110.000),
 (1347,1,'16INM','ENT_FORNECEDOR',7,1,470,2,'2016-01-01 00:00:00','2016-04-01 00:00:00',110.00000,'CEEE','BOLETO','44589042 (parc 4/12)','',NULL,'ABERTA',NULL,NULL,NULL,NULL,'2016-02-29 23:20:42','aless',NULL,NULL,NULL,NULL,NULL,NULL,NULL,'','SEM_NFE',110.000),
 (1348,1,'16INM','ENT_FORNECEDOR',7,1,470,2,'2016-01-01 00:00:00','2016-05-01 00:00:00',110.00000,'CEEE','BOLETO','44589042 (parc 5/12)','',NULL,'ABERTA',NULL,NULL,NULL,NULL,'2016-02-29 23:20:42','aless',NULL,NULL,NULL,NULL,NULL,NULL,NULL,'','SEM_NFE',110.000),
 (1349,1,'16INM','ENT_FORNECEDOR',7,1,470,2,'2016-01-01 00:00:00','2016-06-01 00:00:00',110.00000,'CEEE','BOLETO','44589042 (parc 6/12)','',NULL,'ABERTA',NULL,NULL,NULL,NULL,'2016-02-29 23:20:42','aless',NULL,NULL,NULL,NULL,NULL,NULL,NULL,'','SEM_NFE',110.000),
 (1350,1,'16INM','ENT_FORNECEDOR',7,1,470,2,'2016-01-01 00:00:00','2016-07-01 00:00:00',110.00000,'CEEE','BOLETO','44589042 (parc 7/12)','',NULL,'ABERTA',NULL,NULL,NULL,NULL,'2016-02-29 23:20:42','aless',NULL,NULL,NULL,NULL,NULL,NULL,NULL,'','SEM_NFE',110.000),
 (1351,1,'16INM','ENT_FORNECEDOR',7,1,470,2,'2016-01-01 00:00:00','2016-08-01 00:00:00',110.00000,'CEEE','BOLETO','44589042 (parc 8/12)','',NULL,'ABERTA',NULL,NULL,NULL,NULL,'2016-02-29 23:20:42','aless',NULL,NULL,NULL,NULL,NULL,NULL,NULL,'','SEM_NFE',110.000),
 (1352,1,'16INM','ENT_FORNECEDOR',7,1,470,2,'2016-01-01 00:00:00','2016-09-01 00:00:00',110.00000,'CEEE','BOLETO','44589042 (parc 9/12)','',NULL,'ABERTA',NULL,NULL,NULL,NULL,'2016-02-29 23:20:42','aless',NULL,NULL,NULL,NULL,NULL,NULL,NULL,'','SEM_NFE',110.000),
 (1353,1,'16INM','ENT_FORNECEDOR',7,1,470,2,'2016-01-01 00:00:00','2016-10-01 00:00:00',110.00000,'CEEE','BOLETO','44589042 (parc 10/12)','',NULL,'ABERTA',NULL,NULL,NULL,NULL,'2016-02-29 23:20:42','aless',NULL,NULL,NULL,NULL,NULL,NULL,NULL,'','SEM_NFE',110.000),
 (1354,1,'16INM','ENT_FORNECEDOR',7,1,470,2,'2016-01-01 00:00:00','2016-11-01 00:00:00',110.00000,'CEEE','BOLETO','44589042 (parc 11/12)','',NULL,'ABERTA',NULL,NULL,NULL,NULL,'2016-02-29 23:20:42','aless',NULL,NULL,NULL,NULL,NULL,NULL,NULL,'','SEM_NFE',110.000),
 (1355,1,'16INM','ENT_FORNECEDOR',7,1,470,2,'2016-01-01 00:00:00','2016-12-01 00:00:00',110.00000,'CEEE','BOLETO','44589042 (parc 12/12)','',NULL,'ABERTA',NULL,NULL,NULL,NULL,'2016-02-29 23:20:42','aless',NULL,NULL,NULL,NULL,NULL,NULL,NULL,'','SEM_NFE',110.000),
 (1356,1,'L9WKB','ENT_FORNECEDOR',34,1,525,2,'2016-01-03 00:00:00','2016-01-25 00:00:00',200.00000,'CAPTADOR 59','BOLETO','CAPWAYNER (parc 1/2)','',NULL,'LCTO_TOTAL',NULL,'',NULL,NULL,'2016-02-29 23:23:49','aless','2016-03-01 02:24:14','aless',NULL,NULL,'2016-03-01 02:23:23','aless',NULL,'','SEM_NFE',200.000),
 (1357,1,'L9WKB','ENT_FORNECEDOR',34,1,525,2,'2016-01-03 00:00:00','2016-02-25 00:00:00',200.00000,'CAPTADOR 59','BOLETO','CAPWAYNER (parc 2/2)','',NULL,'ABERTA',NULL,NULL,NULL,NULL,'2016-02-29 23:23:49','aless',NULL,NULL,NULL,NULL,'2016-03-01 02:23:03','aless',NULL,'','SEM_NFE',200.000),
 (1358,1,'','ENT_FORNECEDOR',34,1,525,2,'2016-02-28 00:00:00','2016-02-28 00:00:00',130.00000,'REGULAGEM','BOLETO','WAYNER','Regulagem das guitarras: Sofia, SG e Tagima',NULL,'ABERTA',NULL,'',NULL,NULL,'2016-02-29 23:25:55','aless',NULL,NULL,NULL,NULL,NULL,NULL,NULL,'','SEM_NFE',130.000),
 (1359,1,'N8N60','ENT_FORNECEDOR',114,1,470,2,'2016-01-01 00:00:00','2016-01-10 00:00:00',85.20000,'NETVIRTUA','BOLETO','NETVIRTUA (parc 1/12)','',NULL,'LCTO_TOTAL',NULL,'',NULL,NULL,'2016-02-29 23:27:44','aless','2016-03-01 00:37:57','aless',NULL,NULL,NULL,NULL,NULL,'','SEM_NFE',85.200),
 (1360,1,'N8N60','ENT_FORNECEDOR',114,1,470,2,'2016-01-01 00:00:00','2016-02-10 00:00:00',85.20000,'NETVIRTUA','BOLETO','NETVIRTUA (parc 2/12)','',NULL,'ABERTA',NULL,NULL,NULL,NULL,'2016-02-29 23:27:44','aless',NULL,NULL,NULL,NULL,NULL,NULL,NULL,'','SEM_NFE',85.200),
 (1361,1,'N8N60','ENT_FORNECEDOR',114,1,470,2,'2016-01-01 00:00:00','2016-03-10 00:00:00',85.20000,'NETVIRTUA','BOLETO','NETVIRTUA (parc 3/12)','',NULL,'ABERTA',NULL,NULL,NULL,NULL,'2016-02-29 23:27:44','aless',NULL,NULL,NULL,NULL,'2016-03-01 00:37:30','aless',NULL,'','SEM_NFE',85.200),
 (1362,1,'N8N60','ENT_FORNECEDOR',114,1,470,2,'2016-01-01 00:00:00','2016-04-10 00:00:00',85.20000,'NETVIRTUA','BOLETO','NETVIRTUA (parc 4/12)','',NULL,'ABERTA',NULL,NULL,NULL,NULL,'2016-02-29 23:27:44','aless',NULL,NULL,NULL,NULL,NULL,NULL,NULL,'','SEM_NFE',85.200),
 (1363,1,'N8N60','ENT_FORNECEDOR',114,1,470,2,'2016-01-01 00:00:00','2016-05-10 00:00:00',85.20000,'NETVIRTUA','BOLETO','NETVIRTUA (parc 5/12)','',NULL,'ABERTA',NULL,NULL,NULL,NULL,'2016-02-29 23:27:44','aless',NULL,NULL,NULL,NULL,NULL,NULL,NULL,'','SEM_NFE',85.200),
 (1364,1,'N8N60','ENT_FORNECEDOR',114,1,470,2,'2016-01-01 00:00:00','2016-06-10 00:00:00',85.20000,'NETVIRTUA','BOLETO','NETVIRTUA (parc 6/12)','',NULL,'ABERTA',NULL,NULL,NULL,NULL,'2016-02-29 23:27:44','aless',NULL,NULL,NULL,NULL,NULL,NULL,NULL,'','SEM_NFE',85.200),
 (1365,1,'N8N60','ENT_FORNECEDOR',114,1,470,2,'2016-01-01 00:00:00','2016-07-10 00:00:00',85.20000,'NETVIRTUA','BOLETO','NETVIRTUA (parc 7/12)','',NULL,'ABERTA',NULL,NULL,NULL,NULL,'2016-02-29 23:27:44','aless',NULL,NULL,NULL,NULL,NULL,NULL,NULL,'','SEM_NFE',85.200),
 (1366,1,'N8N60','ENT_FORNECEDOR',114,1,470,2,'2016-01-01 00:00:00','2016-08-10 00:00:00',85.20000,'NETVIRTUA','BOLETO','NETVIRTUA (parc 8/12)','',NULL,'ABERTA',NULL,NULL,NULL,NULL,'2016-02-29 23:27:44','aless',NULL,NULL,NULL,NULL,NULL,NULL,NULL,'','SEM_NFE',85.200),
 (1367,1,'N8N60','ENT_FORNECEDOR',114,1,470,2,'2016-01-01 00:00:00','2016-09-10 00:00:00',85.20000,'NETVIRTUA','BOLETO','NETVIRTUA (parc 9/12)','',NULL,'ABERTA',NULL,NULL,NULL,NULL,'2016-02-29 23:27:44','aless',NULL,NULL,NULL,NULL,NULL,NULL,NULL,'','SEM_NFE',85.200),
 (1368,1,'N8N60','ENT_FORNECEDOR',114,1,470,2,'2016-01-01 00:00:00','2016-10-10 00:00:00',85.20000,'NETVIRTUA','BOLETO','NETVIRTUA (parc 10/12)','',NULL,'ABERTA',NULL,NULL,NULL,NULL,'2016-02-29 23:27:44','aless',NULL,NULL,NULL,NULL,NULL,NULL,NULL,'','SEM_NFE',85.200),
 (1369,1,'N8N60','ENT_FORNECEDOR',114,1,470,2,'2016-01-01 00:00:00','2016-11-10 00:00:00',85.20000,'NETVIRTUA','BOLETO','NETVIRTUA (parc 11/12)','',NULL,'ABERTA',NULL,NULL,NULL,NULL,'2016-02-29 23:27:44','aless',NULL,NULL,NULL,NULL,NULL,NULL,NULL,'','SEM_NFE',85.200),
 (1370,1,'N8N60','ENT_FORNECEDOR',114,1,470,2,'2016-01-01 00:00:00','2016-12-10 00:00:00',85.20000,'NETVIRTUA','BOLETO','NETVIRTUA (parc 12/12)','',NULL,'ABERTA',NULL,NULL,NULL,NULL,'2016-02-29 23:27:44','aless',NULL,NULL,NULL,NULL,NULL,NULL,NULL,'','SEM_NFE',85.200),
 (1371,1,'','ENT_FORNECEDOR',46,1,522,2,'2016-01-15 00:00:00','2016-01-25 00:00:00',590.87000,'BOURBON-JAN','BOLETO','BOURBON-JAN','',NULL,'LCTO_TOTAL',NULL,'',NULL,NULL,'2016-02-29 23:30:25','aless','2016-03-01 01:56:07','aless',NULL,NULL,'2016-03-01 01:55:44','aless',NULL,'','SEM_NFE',590.870),
 (1372,1,'','ENT_FORNECEDOR',261,1,480,2,'2016-01-18 00:00:00','2016-02-16 00:00:00',105.00000,'HCPA-CONCURSO','BOLETO','205910-9','',NULL,'LCTO_TOTAL',NULL,'',NULL,NULL,'2016-02-29 23:33:01','aless','2016-03-01 01:43:46','aless',NULL,NULL,NULL,NULL,NULL,'','SEM_NFE',105.000),
 (1373,1,'2TCUR','ENT_FORNECEDOR',87,1,471,2,'2016-01-01 00:00:00','2016-01-10 00:00:00',344.18000,'CONDOMINIO','BOLETO','PROMARK (parc 1/12)','',NULL,'LCTO_TOTAL',NULL,'',NULL,NULL,'2016-02-29 23:35:13','aless','2016-03-01 00:50:05','aless',NULL,NULL,NULL,NULL,NULL,'','SEM_NFE',344.180),
 (1374,1,'2TCUR','ENT_FORNECEDOR',87,1,471,2,'2016-01-01 00:00:00','2016-02-10 00:00:00',344.18000,'CONDOMINIO','BOLETO','PROMARK (parc 2/12)','',NULL,'ABERTA',NULL,NULL,NULL,NULL,'2016-02-29 23:35:13','aless',NULL,NULL,NULL,NULL,NULL,NULL,NULL,'','SEM_NFE',344.180),
 (1375,1,'2TCUR','ENT_FORNECEDOR',87,1,471,2,'2016-01-01 00:00:00','2016-03-10 00:00:00',344.18000,'CONDOMINIO','BOLETO','PROMARK (parc 3/12)','',NULL,'ABERTA',NULL,NULL,NULL,NULL,'2016-02-29 23:35:13','aless',NULL,NULL,NULL,NULL,NULL,NULL,NULL,'','SEM_NFE',344.180),
 (1376,1,'2TCUR','ENT_FORNECEDOR',87,1,471,2,'2016-01-01 00:00:00','2016-04-10 00:00:00',344.18000,'CONDOMINIO','BOLETO','PROMARK (parc 4/12)','',NULL,'ABERTA',NULL,NULL,NULL,NULL,'2016-02-29 23:35:13','aless',NULL,NULL,NULL,NULL,NULL,NULL,NULL,'','SEM_NFE',344.180),
 (1377,1,'2TCUR','ENT_FORNECEDOR',87,1,471,2,'2016-01-01 00:00:00','2016-05-10 00:00:00',344.18000,'CONDOMINIO','BOLETO','PROMARK (parc 5/12)','',NULL,'ABERTA',NULL,NULL,NULL,NULL,'2016-02-29 23:35:13','aless',NULL,NULL,NULL,NULL,NULL,NULL,NULL,'','SEM_NFE',344.180),
 (1378,1,'2TCUR','ENT_FORNECEDOR',87,1,471,2,'2016-01-01 00:00:00','2016-06-10 00:00:00',344.18000,'CONDOMINIO','BOLETO','PROMARK (parc 6/12)','',NULL,'ABERTA',NULL,NULL,NULL,NULL,'2016-02-29 23:35:13','aless',NULL,NULL,NULL,NULL,NULL,NULL,NULL,'','SEM_NFE',344.180),
 (1379,1,'2TCUR','ENT_FORNECEDOR',87,1,471,2,'2016-01-01 00:00:00','2016-07-10 00:00:00',344.18000,'CONDOMINIO','BOLETO','PROMARK (parc 7/12)','',NULL,'ABERTA',NULL,NULL,NULL,NULL,'2016-02-29 23:35:13','aless',NULL,NULL,NULL,NULL,NULL,NULL,NULL,'','SEM_NFE',344.180),
 (1380,1,'2TCUR','ENT_FORNECEDOR',87,1,471,2,'2016-01-01 00:00:00','2016-08-10 00:00:00',344.18000,'CONDOMINIO','BOLETO','PROMARK (parc 8/12)','',NULL,'ABERTA',NULL,NULL,NULL,NULL,'2016-02-29 23:35:13','aless',NULL,NULL,NULL,NULL,NULL,NULL,NULL,'','SEM_NFE',344.180),
 (1381,1,'2TCUR','ENT_FORNECEDOR',87,1,471,2,'2016-01-01 00:00:00','2016-09-10 00:00:00',344.18000,'CONDOMINIO','BOLETO','PROMARK (parc 9/12)','',NULL,'ABERTA',NULL,NULL,NULL,NULL,'2016-02-29 23:35:13','aless',NULL,NULL,NULL,NULL,NULL,NULL,NULL,'','SEM_NFE',344.180),
 (1382,1,'2TCUR','ENT_FORNECEDOR',87,1,471,2,'2016-01-01 00:00:00','2016-10-10 00:00:00',344.18000,'CONDOMINIO','BOLETO','PROMARK (parc 10/12)','',NULL,'ABERTA',NULL,NULL,NULL,NULL,'2016-02-29 23:35:13','aless',NULL,NULL,NULL,NULL,NULL,NULL,NULL,'','SEM_NFE',344.180),
 (1383,1,'2TCUR','ENT_FORNECEDOR',87,1,471,2,'2016-01-01 00:00:00','2016-11-10 00:00:00',344.18000,'CONDOMINIO','BOLETO','PROMARK (parc 11/12)','',NULL,'ABERTA',NULL,NULL,NULL,NULL,'2016-02-29 23:35:13','aless',NULL,NULL,NULL,NULL,NULL,NULL,NULL,'','SEM_NFE',344.180),
 (1384,1,'2TCUR','ENT_FORNECEDOR',87,1,471,2,'2016-01-01 00:00:00','2016-12-10 00:00:00',344.18000,'CONDOMINIO','BOLETO','PROMARK (parc 12/12)','',NULL,'ABERTA',NULL,NULL,NULL,NULL,'2016-02-29 23:35:13','aless',NULL,NULL,NULL,NULL,NULL,NULL,NULL,'','SEM_NFE',344.180),
 (1385,1,'3OUXR','ENT_FORNECEDOR',18,1,479,2,'2016-01-01 00:00:00','2016-01-10 00:00:00',80.00000,'CLARO','BOLETO','CLARO (parc 1/12)','',NULL,'LCTO_TOTAL',NULL,'',NULL,NULL,'2016-02-29 23:37:01','aless','2016-03-01 00:52:16','aless',NULL,NULL,NULL,NULL,NULL,'','SEM_NFE',80.000),
 (1386,1,'3OUXR','ENT_FORNECEDOR',18,1,479,2,'2016-01-01 00:00:00','2016-02-10 00:00:00',80.00000,'CLARO','BOLETO','CLARO (parc 2/12)','',NULL,'ABERTA',NULL,NULL,NULL,NULL,'2016-02-29 23:37:01','aless',NULL,NULL,NULL,NULL,NULL,NULL,NULL,'','SEM_NFE',80.000),
 (1387,1,'3OUXR','ENT_FORNECEDOR',18,1,479,2,'2016-01-01 00:00:00','2016-03-10 00:00:00',80.00000,'CLARO','BOLETO','CLARO (parc 3/12)','',NULL,'ABERTA',NULL,NULL,NULL,NULL,'2016-02-29 23:37:01','aless',NULL,NULL,NULL,NULL,NULL,NULL,NULL,'','SEM_NFE',80.000),
 (1388,1,'3OUXR','ENT_FORNECEDOR',18,1,479,2,'2016-01-01 00:00:00','2016-04-10 00:00:00',80.00000,'CLARO','BOLETO','CLARO (parc 4/12)','',NULL,'ABERTA',NULL,NULL,NULL,NULL,'2016-02-29 23:37:01','aless',NULL,NULL,NULL,NULL,NULL,NULL,NULL,'','SEM_NFE',80.000),
 (1389,1,'3OUXR','ENT_FORNECEDOR',18,1,479,2,'2016-01-01 00:00:00','2016-05-10 00:00:00',80.00000,'CLARO','BOLETO','CLARO (parc 5/12)','',NULL,'ABERTA',NULL,NULL,NULL,NULL,'2016-02-29 23:37:01','aless',NULL,NULL,NULL,NULL,NULL,NULL,NULL,'','SEM_NFE',80.000),
 (1390,1,'3OUXR','ENT_FORNECEDOR',18,1,479,2,'2016-01-01 00:00:00','2016-06-10 00:00:00',80.00000,'CLARO','BOLETO','CLARO (parc 6/12)','',NULL,'ABERTA',NULL,NULL,NULL,NULL,'2016-02-29 23:37:01','aless',NULL,NULL,NULL,NULL,NULL,NULL,NULL,'','SEM_NFE',80.000),
 (1391,1,'3OUXR','ENT_FORNECEDOR',18,1,479,2,'2016-01-01 00:00:00','2016-07-10 00:00:00',80.00000,'CLARO','BOLETO','CLARO (parc 7/12)','',NULL,'ABERTA',NULL,NULL,NULL,NULL,'2016-02-29 23:37:01','aless',NULL,NULL,NULL,NULL,NULL,NULL,NULL,'','SEM_NFE',80.000),
 (1392,1,'3OUXR','ENT_FORNECEDOR',18,1,479,2,'2016-01-01 00:00:00','2016-08-10 00:00:00',80.00000,'CLARO','BOLETO','CLARO (parc 8/12)','',NULL,'ABERTA',NULL,NULL,NULL,NULL,'2016-02-29 23:37:01','aless',NULL,NULL,NULL,NULL,NULL,NULL,NULL,'','SEM_NFE',80.000),
 (1393,1,'3OUXR','ENT_FORNECEDOR',18,1,479,2,'2016-01-01 00:00:00','2016-09-10 00:00:00',80.00000,'CLARO','BOLETO','CLARO (parc 9/12)','',NULL,'ABERTA',NULL,NULL,NULL,NULL,'2016-02-29 23:37:01','aless',NULL,NULL,NULL,NULL,NULL,NULL,NULL,'','SEM_NFE',80.000),
 (1394,1,'3OUXR','ENT_FORNECEDOR',18,1,479,2,'2016-01-01 00:00:00','2016-10-10 00:00:00',80.00000,'CLARO','BOLETO','CLARO (parc 10/12)','',NULL,'ABERTA',NULL,NULL,NULL,NULL,'2016-02-29 23:37:01','aless',NULL,NULL,NULL,NULL,NULL,NULL,NULL,'','SEM_NFE',80.000),
 (1395,1,'3OUXR','ENT_FORNECEDOR',18,1,479,2,'2016-01-01 00:00:00','2016-11-10 00:00:00',80.00000,'CLARO','BOLETO','CLARO (parc 11/12)','',NULL,'ABERTA',NULL,NULL,NULL,NULL,'2016-02-29 23:37:01','aless',NULL,NULL,NULL,NULL,NULL,NULL,NULL,'','SEM_NFE',80.000),
 (1396,1,'3OUXR','ENT_FORNECEDOR',18,1,479,2,'2016-01-01 00:00:00','2016-12-10 00:00:00',80.00000,'CLARO','BOLETO','CLARO (parc 12/12)','',NULL,'ABERTA',NULL,NULL,NULL,NULL,'2016-02-29 23:37:01','aless',NULL,NULL,NULL,NULL,NULL,NULL,NULL,'','SEM_NFE',80.000),
 (1398,1,'Y54AC','ENT_FORNECEDOR',174,2,475,2,'2016-01-15 00:00:00','2016-02-25 00:00:00',45.33000,'BACK in BLACK','BOLETO','BACKin (parc 2/2)','Shopping TOTAL - BACK in BLACK (3x 45,33 (duas camisetas)',NULL,'ABERTA',NULL,NULL,NULL,NULL,'2016-02-29 23:40:26','aless',NULL,NULL,NULL,NULL,NULL,NULL,NULL,'','SEM_NFE',45.330),
 (1400,1,'Y3PCK','ENT_FORNECEDOR',262,1,482,2,'2016-01-01 00:00:00','2016-01-14 00:00:00',745.00000,'ENTRADA MOTO','BOLETO','BIANSINI (parc 1/5)','Entrada da moto (10x) -iniciando na sexta',NULL,'LCTO_TOTAL',NULL,'',NULL,NULL,'2016-02-29 23:45:44','aless','2016-03-01 01:27:12','aless',NULL,NULL,NULL,NULL,NULL,'','SEM_NFE',745.000),
 (1401,1,'Y3PCK','ENT_FORNECEDOR',262,1,482,2,'2016-01-01 00:00:00','2016-02-14 00:00:00',745.00000,'ENTRADA MOTO','BOLETO','BIANSINI (parc 2/5)','Entrada da moto (10x) -iniciando na sexta',NULL,'ABERTA',NULL,NULL,NULL,NULL,'2016-02-29 23:45:44','aless',NULL,NULL,NULL,NULL,NULL,NULL,NULL,'','SEM_NFE',745.000),
 (1402,1,'Y3PCK','ENT_FORNECEDOR',262,1,482,2,'2016-01-01 00:00:00','2016-03-14 00:00:00',745.00000,'ENTRADA MOTO','BOLETO','BIANSINI (parc 3/5)','Entrada da moto (10x) -iniciando na sexta',NULL,'ABERTA',NULL,NULL,NULL,NULL,'2016-02-29 23:45:44','aless',NULL,NULL,NULL,NULL,NULL,NULL,NULL,'','SEM_NFE',745.000),
 (1403,1,'Y3PCK','ENT_FORNECEDOR',262,1,482,2,'2016-01-01 00:00:00','2016-04-14 00:00:00',745.00000,'ENTRADA MOTO','BOLETO','BIANSINI (parc 4/5)','Entrada da moto (10x) -iniciando na sexta',NULL,'ABERTA',NULL,NULL,NULL,NULL,'2016-02-29 23:45:44','aless',NULL,NULL,NULL,NULL,NULL,NULL,NULL,'','SEM_NFE',745.000),
 (1404,1,'Y3PCK','ENT_FORNECEDOR',262,1,482,2,'2016-01-01 00:00:00','2016-05-14 00:00:00',745.00000,'ENTRADA MOTO','BOLETO','BIANSINI (parc 5/5)','Entrada da moto (10x) -iniciando na sexta',NULL,'ABERTA',NULL,NULL,NULL,NULL,'2016-02-29 23:45:44','aless',NULL,NULL,NULL,NULL,NULL,NULL,NULL,'','SEM_NFE',745.000),
 (1405,1,'SM2GS','ENT_FORNECEDOR',146,1,503,2,'2016-01-04 00:00:00','2016-01-14 00:00:00',19.90000,'NETFLIX','BOLETO','NETFLIX (parc 1/12)','NETFLIX, cadastrado no Card VISA CITIBANK',NULL,'LCTO_TOTAL',NULL,'',NULL,NULL,'2016-02-29 23:48:44','aless','2016-03-01 00:55:11','aless',NULL,NULL,NULL,NULL,NULL,'','SEM_NFE',19.900),
 (1406,1,'SM2GS','ENT_FORNECEDOR',146,1,503,2,'2016-01-04 00:00:00','2016-02-14 00:00:00',19.90000,'NETFLIX','BOLETO','NETFLIX (parc 2/12)','NETFLIX, cadastrado no Card VISA CITIBANK',NULL,'ABERTA',NULL,NULL,NULL,NULL,'2016-02-29 23:48:44','aless',NULL,NULL,NULL,NULL,NULL,NULL,NULL,'','SEM_NFE',19.900),
 (1407,1,'SM2GS','ENT_FORNECEDOR',146,1,503,2,'2016-01-04 00:00:00','2016-03-14 00:00:00',19.90000,'NETFLIX','BOLETO','NETFLIX (parc 3/12)','NETFLIX, cadastrado no Card VISA CITIBANK',NULL,'ABERTA',NULL,NULL,NULL,NULL,'2016-02-29 23:48:44','aless',NULL,NULL,NULL,NULL,NULL,NULL,NULL,'','SEM_NFE',19.900),
 (1408,1,'SM2GS','ENT_FORNECEDOR',146,1,503,2,'2016-01-04 00:00:00','2016-04-14 00:00:00',19.90000,'NETFLIX','BOLETO','NETFLIX (parc 4/12)','NETFLIX, cadastrado no Card VISA CITIBANK',NULL,'ABERTA',NULL,NULL,NULL,NULL,'2016-02-29 23:48:44','aless',NULL,NULL,NULL,NULL,NULL,NULL,NULL,'','SEM_NFE',19.900),
 (1409,1,'SM2GS','ENT_FORNECEDOR',146,1,503,2,'2016-01-04 00:00:00','2016-05-14 00:00:00',19.90000,'NETFLIX','BOLETO','NETFLIX (parc 5/12)','NETFLIX, cadastrado no Card VISA CITIBANK',NULL,'ABERTA',NULL,NULL,NULL,NULL,'2016-02-29 23:48:44','aless',NULL,NULL,NULL,NULL,NULL,NULL,NULL,'','SEM_NFE',19.900),
 (1410,1,'SM2GS','ENT_FORNECEDOR',146,1,503,2,'2016-01-04 00:00:00','2016-06-14 00:00:00',19.90000,'NETFLIX','BOLETO','NETFLIX (parc 6/12)','NETFLIX, cadastrado no Card VISA CITIBANK',NULL,'ABERTA',NULL,NULL,NULL,NULL,'2016-02-29 23:48:44','aless',NULL,NULL,NULL,NULL,NULL,NULL,NULL,'','SEM_NFE',19.900),
 (1411,1,'SM2GS','ENT_FORNECEDOR',146,1,503,2,'2016-01-04 00:00:00','2016-07-14 00:00:00',19.90000,'NETFLIX','BOLETO','NETFLIX (parc 7/12)','NETFLIX, cadastrado no Card VISA CITIBANK',NULL,'ABERTA',NULL,NULL,NULL,NULL,'2016-02-29 23:48:44','aless',NULL,NULL,NULL,NULL,NULL,NULL,NULL,'','SEM_NFE',19.900),
 (1412,1,'SM2GS','ENT_FORNECEDOR',146,1,503,2,'2016-01-04 00:00:00','2016-08-14 00:00:00',19.90000,'NETFLIX','BOLETO','NETFLIX (parc 8/12)','NETFLIX, cadastrado no Card VISA CITIBANK',NULL,'ABERTA',NULL,NULL,NULL,NULL,'2016-02-29 23:48:44','aless',NULL,NULL,NULL,NULL,NULL,NULL,NULL,'','SEM_NFE',19.900),
 (1413,1,'SM2GS','ENT_FORNECEDOR',146,1,503,2,'2016-01-04 00:00:00','2016-09-14 00:00:00',19.90000,'NETFLIX','BOLETO','NETFLIX (parc 9/12)','NETFLIX, cadastrado no Card VISA CITIBANK',NULL,'ABERTA',NULL,NULL,NULL,NULL,'2016-02-29 23:48:44','aless',NULL,NULL,NULL,NULL,NULL,NULL,NULL,'','SEM_NFE',19.900),
 (1414,1,'SM2GS','ENT_FORNECEDOR',146,1,503,2,'2016-01-04 00:00:00','2016-10-14 00:00:00',19.90000,'NETFLIX','BOLETO','NETFLIX (parc 10/12)','NETFLIX, cadastrado no Card VISA CITIBANK',NULL,'ABERTA',NULL,NULL,NULL,NULL,'2016-02-29 23:48:44','aless',NULL,NULL,NULL,NULL,NULL,NULL,NULL,'','SEM_NFE',19.900),
 (1415,1,'SM2GS','ENT_FORNECEDOR',146,1,503,2,'2016-01-04 00:00:00','2016-11-14 00:00:00',19.90000,'NETFLIX','BOLETO','NETFLIX (parc 11/12)','NETFLIX, cadastrado no Card VISA CITIBANK',NULL,'ABERTA',NULL,NULL,NULL,NULL,'2016-02-29 23:48:44','aless',NULL,NULL,NULL,NULL,NULL,NULL,NULL,'','SEM_NFE',19.900),
 (1416,1,'SM2GS','ENT_FORNECEDOR',146,1,503,2,'2016-01-04 00:00:00','2016-12-14 00:00:00',19.90000,'NETFLIX','BOLETO','NETFLIX (parc 12/12)','NETFLIX, cadastrado no Card VISA CITIBANK',NULL,'ABERTA',NULL,NULL,NULL,NULL,'2016-02-29 23:48:44','aless',NULL,NULL,NULL,NULL,NULL,NULL,NULL,'','SEM_NFE',19.900),
 (1417,1,'','ENT_FORNECEDOR',166,1,525,2,'2016-01-04 00:00:00','2016-01-14 00:00:00',98.50000,'FASTSHOP 8de8','BOLETO','FASTSHOP','',NULL,'LCTO_TOTAL',NULL,'',NULL,NULL,'2016-02-29 23:50:15','aless','2016-03-01 00:54:02','aless',NULL,NULL,NULL,NULL,NULL,'','SEM_NFE',98.500),
 (1418,1,'','ENT_FORNECEDOR',139,1,525,2,'2016-01-04 00:00:00','2016-01-14 00:00:00',206.50000,'COLISEU 6de6','BOLETO','COLISEU','Óculos novos',NULL,'LCTO_TOTAL',NULL,'',NULL,NULL,'2016-02-29 23:52:19','aless','2016-03-01 00:54:18','aless',NULL,NULL,NULL,NULL,NULL,'','SEM_NFE',206.500),
 (1419,1,'KX4DV','ENT_FORNECEDOR',60,1,525,2,'2016-01-04 00:00:00','2016-01-11 00:00:00',101.85000,'MERCADO PAGO','BOLETO','ML (parc 1/7)','MercadoPAGO partindo de 6de12',NULL,'LCTO_TOTAL',NULL,'',NULL,NULL,'2016-03-01 00:01:31','aless','2016-03-01 01:01:17','aless',NULL,NULL,'2016-03-01 01:00:35','aless',NULL,'','SEM_NFE',101.850),
 (1420,1,'KX4DV','ENT_FORNECEDOR',60,1,525,2,'2016-01-04 00:00:00','2016-03-11 00:00:00',101.85000,'MERCADO PAGO','BOLETO','ML (parc 2/7)','MercadoPAGO partindo de 6de12',NULL,'ABERTA',NULL,NULL,NULL,NULL,'2016-03-01 00:01:31','aless',NULL,NULL,NULL,NULL,NULL,NULL,NULL,'','SEM_NFE',101.850),
 (1421,1,'KX4DV','ENT_FORNECEDOR',60,1,525,2,'2016-01-04 00:00:00','2016-04-11 00:00:00',101.85000,'MERCADO PAGO','BOLETO','ML (parc 3/7)','MercadoPAGO partindo de 6de12',NULL,'ABERTA',NULL,NULL,NULL,NULL,'2016-03-01 00:01:31','aless',NULL,NULL,NULL,NULL,NULL,NULL,NULL,'','SEM_NFE',101.850),
 (1422,1,'KX4DV','ENT_FORNECEDOR',60,1,525,2,'2016-01-04 00:00:00','2016-05-11 00:00:00',101.85000,'MERCADO PAGO','BOLETO','ML (parc 4/7)','MercadoPAGO partindo de 6de12',NULL,'ABERTA',NULL,NULL,NULL,NULL,'2016-03-01 00:01:31','aless',NULL,NULL,NULL,NULL,NULL,NULL,NULL,'','SEM_NFE',101.850),
 (1423,1,'KX4DV','ENT_FORNECEDOR',60,1,525,2,'2016-01-04 00:00:00','2016-06-11 00:00:00',101.85000,'MERCADO PAGO','BOLETO','ML (parc 5/7)','MercadoPAGO partindo de 6de12',NULL,'ABERTA',NULL,NULL,NULL,NULL,'2016-03-01 00:01:31','aless',NULL,NULL,NULL,NULL,NULL,NULL,NULL,'','SEM_NFE',101.850),
 (1424,1,'KX4DV','ENT_FORNECEDOR',60,1,525,2,'2016-01-04 00:00:00','2016-07-11 00:00:00',101.85000,'MERCADO PAGO','BOLETO','ML (parc 6/7)','MercadoPAGO partindo de 6de12',NULL,'ABERTA',NULL,NULL,NULL,NULL,'2016-03-01 00:01:31','aless',NULL,NULL,NULL,NULL,NULL,NULL,NULL,'','SEM_NFE',101.850),
 (1425,1,'KX4DV','ENT_FORNECEDOR',60,1,525,2,'2016-01-04 00:00:00','2016-08-11 00:00:00',101.85000,'MERCADO PAGO','BOLETO','ML (parc 7/7)','MercadoPAGO partindo de 6de12',NULL,'ABERTA',NULL,NULL,NULL,NULL,'2016-03-01 00:01:31','aless',NULL,NULL,NULL,NULL,NULL,NULL,NULL,'','SEM_NFE',101.850),
 (1426,1,'4G9R5','ENT_FORNECEDOR',60,1,525,2,'2016-01-04 00:00:00','2016-01-11 00:00:00',49.90000,'MercadoLivre-Pedal','BOLETO','ML (parc 1/6)','Mercado Livre, partindo de 5de10',NULL,'LCTO_TOTAL',NULL,'',NULL,NULL,'2016-03-01 00:04:47','aless','2016-03-01 01:06:12','aless',NULL,NULL,'2016-03-01 01:05:29','aless',NULL,'','SEM_NFE',49.900),
 (1427,1,'4G9R5','ENT_FORNECEDOR',60,1,525,2,'2016-01-04 00:00:00','2016-04-11 00:00:00',49.90000,'MercadoLivre-Pedal','BOLETO','ML (parc 2/6)','Mercado Livre, partindo de 5de10',NULL,'ABERTA',NULL,NULL,NULL,NULL,'2016-03-01 00:04:47','aless',NULL,NULL,NULL,NULL,NULL,NULL,NULL,'','SEM_NFE',49.900),
 (1428,1,'4G9R5','ENT_FORNECEDOR',60,1,525,2,'2016-01-04 00:00:00','2016-05-11 00:00:00',49.90000,'MercadoLivre-Pedal','BOLETO','ML (parc 3/6)','Mercado Livre, partindo de 5de10',NULL,'ABERTA',NULL,NULL,NULL,NULL,'2016-03-01 00:04:47','aless',NULL,NULL,NULL,NULL,NULL,NULL,NULL,'','SEM_NFE',49.900),
 (1429,1,'4G9R5','ENT_FORNECEDOR',60,1,525,2,'2016-01-04 00:00:00','2016-06-11 00:00:00',49.90000,'MercadoLivre-Pedal','BOLETO','ML (parc 4/6)','Mercado Livre, partindo de 5de10',NULL,'ABERTA',NULL,NULL,NULL,NULL,'2016-03-01 00:04:47','aless',NULL,NULL,NULL,NULL,NULL,NULL,NULL,'','SEM_NFE',49.900),
 (1430,1,'4G9R5','ENT_FORNECEDOR',60,1,525,2,'2016-01-04 00:00:00','2016-07-11 00:00:00',49.90000,'MercadoLivre-Pedal','BOLETO','ML (parc 5/6)','Mercado Livre, partindo de 5de10',NULL,'ABERTA',NULL,NULL,NULL,NULL,'2016-03-01 00:04:47','aless',NULL,NULL,NULL,NULL,NULL,NULL,NULL,'','SEM_NFE',49.900),
 (1431,1,'4G9R5','ENT_FORNECEDOR',60,1,525,2,'2016-01-04 00:00:00','2016-08-11 00:00:00',49.90000,'MercadoLivre-Pedal','BOLETO','ML (parc 6/6)','Mercado Livre, partindo de 5de10',NULL,'ABERTA',NULL,NULL,NULL,NULL,'2016-03-01 00:04:47','aless',NULL,NULL,NULL,NULL,NULL,NULL,NULL,'','SEM_NFE',49.900),
 (1432,1,'RN4VR','ENT_FORNECEDOR',60,1,476,2,'2016-01-01 00:00:00','2016-01-11 00:00:00',29.80000,'MercadoLivre','BOLETO','ML (parc 1/2)','partindo 4de5 (relógio do mano)',NULL,'LCTO_TOTAL',NULL,'',NULL,NULL,'2016-03-01 00:06:41','aless','2016-03-01 00:57:02','aless',NULL,NULL,'2016-03-01 00:56:51','aless',NULL,'','SEM_NFE',29.800),
 (1433,1,'RN4VR','ENT_FORNECEDOR',60,1,476,2,'2016-01-01 00:00:00','2016-02-11 00:00:00',29.90000,'MercadoLivre','BOLETO','ML (parc 2/2)','partindo 4de5  (relógio do mano)',NULL,'ABERTA',NULL,NULL,NULL,NULL,'2016-03-01 00:06:41','aless',NULL,NULL,NULL,NULL,'2016-03-01 00:10:08','aless',NULL,'','SEM_NFE',29.900),
 (1434,1,'3C4I0','ENT_FORNECEDOR',60,1,525,2,'2016-01-04 00:00:00','2016-01-11 00:00:00',57.25000,'Mercado Livre','BOLETO','ML (parc 1/3)','partindo 2de4',NULL,'LCTO_TOTAL',NULL,'',NULL,NULL,'2016-03-01 00:08:26','aless','2016-03-01 00:55:28','aless',NULL,NULL,NULL,NULL,NULL,'','SEM_NFE',57.250),
 (1435,1,'3C4I0','ENT_FORNECEDOR',60,1,525,2,'2016-01-04 00:00:00','2016-02-11 00:00:00',57.25000,'Mercado Livre','BOLETO','ML (parc 2/3)','partindo 2de4',NULL,'ABERTA',NULL,NULL,NULL,NULL,'2016-03-01 00:08:26','aless',NULL,NULL,NULL,NULL,NULL,NULL,NULL,'','SEM_NFE',57.250),
 (1436,1,'3C4I0','ENT_FORNECEDOR',60,1,525,2,'2016-01-04 00:00:00','2016-03-11 00:00:00',57.25000,'Mercado Livre','BOLETO','ML (parc 3/3)','partindo 2de4',NULL,'ABERTA',NULL,NULL,NULL,NULL,'2016-03-01 00:08:26','aless',NULL,NULL,NULL,NULL,NULL,NULL,NULL,'','SEM_NFE',57.250),
 (1438,1,'J016R','ENT_FORNECEDOR',11,1,533,2,'2016-01-01 00:00:00','2016-03-10 00:00:00',360.12000,'CONSORCIO 24.900,00','DOC','P7817464211 (parc 1/12)','',NULL,'ABERTA',NULL,'',NULL,NULL,'2016-03-01 00:16:32','aless',NULL,NULL,NULL,NULL,NULL,NULL,NULL,'','SEM_NFE',360.120),
 (1439,1,'J016R','ENT_FORNECEDOR',11,1,533,2,'2016-01-01 00:00:00','2016-04-10 00:00:00',360.12000,'CONSORCIO 24.900,00','DOC','P7817464211 (parc 2/12)','',NULL,'ABERTA',NULL,NULL,NULL,NULL,'2016-03-01 00:16:32','aless',NULL,NULL,NULL,NULL,NULL,NULL,NULL,'','SEM_NFE',360.120),
 (1440,1,'J016R','ENT_FORNECEDOR',11,1,533,2,'2016-01-01 00:00:00','2016-05-10 00:00:00',360.12000,'CONSORCIO 24.900,00','DOC','P7817464211 (parc 3/12)','',NULL,'ABERTA',NULL,NULL,NULL,NULL,'2016-03-01 00:16:32','aless',NULL,NULL,NULL,NULL,NULL,NULL,NULL,'','SEM_NFE',360.120),
 (1441,1,'J016R','ENT_FORNECEDOR',11,1,533,2,'2016-01-01 00:00:00','2016-06-10 00:00:00',360.12000,'CONSORCIO 24.900,00','DOC','P7817464211 (parc 4/12)','',NULL,'ABERTA',NULL,NULL,NULL,NULL,'2016-03-01 00:16:32','aless',NULL,NULL,NULL,NULL,NULL,NULL,NULL,'','SEM_NFE',360.120),
 (1442,1,'J016R','ENT_FORNECEDOR',11,1,533,2,'2016-01-01 00:00:00','2016-07-10 00:00:00',360.12000,'CONSORCIO 24.900,00','DOC','P7817464211 (parc 5/12)','',NULL,'ABERTA',NULL,NULL,NULL,NULL,'2016-03-01 00:16:32','aless',NULL,NULL,NULL,NULL,NULL,NULL,NULL,'','SEM_NFE',360.120),
 (1443,1,'J016R','ENT_FORNECEDOR',11,1,533,2,'2016-01-01 00:00:00','2016-08-10 00:00:00',360.12000,'CONSORCIO 24.900,00','DOC','P7817464211 (parc 6/12)','',NULL,'ABERTA',NULL,NULL,NULL,NULL,'2016-03-01 00:16:32','aless',NULL,NULL,NULL,NULL,NULL,NULL,NULL,'','SEM_NFE',360.120),
 (1444,1,'J016R','ENT_FORNECEDOR',11,1,533,2,'2016-01-01 00:00:00','2016-09-10 00:00:00',360.12000,'CONSORCIO 24.900,00','DOC','P7817464211 (parc 7/12)','',NULL,'ABERTA',NULL,NULL,NULL,NULL,'2016-03-01 00:16:32','aless',NULL,NULL,NULL,NULL,NULL,NULL,NULL,'','SEM_NFE',360.120),
 (1445,1,'J016R','ENT_FORNECEDOR',11,1,533,2,'2016-01-01 00:00:00','2016-10-10 00:00:00',360.12000,'CONSORCIO 24.900,00','DOC','P7817464211 (parc 8/12)','',NULL,'ABERTA',NULL,NULL,NULL,NULL,'2016-03-01 00:16:32','aless',NULL,NULL,NULL,NULL,NULL,NULL,NULL,'','SEM_NFE',360.120),
 (1446,1,'J016R','ENT_FORNECEDOR',11,1,533,2,'2016-01-01 00:00:00','2016-11-10 00:00:00',360.12000,'CONSORCIO 24.900,00','DOC','P7817464211 (parc 9/12)','',NULL,'ABERTA',NULL,NULL,NULL,NULL,'2016-03-01 00:16:32','aless',NULL,NULL,NULL,NULL,NULL,NULL,NULL,'','SEM_NFE',360.120),
 (1447,1,'J016R','ENT_FORNECEDOR',11,1,533,2,'2016-01-01 00:00:00','2016-12-10 00:00:00',360.12000,'CONSORCIO 24.900,00','DOC','P7817464211 (parc 10/12)','',NULL,'ABERTA',NULL,NULL,NULL,NULL,'2016-03-01 00:16:32','aless',NULL,NULL,NULL,NULL,NULL,NULL,NULL,'','SEM_NFE',360.120),
 (1448,1,'J016R','ENT_FORNECEDOR',11,1,533,2,'2016-01-01 00:00:00','2016-01-10 00:00:00',360.51000,'CONSORCIO 24.900,00','BOLETO','P7817464211 (parc 11/12)','',NULL,'LCTO_TOTAL',NULL,NULL,NULL,NULL,'2016-03-01 00:16:32','aless','2016-03-01 01:19:48','aless',NULL,NULL,'2016-03-01 01:19:19','aless',NULL,'','SEM_NFE',360.510),
 (1449,1,'J016R','ENT_FORNECEDOR',11,1,533,2,'2016-01-01 00:00:00','2017-02-10 00:00:00',360.12000,'CONSORCIO 24.900,00','BOLETO','P7817464211 (parc 12/12)','',NULL,'ABERTA',NULL,NULL,NULL,NULL,'2016-03-01 00:16:32','aless',NULL,NULL,NULL,NULL,'2016-03-01 01:17:19','aless',NULL,'','SEM_NFE',360.120),
 (1450,1,'O6NWN','ENT_FORNECEDOR',11,1,531,2,'2016-02-25 00:00:00','2016-03-05 00:00:00',300.00000,'POUPAR300','BOLETO','POUPAR (parc 1/10)','',NULL,'ABERTA',NULL,'',NULL,NULL,'2016-03-01 00:21:01','aless',NULL,NULL,NULL,NULL,NULL,NULL,NULL,'','SEM_NFE',300.000),
 (1451,1,'O6NWN','ENT_FORNECEDOR',11,1,531,2,'2016-02-25 00:00:00','2016-04-05 00:00:00',300.00000,'POUPAR300','BOLETO','POUPAR (parc 2/10)','',NULL,'ABERTA',NULL,NULL,NULL,NULL,'2016-03-01 00:21:01','aless',NULL,NULL,NULL,NULL,NULL,NULL,NULL,'','SEM_NFE',300.000),
 (1452,1,'O6NWN','ENT_FORNECEDOR',11,1,531,2,'2016-02-25 00:00:00','2016-05-05 00:00:00',300.00000,'POUPAR300','BOLETO','POUPAR (parc 3/10)','',NULL,'ABERTA',NULL,NULL,NULL,NULL,'2016-03-01 00:21:01','aless',NULL,NULL,NULL,NULL,NULL,NULL,NULL,'','SEM_NFE',300.000),
 (1453,1,'O6NWN','ENT_FORNECEDOR',11,1,531,2,'2016-02-25 00:00:00','2016-06-05 00:00:00',300.00000,'POUPAR300','BOLETO','POUPAR (parc 4/10)','',NULL,'ABERTA',NULL,NULL,NULL,NULL,'2016-03-01 00:21:01','aless',NULL,NULL,NULL,NULL,NULL,NULL,NULL,'','SEM_NFE',300.000),
 (1454,1,'O6NWN','ENT_FORNECEDOR',11,1,531,2,'2016-02-25 00:00:00','2016-07-05 00:00:00',300.00000,'POUPAR300','BOLETO','POUPAR (parc 5/10)','',NULL,'ABERTA',NULL,NULL,NULL,NULL,'2016-03-01 00:21:01','aless',NULL,NULL,NULL,NULL,NULL,NULL,NULL,'','SEM_NFE',300.000),
 (1455,1,'O6NWN','ENT_FORNECEDOR',11,1,531,2,'2016-02-25 00:00:00','2016-08-05 00:00:00',300.00000,'POUPAR300','BOLETO','POUPAR (parc 6/10)','',NULL,'ABERTA',NULL,NULL,NULL,NULL,'2016-03-01 00:21:01','aless',NULL,NULL,NULL,NULL,NULL,NULL,NULL,'','SEM_NFE',300.000),
 (1456,1,'O6NWN','ENT_FORNECEDOR',11,1,531,2,'2016-02-25 00:00:00','2016-09-05 00:00:00',300.00000,'POUPAR300','BOLETO','POUPAR (parc 7/10)','',NULL,'ABERTA',NULL,NULL,NULL,NULL,'2016-03-01 00:21:01','aless',NULL,NULL,NULL,NULL,NULL,NULL,NULL,'','SEM_NFE',300.000),
 (1457,1,'O6NWN','ENT_FORNECEDOR',11,1,531,2,'2016-02-25 00:00:00','2016-10-05 00:00:00',300.00000,'POUPAR300','BOLETO','POUPAR (parc 8/10)','',NULL,'ABERTA',NULL,NULL,NULL,NULL,'2016-03-01 00:21:01','aless',NULL,NULL,NULL,NULL,NULL,NULL,NULL,'','SEM_NFE',300.000),
 (1458,1,'O6NWN','ENT_FORNECEDOR',11,1,531,2,'2016-02-25 00:00:00','2016-11-05 00:00:00',300.00000,'POUPAR300','BOLETO','POUPAR (parc 9/10)','',NULL,'ABERTA',NULL,NULL,NULL,NULL,'2016-03-01 00:21:01','aless',NULL,NULL,NULL,NULL,NULL,NULL,NULL,'','SEM_NFE',300.000),
 (1459,1,'O6NWN','ENT_FORNECEDOR',11,1,531,2,'2016-02-25 00:00:00','2016-12-05 00:00:00',300.00000,'POUPAR300','BOLETO','POUPAR (parc 10/10)','',NULL,'ABERTA',NULL,NULL,NULL,NULL,'2016-03-01 00:21:01','aless',NULL,NULL,NULL,NULL,NULL,NULL,NULL,'','SEM_NFE',300.000),
 (1460,0,'3LIYK','ENT_CLIENTE',3799,1,463,2,'2016-01-25 00:00:00','2016-01-25 00:00:00',6537.65000,'PROLAB','BOLETO','PROLAB (parc 1/12)','',NULL,'LCTO_TOTAL',NULL,'',NULL,NULL,'2016-03-01 00:27:16','aless','2016-03-01 02:04:52','aless',NULL,NULL,NULL,NULL,NULL,'','SEM_NFE',6537.650),
 (1461,0,'3LIYK','ENT_CLIENTE',3799,1,463,2,'2016-01-25 00:00:00','2016-02-25 00:00:00',6537.65000,'PROLAB','BOLETO','PROLAB (parc 2/12)','',NULL,'LCTO_PARCIAL',NULL,NULL,NULL,NULL,'2016-03-01 00:27:16','aless','2018-10-03 17:02:17','aless',NULL,NULL,NULL,NULL,NULL,'','SEM_NFE',6537.650),
 (1462,0,'3LIYK','ENT_CLIENTE',3799,1,463,2,'2016-01-25 00:00:00','2016-03-25 00:00:00',6537.65000,'PROLAB','BOLETO','PROLAB (parc 3/12)','',NULL,'ABERTA',NULL,NULL,NULL,NULL,'2016-03-01 00:27:16','aless',NULL,NULL,NULL,NULL,NULL,NULL,NULL,'','SEM_NFE',6537.650),
 (1463,0,'3LIYK','ENT_CLIENTE',3799,1,463,2,'2016-01-25 00:00:00','2016-04-25 00:00:00',6537.65000,'PROLAB','BOLETO','PROLAB (parc 4/12)','',NULL,'ABERTA',NULL,NULL,NULL,NULL,'2016-03-01 00:27:16','aless',NULL,NULL,NULL,NULL,NULL,NULL,NULL,'','SEM_NFE',6537.650),
 (1464,0,'3LIYK','ENT_CLIENTE',3799,1,463,2,'2016-01-25 00:00:00','2016-05-25 00:00:00',6537.65000,'PROLAB','BOLETO','PROLAB (parc 5/12)','',NULL,'ABERTA',NULL,NULL,NULL,NULL,'2016-03-01 00:27:16','aless',NULL,NULL,NULL,NULL,NULL,NULL,NULL,'','SEM_NFE',6537.650),
 (1465,0,'3LIYK','ENT_CLIENTE',3799,1,463,2,'2016-01-25 00:00:00','2016-06-25 00:00:00',6537.65000,'PROLAB','BOLETO','PROLAB (parc 6/12)','',NULL,'ABERTA',NULL,NULL,NULL,NULL,'2016-03-01 00:27:16','aless',NULL,NULL,NULL,NULL,NULL,NULL,NULL,'','SEM_NFE',6537.650),
 (1466,0,'3LIYK','ENT_CLIENTE',3799,1,463,2,'2016-01-25 00:00:00','2016-07-25 00:00:00',6537.65000,'PROLAB','BOLETO','PROLAB (parc 7/12)','',NULL,'ABERTA',NULL,NULL,NULL,NULL,'2016-03-01 00:27:16','aless',NULL,NULL,NULL,NULL,NULL,NULL,NULL,'','SEM_NFE',6537.650),
 (1467,0,'3LIYK','ENT_CLIENTE',3799,1,463,2,'2016-01-25 00:00:00','2016-08-25 00:00:00',6537.65000,'PROLAB','BOLETO','PROLAB (parc 8/12)','',NULL,'ABERTA',NULL,NULL,NULL,NULL,'2016-03-01 00:27:16','aless',NULL,NULL,NULL,NULL,NULL,NULL,NULL,'','SEM_NFE',6537.650),
 (1468,0,'3LIYK','ENT_CLIENTE',3799,1,463,2,'2016-01-25 00:00:00','2016-09-25 00:00:00',6537.65000,'PROLAB','BOLETO','PROLAB (parc 9/12)','',NULL,'ABERTA',NULL,NULL,NULL,NULL,'2016-03-01 00:27:16','aless',NULL,NULL,NULL,NULL,NULL,NULL,NULL,'','SEM_NFE',6537.650),
 (1469,0,'3LIYK','ENT_CLIENTE',3799,1,463,2,'2016-01-25 00:00:00','2016-10-25 00:00:00',6537.65000,'PROLAB','BOLETO','PROLAB (parc 10/12)','',NULL,'ABERTA',NULL,NULL,NULL,NULL,'2016-03-01 00:27:16','aless',NULL,NULL,NULL,NULL,NULL,NULL,NULL,'','SEM_NFE',6537.650),
 (1470,0,'3LIYK','ENT_CLIENTE',3799,1,463,2,'2016-01-25 00:00:00','2016-11-25 00:00:00',6537.65000,'PROLAB','BOLETO','PROLAB (parc 11/12)','',NULL,'ABERTA',NULL,NULL,NULL,NULL,'2016-03-01 00:27:16','aless',NULL,NULL,NULL,NULL,NULL,NULL,NULL,'','SEM_NFE',6537.650),
 (1471,0,'3LIYK','ENT_CLIENTE',3799,1,463,2,'2016-01-25 00:00:00','2016-12-25 00:00:00',6537.65000,'PROLAB','BOLETO','PROLAB (parc 12/12)','',NULL,'ABERTA',NULL,NULL,NULL,NULL,'2016-03-01 00:27:16','aless',NULL,NULL,NULL,NULL,NULL,NULL,NULL,'','SEM_NFE',6537.650),
 (1472,1,'','ENT_FORNECEDOR',264,1,458,2,'2016-01-07 00:00:00','2016-01-07 00:00:00',1250.00000,'MILSONS CASIO CTK6250','BOLETO','MILSONS','',NULL,'LCTO_TOTAL',NULL,'',NULL,NULL,'2016-03-01 00:42:09','aless','2016-03-01 00:44:08','aless',NULL,NULL,NULL,NULL,NULL,'','SEM_NFE',1250.000),
 (1473,0,'','ENT_CLIENTE',622,1,524,2,'2016-03-01 00:00:00','2016-03-04 00:00:00',450.00000,'PISOCLEAN','DOC','PISOCLEAN','três mensalidades de Manutenção e Hospedagem portal PISOCLEAN (150 x3 = jan, fev e mar)',NULL,'ABERTA',NULL,'',NULL,NULL,'2016-03-01 02:31:02','aless',NULL,NULL,NULL,NULL,NULL,NULL,NULL,'','SEM_NFE',450.000);
/*!40000 ALTER TABLE `fin_conta_pagar_receber` ENABLE KEYS */;


--
-- Definition of table `fin_conta_pagar_receber_taxas`
--

DROP TABLE IF EXISTS `fin_conta_pagar_receber_taxas`;
CREATE TABLE `fin_conta_pagar_receber_taxas` (
  `COD_CONTA_TAXAS` int(10) NOT NULL AUTO_INCREMENT,
  `COD_CONTA_PAGAR_RECEBER` int(10) DEFAULT NULL,
  `TIPO` varchar(50) DEFAULT NULL,
  `CODIGO` int(10) DEFAULT NULL,
  `VLR_BASE` double(15,3) DEFAULT NULL,
  `TOTAL_IRRF` double(15,3) DEFAULT NULL,
  `TOTAL_PIS` double(15,3) DEFAULT NULL,
  `TOTAL_COFINS` double(15,3) DEFAULT NULL,
  `TOTAL_CSOCIAL` double(15,3) DEFAULT NULL,
  `TOTAL_IRPJ` double(15,3) DEFAULT NULL,
  `TOTAL_ISSQN` double(15,3) DEFAULT NULL,
  `TOTAL_IMPOSTOS` double(15,3) DEFAULT NULL,
  `TOTAL_REDUCAO` double(15,3) DEFAULT NULL,
  `VLR_FINAL` double(15,3) DEFAULT NULL,
  `COD_ACUM_IRRF` int(10) DEFAULT NULL,
  `COD_ACUM_REDUCAO` int(10) DEFAULT NULL,
  `TOTAL_ACUM_IRRF` double(15,3) DEFAULT NULL,
  `TOTAL_ACUM_REDUCAO` double(15,3) DEFAULT NULL,
  `COD_CFG_NF` int(10) DEFAULT NULL,
  `ALIQ_IRRF` double(15,3) DEFAULT NULL,
  `ALIQ_PIS` double(15,3) DEFAULT NULL,
  `ALIQ_COFINS` double(15,3) DEFAULT NULL,
  `ALIQ_CSOCIAL` double(15,3) DEFAULT NULL,
  `ALIQ_IRPJ` double(15,3) DEFAULT NULL,
  `ALIQ_ISSQN` double(15,3) DEFAULT NULL,
  `SYS_DT_CRIACAO` datetime DEFAULT NULL,
  `SYS_COD_USER_CRIACAO` varchar(120) DEFAULT NULL,
  PRIMARY KEY (`COD_CONTA_TAXAS`)
) ENGINE=InnoDB DEFAULT CHARSET=latin1;

--
-- Dumping data for table `fin_conta_pagar_receber_taxas`
--

/*!40000 ALTER TABLE `fin_conta_pagar_receber_taxas` DISABLE KEYS */;
/*!40000 ALTER TABLE `fin_conta_pagar_receber_taxas` ENABLE KEYS */;


--
-- Definition of table `fin_lcto_em_conta`
--

DROP TABLE IF EXISTS `fin_lcto_em_conta`;
CREATE TABLE `fin_lcto_em_conta` (
  `COD_LCTO_EM_CONTA` int(10) NOT NULL AUTO_INCREMENT,
  `COD_CONTA` int(10) DEFAULT NULL,
  `OPERACAO` varchar(50) DEFAULT NULL,
  `TIPO` varchar(50) DEFAULT NULL,
  `CODIGO` int(10) DEFAULT NULL,
  `HISTORICO` varchar(250) DEFAULT NULL,
  `COD_PLANO_CONTA` int(10) DEFAULT NULL,
  `COD_CENTRO_CUSTO` int(10) DEFAULT NULL,
  `NUM_LCTO` varchar(50) DEFAULT NULL,
  `DT_LCTO` datetime DEFAULT NULL,
  `VLR_LCTO` double(15,5) DEFAULT NULL,
  `OBS` longtext,
  `SYS_DT_CRIACAO` datetime DEFAULT NULL,
  `SYS_COD_USER_CRIACAO` varchar(120) DEFAULT NULL,
  PRIMARY KEY (`COD_LCTO_EM_CONTA`),
  KEY `COD_CENTRO_CUSTO` (`COD_CENTRO_CUSTO`),
  KEY `COD_CONTA` (`COD_CONTA`),
  KEY `COD_PLANO_CONTA` (`COD_PLANO_CONTA`),
  KEY `CODIGO` (`CODIGO`),
  KEY `TIPO` (`TIPO`)
) ENGINE=InnoDB AUTO_INCREMENT=228 DEFAULT CHARSET=utf8;

--
-- Dumping data for table `fin_lcto_em_conta`
--

/*!40000 ALTER TABLE `fin_lcto_em_conta` DISABLE KEYS */;
INSERT INTO `fin_lcto_em_conta` (`COD_LCTO_EM_CONTA`,`COD_CONTA`,`OPERACAO`,`TIPO`,`CODIGO`,`HISTORICO`,`COD_PLANO_CONTA`,`COD_CENTRO_CUSTO`,`NUM_LCTO`,`DT_LCTO`,`VLR_LCTO`,`OBS`,`SYS_DT_CRIACAO`,`SYS_COD_USER_CRIACAO`) VALUES 
 (191,1,'DESPESA','ENT_FORNECEDOR',263,'CAVANHAS',530,2,'CAVANHAS','2016-01-05 00:00:00',44.50000,'','2016-03-01 00:34:45','aless'),
 (192,1,'DESPESA','ENT_FORNECEDOR',11,'TAR ITAU PACOTE IU4',516,2,'TXITAU','2016-01-05 00:00:00',60.00000,'','2016-03-01 00:39:07','aless'),
 (193,1,'DESPESA','ENT_FORNECEDOR',5,'SUPERGLORIA',522,2,'SUPERGLORIA','2016-01-07 00:00:00',65.94000,'','2016-03-01 00:45:14','aless'),
 (194,1,'DESPESA','ENT_FORNECEDOR',66,'MCDONALDS',530,2,'MCDONALDS','2016-01-08 00:00:00',31.00000,'','2016-03-01 00:51:23','aless'),
 (195,1,'DESPESA','ENT_FORNECEDOR',46,'BOURBON',525,2,'BOURBON','2016-01-11 00:00:00',178.25000,'Compras no Bourbon: 16,62 + 566,28 + 39,55 + 55,80','2016-03-01 01:09:28','aless'),
 (196,1,'DESPESA','ENT_FORNECEDOR',174,'',525,2,'109021862816','2016-01-11 00:00:00',85.63000,'','2016-03-01 01:13:58','aless'),
 (197,1,'RECEITA','ENT_FORNECEDOR',248,'',467,2,'POLO','2016-01-11 00:00:00',376.57000,'estorno POLO','2016-03-01 01:20:56','aless'),
 (198,1,'DESPESA','ENT_FORNECEDOR',46,'BOURBON',522,2,'BOURBON','2016-01-12 00:00:00',100.00000,'100,13','2016-03-01 01:22:45','aless'),
 (199,1,'DESPESA','ENT_FORNECEDOR',46,'BOURBON',522,2,'BOURBON','2016-01-13 00:00:00',60.17000,'','2016-03-01 01:24:36','aless'),
 (200,1,'DESPESA','ENT_FORNECEDOR',174,'BOURBON',522,2,'BOURBON','2016-01-14 00:00:00',46.16000,'26,40 + 19,76','2016-03-01 01:28:53','aless'),
 (201,1,'DESPESA','ENT_FORNECEDOR',122,'MULTISOM',525,2,'MULTISOM','2016-01-14 00:00:00',96.80000,'','2016-03-01 01:30:19','aless'),
 (202,1,'DESPESA','ENT_FORNECEDOR',174,'ABL',525,2,'ABL','2016-01-15 00:00:00',21.50000,'','2016-03-01 01:34:05','aless'),
 (203,1,'DESPESA','ENT_FORNECEDOR',174,'BOURBON, NOVOSUPER, POSTO e TEMAKERIA',467,2,'BOURBON','2016-01-18 00:00:00',187.46000,'','2016-03-01 01:38:32','aless'),
 (204,1,'DESPESA','ENT_FORNECEDOR',174,'BANCO 033',525,2,'BANCO 033','2016-01-18 00:00:00',67.83000,'','2016-03-01 01:45:33','aless'),
 (205,1,'DESPESA','ENT_FORNECEDOR',174,'',525,2,'REST','2016-01-19 00:00:00',39.11000,'','2016-03-01 01:48:12','aless'),
 (206,1,'DESPESA','ENT_FORNECEDOR',174,'',525,2,'REST','2016-01-20 00:00:00',24.33000,'','2016-03-01 01:49:42','aless'),
 (207,1,'DESPESA','ENT_FORNECEDOR',174,'',525,2,'PAULINHO','2016-01-21 00:00:00',22.90000,'','2016-03-01 01:53:06','aless'),
 (208,1,'DESPESA','ENT_FORNECEDOR',174,'',530,2,'SOMATORIO','2016-01-25 00:00:00',367.92000,'várias coisas somadas...','2016-03-01 01:59:00','aless'),
 (209,1,'DESPESA','ENT_FORNECEDOR',265,'SEGMOTO',498,2,'SEGMOTO','2016-01-25 00:00:00',187.14000,'','2016-03-01 02:01:05','aless'),
 (210,2,'DESPESA','ENT_FORNECEDOR',117,'',530,2,'FRUT','2016-01-27 00:00:00',21.00000,'','2016-03-01 02:03:37','aless'),
 (211,1,'DESPESA','ENT_FORNECEDOR',117,'',467,2,'FRUT','2016-01-27 00:00:00',20.92000,'','2016-03-01 02:07:29','aless'),
 (212,1,'DESPESA','ENT_FORNECEDOR',117,'',467,2,'FRUT','2016-01-28 00:00:00',22.08000,'','2016-03-01 02:10:28','aless'),
 (213,1,'DESPESA','ENT_FORNECEDOR',35,'',507,2,'PANVEL','2016-01-29 00:00:00',130.82000,'','2016-03-01 02:12:35','aless'),
 (214,1,'DESPESA','ENT_FORNECEDOR',46,'',522,2,'MERCADO','2016-01-29 00:00:00',30.46000,'','2016-03-01 02:14:10','aless'),
 (215,1,'RECEITA','ENT_FORNECEDOR',174,'',525,2,'RR','2016-01-29 00:00:00',300.00000,'','2016-03-01 02:15:50','aless'),
 (216,1,'DESPESA','ENT_FORNECEDOR',117,'',525,2,'AJUSTE','2016-01-29 00:00:00',2.00000,'','2016-03-01 02:18:13','aless'),
 (217,2,'DESPESA','ENT_FORNECEDOR',258,'',540,2,'JAN2016','2016-01-31 00:00:00',960.00000,'Pagos semanais 240','2016-03-01 02:21:54','aless'),
 (218,2,'DESPESA','ENT_FORNECEDOR',34,'BROTHERS',503,2,'BROTHERS','2016-01-31 00:00:00',180.00000,'ENSAIOS NoVACANCY e ALBUM','2016-03-01 02:33:18','aless'),
 (219,2,'DESPESA','ENT_FORNECEDOR',174,'',486,2,'GAS','2016-01-31 00:00:00',350.00000,'gasolina...','2016-03-01 02:35:22','aless'),
 (220,1,'DESPESA','ENT_FORNECEDOR',243,'ITALIAN',521,2,'ITALIAN','2016-02-01 00:00:00',22.00000,'','2016-03-05 15:30:46','aless'),
 (221,1,'DESPESA','ENT_FORNECEDOR',5,'',522,2,'SUPER','2016-02-01 00:00:00',49.49000,'','2016-03-05 15:31:37','aless'),
 (222,1,'DESPESA','ENT_FORNECEDOR',53,'',486,2,'GAS','2016-02-01 00:00:00',22.28000,'','2016-03-05 15:32:54','aless'),
 (223,1,'DESPESA','ENT_FORNECEDOR',243,'',521,2,'MARCELUS','2016-02-03 00:00:00',28.00000,'','2016-03-05 15:36:35','aless'),
 (224,1,'DESPESA','ENT_FORNECEDOR',126,'NOVOSUPERGLORIA',522,2,'SUPER','2016-02-03 00:00:00',58.55000,'','2016-03-05 15:37:40','aless'),
 (225,1,'DESPESA','ENT_FORNECEDOR',243,'PONTOXIS',521,2,'XIS','2016-02-03 00:00:00',31.50000,'','2016-03-05 15:40:28','aless'),
 (226,1,'DESPESA','ENT_FORNECEDOR',11,'TAR PACOTEIU4 MENS 01/16',496,2,'PACOTEIU4','2016-02-03 00:00:00',60.00000,'*preciso ligar pro banco pra entender oque é isso...','2016-03-05 15:46:54','aless'),
 (227,1,'DESPESA','ENT_FORNECEDOR',174,'',525,2,'CAIMAN','2016-02-03 00:00:00',45.00000,'','2016-03-05 15:48:21','aless');
/*!40000 ALTER TABLE `fin_lcto_em_conta` ENABLE KEYS */;


--
-- Definition of table `fin_lcto_ordinario`
--

DROP TABLE IF EXISTS `fin_lcto_ordinario`;
CREATE TABLE `fin_lcto_ordinario` (
  `COD_LCTO_ORDINARIO` int(10) NOT NULL AUTO_INCREMENT,
  `COD_CONTA_PAGAR_RECEBER` int(10) DEFAULT NULL,
  `TIPO` varchar(50) DEFAULT NULL,
  `CODIGO` varchar(50) DEFAULT NULL,
  `COD_CONTA` int(10) DEFAULT NULL,
  `COD_PLANO_CONTA` int(10) DEFAULT NULL,
  `COD_CENTRO_CUSTO` int(10) DEFAULT NULL,
  `HISTORICO` varchar(250) DEFAULT NULL,
  `NUM_LCTO` varchar(50) DEFAULT NULL,
  `DT_LCTO` datetime DEFAULT NULL,
  `VLR_ORIG` double(15,5) DEFAULT NULL,
  `VLR_MULTA` double(15,5) DEFAULT NULL,
  `VLR_JUROS` double(15,5) DEFAULT NULL,
  `VLR_DESC` double(15,5) DEFAULT NULL,
  `VLR_LCTO` double(15,5) DEFAULT NULL,
  `OBS` longtext,
  `EXTRA` longtext,
  `SYS_DT_CRIACAO` datetime DEFAULT NULL,
  `SYS_COD_USER_CRIACAO` varchar(120) DEFAULT NULL,
  `SYS_DT_CANCEL` datetime DEFAULT NULL,
  `SYS_COD_USER_CANCEL` varchar(120) DEFAULT NULL,
  `COD_PLANO_CONTA_ORIG` int(10) DEFAULT NULL,
  `COD_MIGRACAO` int(11) DEFAULT NULL,
  PRIMARY KEY (`COD_LCTO_ORDINARIO`),
  KEY `COD_CENTRO_CUSTO` (`COD_CENTRO_CUSTO`),
  KEY `COD_CONTA` (`COD_CONTA`),
  KEY `COD_CONTA_PAGAR_RECEBER` (`COD_CONTA_PAGAR_RECEBER`),
  KEY `COD_PLANO_CONTA` (`COD_PLANO_CONTA`),
  KEY `CODIGO` (`CODIGO`),
  KEY `TIPO` (`TIPO`)
) ENGINE=InnoDB AUTO_INCREMENT=325 DEFAULT CHARSET=utf8;

--
-- Dumping data for table `fin_lcto_ordinario`
--

/*!40000 ALTER TABLE `fin_lcto_ordinario` DISABLE KEYS */;
INSERT INTO `fin_lcto_ordinario` (`COD_LCTO_ORDINARIO`,`COD_CONTA_PAGAR_RECEBER`,`TIPO`,`CODIGO`,`COD_CONTA`,`COD_PLANO_CONTA`,`COD_CENTRO_CUSTO`,`HISTORICO`,`NUM_LCTO`,`DT_LCTO`,`VLR_ORIG`,`VLR_MULTA`,`VLR_JUROS`,`VLR_DESC`,`VLR_LCTO`,`OBS`,`EXTRA`,`SYS_DT_CRIACAO`,`SYS_COD_USER_CRIACAO`,`SYS_DT_CANCEL`,`SYS_COD_USER_CANCEL`,`COD_PLANO_CONTA_ORIG`,`COD_MIGRACAO`) VALUES 
 (305,1359,'ENT_FORNECEDOR','114',1,470,2,'NETVIRTUA','NETVIRTUA (parc 1/12)','2016-01-05 00:00:00',85.20000,0.00000,0.00000,0.00000,85.20000,'','','2016-03-01 00:37:57','aless',NULL,NULL,NULL,NULL),
 (306,1472,'ENT_FORNECEDOR','264',1,525,2,'MILSONS CASIO CTK6250','MILSONS','2016-01-07 00:00:00',1250.00000,0.00000,0.00000,0.00000,1250.00000,'','','2016-03-01 00:44:08','aless',NULL,NULL,NULL,NULL),
 (307,1373,'ENT_FORNECEDOR','87',1,471,2,'CONDOMINIO','PROMARK (parc 1/12)','2016-01-08 00:00:00',344.18000,0.00000,0.00000,0.00000,344.18000,'','','2016-03-01 00:50:05','aless',NULL,NULL,NULL,NULL),
 (308,1385,'ENT_FORNECEDOR','18',1,479,2,'CLARO','CLARO (parc 1/12)','2016-01-10 00:00:00',80.00000,0.00000,0.00000,0.00000,177.44000,'','','2016-03-01 00:52:16','aless',NULL,NULL,NULL,NULL),
 (309,1417,'ENT_FORNECEDOR','166',1,525,2,'FASTSHOP 8de8','FASTSHOP','2016-01-14 00:00:00',98.50000,0.00000,0.00000,0.00000,98.50000,'','','2016-03-01 00:54:02','aless',NULL,NULL,NULL,NULL),
 (310,1418,'ENT_FORNECEDOR','139',1,525,2,'COLISEU 6de6','COLISEU','2016-01-14 00:00:00',206.50000,0.00000,0.00000,0.00000,206.50000,'','','2016-03-01 00:54:18','aless',NULL,NULL,NULL,NULL),
 (311,1405,'ENT_FORNECEDOR','146',1,503,2,'NETFLIX','NETFLIX (parc 1/12)','2016-01-14 00:00:00',19.90000,0.00000,0.00000,0.00000,19.90000,'','','2016-03-01 00:55:11','aless',NULL,NULL,NULL,NULL),
 (312,1434,'ENT_FORNECEDOR','60',1,525,2,'Mercado Livre','ML (parc 1/3)','2016-01-11 00:00:00',57.25000,0.00000,0.00000,0.00000,57.25000,'','','2016-03-01 00:55:28','aless',NULL,NULL,NULL,NULL),
 (313,1432,'ENT_FORNECEDOR','60',1,476,2,'MercadoLivre','ML (parc 1/2)','2016-01-11 00:00:00',29.80000,0.00000,0.00000,0.00000,29.80000,'','','2016-03-01 00:57:02','aless',NULL,NULL,NULL,NULL),
 (314,1419,'ENT_FORNECEDOR','60',1,525,2,'MERCADO PAGO','ML (parc 1/7)','2016-01-11 00:00:00',101.85000,0.00000,0.00000,0.00000,101.85000,'','','2016-03-01 01:01:17','aless',NULL,NULL,NULL,NULL),
 (315,1426,'ENT_FORNECEDOR','60',1,525,2,'MercadoLivre-Pedal','ML (parc 1/6)','2016-01-11 00:00:00',49.90000,0.00000,0.00000,0.00000,49.90000,'','','2016-03-01 01:06:12','aless',NULL,NULL,NULL,NULL),
 (316,1448,'ENT_FORNECEDOR','11',1,533,2,'CONSORCIO 24.900,00','P7817464211 (parc 11/12)','2016-01-10 00:00:00',360.51000,0.00000,0.00000,0.00000,360.51000,'','','2016-03-01 01:19:48','aless',NULL,NULL,NULL,NULL),
 (317,1400,'ENT_FORNECEDOR','262',1,482,2,'ENTRADA MOTO','BIANSINI (parc 1/5)','2016-01-14 00:00:00',745.00000,0.00000,0.00000,0.00000,745.00000,'','','2016-03-01 01:27:12','aless',NULL,NULL,NULL,NULL),
 (318,1314,'ENT_FORNECEDOR','260',1,482,2,'MOTO','321521558 (parc 1/30)','2016-01-15 00:00:00',623.62000,0.00000,0.00000,0.00000,623.62000,'','','2016-03-01 01:33:05','aless',NULL,NULL,NULL,NULL),
 (319,1372,'ENT_FORNECEDOR','261',1,480,2,'HCPA-CONCURSO','205910-9','2016-01-18 00:00:00',105.00000,0.00000,0.00000,0.00000,105.00000,'','','2016-03-01 01:43:46','aless',NULL,NULL,NULL,NULL),
 (320,1371,'ENT_FORNECEDOR','46',1,522,2,'BOURBON-JAN','BOURBON-JAN','2016-01-25 00:00:00',590.87000,0.00000,0.00000,0.00000,590.87000,'','','2016-03-01 01:56:07','aless',NULL,NULL,NULL,NULL),
 (321,1460,'ENT_CLIENTE','3799',1,463,2,'PROLAB','PROLAB (parc 1/12)','2016-01-25 00:00:00',6537.65000,0.00000,0.00000,0.00000,6537.65000,'','','2016-03-01 02:04:52','aless',NULL,NULL,NULL,NULL),
 (322,1356,'ENT_FORNECEDOR','34',2,525,2,'CAPTADOR 59','CAPWAYNER (parc 1/2)','2016-01-25 00:00:00',200.00000,0.00000,0.00000,0.00000,200.00000,'','','2016-03-01 02:24:14','aless',NULL,NULL,NULL,NULL),
 (323,1345,'ENT_FORNECEDOR','7',1,470,2,'CEEE','44589042 (parc 2/12)','2016-02-01 00:00:00',110.00000,0.00000,0.00000,0.00000,131.34000,'','','2016-03-05 15:43:37','aless',NULL,NULL,NULL,NULL),
 (324,1461,'ENT_CLIENTE','3799',1,463,2,'PROLAB','PROLAB (parc 2/12)','2016-02-25 00:00:00',6537.65000,0.00000,0.00000,0.00000,3000.00000,'','','2018-10-03 17:02:17','aless',NULL,NULL,NULL,NULL);
/*!40000 ALTER TABLE `fin_lcto_ordinario` ENABLE KEYS */;


--
-- Definition of table `fin_lcto_transf`
--

DROP TABLE IF EXISTS `fin_lcto_transf`;
CREATE TABLE `fin_lcto_transf` (
  `COD_LCTO_TRANSF` int(10) NOT NULL AUTO_INCREMENT,
  `COD_CONTA_ORIG` int(10) DEFAULT NULL,
  `COD_CONTA_DEST` int(10) DEFAULT NULL,
  `NUM_LCTO` varchar(50) DEFAULT NULL,
  `VLR_LCTO` double(15,5) DEFAULT NULL,
  `DT_LCTO` datetime DEFAULT NULL,
  `HISTORICO` varchar(250) DEFAULT NULL,
  `OBS` longtext,
  `SYS_DT_CRIACAO` datetime DEFAULT NULL,
  `SYS_COD_USER_CRIACAO` varchar(120) DEFAULT NULL,
  PRIMARY KEY (`COD_LCTO_TRANSF`),
  KEY `COD_CONTA` (`COD_CONTA_ORIG`),
  KEY `COD_CONTA1` (`COD_CONTA_DEST`)
) ENGINE=InnoDB AUTO_INCREMENT=10 DEFAULT CHARSET=utf8;

--
-- Dumping data for table `fin_lcto_transf`
--

/*!40000 ALTER TABLE `fin_lcto_transf` DISABLE KEYS */;
INSERT INTO `fin_lcto_transf` (`COD_LCTO_TRANSF`,`COD_CONTA_ORIG`,`COD_CONTA_DEST`,`NUM_LCTO`,`VLR_LCTO`,`DT_LCTO`,`HISTORICO`,`OBS`,`SYS_DT_CRIACAO`,`SYS_COD_USER_CRIACAO`) VALUES 
 (1,1,2,'PSICO',380.00000,'2016-01-07 00:00:00','SAQUE (Psico e outros)','','2016-03-01 00:48:50','aless'),
 (2,1,2,'PSICO',300.00000,'2016-01-14 00:00:00','PSICO','','2016-03-01 01:26:04','aless'),
 (3,1,2,'PSICO',300.00000,'2016-01-14 00:00:00','PSICO','','2016-03-01 01:30:52','aless'),
 (4,1,2,'PSICO',150.00000,'2016-01-18 00:00:00','PSICO','','2016-03-01 01:39:49','aless'),
 (5,1,2,'PSICO',400.00000,'2016-01-20 00:00:00','PSICO','','2016-03-01 01:48:56','aless'),
 (6,1,2,'PSICO',290.00000,'2016-01-27 00:00:00','PSICO','','2016-03-01 02:02:27','aless'),
 (7,1,2,'PSICO',350.00000,'2016-01-29 00:00:00','PSICO','','2016-03-01 02:11:37','aless'),
 (8,1,2,'PSICO',350.00000,'2016-02-01 00:00:00','PSICO e OUTROS','','2016-03-05 15:34:02','aless'),
 (9,1,2,'PSICO',380.00000,'2016-02-03 00:00:00','PSICO e OUTROS','','2016-03-05 15:35:28','aless');
/*!40000 ALTER TABLE `fin_lcto_transf` ENABLE KEYS */;


--
-- Definition of table `fin_plano_conta`
--

DROP TABLE IF EXISTS `fin_plano_conta`;
CREATE TABLE `fin_plano_conta` (
  `COD_PLANO_CONTA` int(10) NOT NULL AUTO_INCREMENT,
  `COD_PLANO_CONTA_PAI` int(10) DEFAULT NULL,
  `COD_REDUZIDO` varchar(50) DEFAULT NULL,
  `NOME` varchar(50) DEFAULT NULL,
  `DESCRICAO` varchar(250) DEFAULT NULL,
  `NIVEL` int(10) DEFAULT NULL,
  `ORDEM` int(10) DEFAULT NULL,
  `DRE` tinyint(1) NOT NULL DEFAULT '0',
  `DT_INATIVO` datetime DEFAULT NULL,
  PRIMARY KEY (`COD_PLANO_CONTA`),
  KEY `DT_INATIVO` (`DT_INATIVO`)
) ENGINE=InnoDB AUTO_INCREMENT=542 DEFAULT CHARSET=utf8;

--
-- Dumping data for table `fin_plano_conta`
--

/*!40000 ALTER TABLE `fin_plano_conta` DISABLE KEYS */;
INSERT INTO `fin_plano_conta` (`COD_PLANO_CONTA`,`COD_PLANO_CONTA_PAI`,`COD_REDUZIDO`,`NOME`,`DESCRICAO`,`NIVEL`,`ORDEM`,`DRE`,`DT_INATIVO`) VALUES 
 (458,NULL,'','MyHOUSE','',1,NULL,1,NULL),
 (459,458,'1','RECEITAS','RECEITAS EM GERAL',2,5,1,NULL),
 (460,458,'2','DESPESAS','DESPESAS EM GERAL',2,200,1,NULL),
 (462,459,'1.01','REC. FINANCEIRA','RECEITA LICENÇA DE USO VISTA',3,10,1,NULL),
 (463,462,'1.01.01','SALÁRIO','PROVENTOS/SALÁRIO e PROLABORE',4,20,1,NULL),
 (464,462,'1.01.02','EMPRÉSTIMO','EMPRÉSTIMOS EM GERAL',4,30,1,NULL),
 (465,462,'1.01.03','RENDIMENTO','RENDIMENTOS de APLICAÇÕES',4,40,1,NULL),
 (466,459,'1.02','EXTRA','RECEITAS EXTRAS',3,50,1,NULL),
 (467,466,'1.02.01','BÔNUS','ENTRADAS EVENTUAIS OU VENDAS',4,60,1,NULL),
 (468,460,'2.01','MORADIA','DESPESAS COM MORADIA',3,10,1,NULL),
 (469,468,'2.02.01','FINANCIAMENTO','PRESTAÇÃO ou ALUGUEL',4,20,1,NULL),
 (470,468,'2.02.02','LUZ/ÁGUA/NET','LUZ/ÁGUA/GÁS/INTERNET/FONE',4,30,1,NULL),
 (471,468,'2.02.03','CONDOMÍNIO','CONDOMÍNIO GERAL',4,40,1,NULL),
 (472,468,'2.02.04','LIMPEZA/MANUTENÇÃO','LIMPEZA/MANUTENÇÃO',4,50,1,NULL),
 (473,468,'2.02.05','IPTU','IPTU e IMPOSTOS',4,60,1,NULL),
 (475,478,'2.03.01','VESTUARIO','DESPESAS com VESTUARIO',4,80,1,NULL),
 (476,478,'2.03.02','PRESENTE','PRESENTES em GERAL',4,90,1,NULL),
 (477,478,'2.03.03','PERFUMARIA','DESPESAS com HIGIENE/PERFUMARIA',4,100,1,NULL),
 (478,460,'2.03','PESSOAL','DESPESAS PESSOAIS',3,70,1,NULL),
 (479,478,'2.03.04','CELULAR','DESPESAS com CELULAR',4,120,1,NULL),
 (480,478,'2.03.06','CURSOS','DESPESAS com FACULDADE/CURSOS',4,130,1,NULL),
 (481,460,'2.04','TRANSPORTE','DESPESAS de TRANSPORTE em GERAl',3,140,1,NULL),
 (482,481,'2.04.01','PRESTAÇÃO','DESPESAS de FINANCIAMENTO/PRESTAÇÃO',4,150,1,NULL),
 (486,481,'2.04.02','COMBUSTÍVEL','DESPESAS em COMBUSTÍVEL/ÓLEO',4,160,1,NULL),
 (487,466,'1.02.02','FREELANCE','EXTRA JOBS - FREELANCE',4,65,1,NULL),
 (489,466,'1.02.03','PRÊMIOS','LOTERIAS - MEGASENA... :-D',4,70,1,NULL),
 (493,481,'2.04.03','LAVAGEM','DESPESAS de LAVAGEM/ESTÉTICA',4,180,0,NULL),
 (494,481,'2.04.04','TAXI/ÔNIBUS','DESPESAS de DESLOCAMENTO',4,190,0,NULL),
 (495,481,'2.04.05','ESTACIONAMENTO','DESPESAS de ESTACIONAMENTO',4,200,0,NULL),
 (496,481,'2.04.06','TAXA/MULTA/PEDÁGIO','DESPESAS de TAXA/MULTA/PEDÁGIO',4,210,0,NULL),
 (497,481,'2.04.07','MANUTENÇÃO/TUNNIG','DESPESAS de MANUTENÇÃO/TUNNIG',4,220,0,NULL),
 (498,481,'2.04.08','SEGURO/FRANQUIA','DESPESAS de SEGURO',4,230,0,NULL),
 (499,481,'2.04.09','IPVA/SEG.OBRIGATÓRIO','DESPESAS de IMPOSTOS IPVA/SEG.OBRIGATÓRIO',4,240,0,NULL),
 (500,460,'2.05','LAZER','DESPESAS de LASER',3,250,0,NULL),
 (501,500,'2.05.01','CINEMA/TEATRO','DESPESAS com ESPETÁCULOS em GERAL',4,260,0,NULL),
 (502,500,'2.05.02','JANTAR/PUBS','DESPESAS com JANTAR/PUBS',4,260,0,NULL),
 (503,500,'2.05.04','OUTROS','DESPESAS em LOCADORA, etc...',4,270,0,NULL),
 (504,460,'2.06','SAÚDE','DESPESAScom SAÚDE',3,280,0,NULL),
 (505,504,'2.06.01','ACADEMIA','DESPESAS com ATIVIDADE FÍSICA',4,290,0,NULL),
 (506,504,'2.06.02','CONSULTA MÉDICA','DESPESAS de CONSULTA MÉDICA',4,300,0,NULL),
 (507,504,'2.06.03','MEDICAMENTO','DESPESAS com MEDICAMENTOS',4,310,0,NULL),
 (508,504,'2.06.04','EXAME','DESPESAS COM EXAMES',4,330,0,NULL),
 (509,504,'2.06.05','PL. SAÚDE','DESPESAS de MENSALIDADE PL. SAÚDE',4,350,0,NULL),
 (510,460,'2.07','PETS/MENINAS','DESPESAs com ANIMAIS de ESTIMAÇÃO',3,360,0,NULL),
 (511,510,'2.07.01','BANHO/TOSA','DESPESA de BANHO e TOSA',4,370,0,NULL),
 (512,510,'2.07.02','RAÇÃO/ALIMENTAÇÃO','DESPESAS de ALIMENTAÇÃO PET',4,400,0,NULL),
 (513,510,'2.07.04','UTIL.PET','DESPESAS com UTILIDADES PET',4,420,0,NULL),
 (514,510,'2.07.03','MED. PET','DESPESAS com MEDICAMENTOS PET',4,410,0,NULL),
 (515,517,'2.08.01','EMPRÉSTIMO','PAGAMENTO de EMPRÉSTIMOS',4,500,0,NULL),
 (516,517,'2.08.02','TAXAS BANCARIAS','DESPESAS com TAXAS BANCARIAS',4,520,0,NULL),
 (517,460,'2.08','DESP. FINANCEIRA','DESPESAS FINANCEIRAS',3,490,0,NULL),
 (518,517,'2.08.03','TAXAS CRÉDTO','DESPESAS com ANUIDADES/JUROS CredCards',4,550,0,NULL),
 (519,510,'2.07.05','EXAME.PET','DESPESAs com EXAMES PET',4,430,0,NULL),
 (520,460,'2.09','ALIMENTACAO','DESPESAS com ALIMENTACAO',3,NULL,0,NULL),
 (521,520,'2.09.01','ALMOCOS','DESPESAS com ALMOCOS e JANTARES',4,NULL,0,NULL),
 (522,520,'2.09.02','SUPERMERCADO','DESPESAS com COMIDA e GERAL CASA',4,NULL,0,NULL),
 (523,517,'2.08.04','DESP. APLICACAO','LANCAMENTO de APLICAÇÕES',4,555,0,NULL),
 (524,462,'1.01.04','REC. VENDA','VENDA/GARAGE SALE',4,NULL,0,NULL),
 (525,478,'2.03.05','DIVERSOS','DESPESAS DIVERSAS ou NÃO IDENTIFICADAS',4,NULL,0,NULL),
 (526,517,'2.08.05','TAXAS DIVERSAS','TAXAS diversas',4,560,0,NULL),
 (527,517,'2.08.06','JOGOS LOTERIA','JOGOS diversos',4,570,0,NULL),
 (528,468,'2.02.06','ALUGUEL','ALUGUÉISL AP, BOX, etc...',4,NULL,0,NULL),
 (529,478,'2.03.07','BELEZA','',4,NULL,0,NULL),
 (530,520,'2.09.03','DIVERSOS','DESPESAS com LANCHES',4,NULL,0,NULL),
 (531,458,'3','INVESTIMENTOS','INVESTIMENTOS EM GERAL',2,300,0,NULL),
 (532,531,'3.01','CONSORCIO','CONSORCIOS',3,10,0,NULL),
 (533,532,'3.01.01','AUTO','CONSORCIO AUTO',4,10,0,NULL),
 (534,532,'3.01.02','MOTO','CONSORCIO MOTO',4,20,0,NULL),
 (535,532,'3.01.03','IMÓVEL','CONSORCIO IMÓVEL',4,30,0,NULL),
 (536,531,'3.02','POUP/FUNDOS','POUPANÇA e FUNDOS',3,20,0,NULL),
 (537,536,'3.02.01','CDI/CDB','CDI/CDB',4,10,0,NULL),
 (538,536,'3.02.02','TESOURO','TESOURO',4,20,0,NULL),
 (539,500,'2.05.03','VIAGENS','VIAGENS/PASSEIOS',4,265,0,NULL),
 (540,504,'2.06.06','TERAPIA','PSICOTERAPIA/FISOTERAPIA/ETC',4,360,0,NULL),
 (541,536,'3.02.03','POUPANÇA','POUPANÇA',4,30,0,NULL);
/*!40000 ALTER TABLE `fin_plano_conta` ENABLE KEYS */;


--
-- Definition of table `fin_plano_prev_orca`
--

DROP TABLE IF EXISTS `fin_plano_prev_orca`;
CREATE TABLE `fin_plano_prev_orca` (
  `COD_PLANO_PREV_ORCA` int(10) NOT NULL AUTO_INCREMENT,
  `COD_PREV_ORCA` int(10) DEFAULT NULL,
  `COD_PLANO_CONTA` int(10) DEFAULT NULL,
  `COD_REDUZIDO` varchar(50) DEFAULT NULL,
  `VALOR` double(15,5) DEFAULT NULL,
  `SYS_DTT_ALT` datetime DEFAULT NULL,
  `SYS_ID_USUARIO_ALT` varchar(50) DEFAULT NULL,
  PRIMARY KEY (`COD_PLANO_PREV_ORCA`),
  KEY `COD_PLANO_CONTA` (`COD_PLANO_CONTA`),
  KEY `COD_PREV_ORCA` (`COD_PREV_ORCA`)
) ENGINE=InnoDB DEFAULT CHARSET=utf8;

--
-- Dumping data for table `fin_plano_prev_orca`
--

/*!40000 ALTER TABLE `fin_plano_prev_orca` DISABLE KEYS */;
/*!40000 ALTER TABLE `fin_plano_prev_orca` ENABLE KEYS */;


--
-- Definition of table `fin_prev_orca`
--

DROP TABLE IF EXISTS `fin_prev_orca`;
CREATE TABLE `fin_prev_orca` (
  `COD_PREV_ORCA` int(10) NOT NULL AUTO_INCREMENT,
  `DESCRICAO` varchar(250) DEFAULT NULL,
  `DT_PREV_INI` datetime DEFAULT NULL,
  `DT_PREV_FIM` datetime DEFAULT NULL,
  `SYS_DTT_INS` datetime DEFAULT NULL,
  `SYS_ID_USUARIO_INS` varchar(50) DEFAULT NULL,
  PRIMARY KEY (`COD_PREV_ORCA`),
  KEY `DT_PREV_FIM` (`DT_PREV_FIM`),
  KEY `DT_PREV_INI` (`DT_PREV_INI`)
) ENGINE=InnoDB DEFAULT CHARSET=utf8;

--
-- Dumping data for table `fin_prev_orca`
--

/*!40000 ALTER TABLE `fin_prev_orca` DISABLE KEYS */;
/*!40000 ALTER TABLE `fin_prev_orca` ENABLE KEYS */;


--
-- Definition of table `fin_saldo_ac`
--

DROP TABLE IF EXISTS `fin_saldo_ac`;
CREATE TABLE `fin_saldo_ac` (
  `COD_SALDO_AC` int(10) NOT NULL AUTO_INCREMENT,
  `COD_CONTA` int(10) DEFAULT NULL,
  `MES` int(10) DEFAULT NULL,
  `ANO` int(10) DEFAULT NULL,
  `VALOR` double(15,5) DEFAULT NULL,
  `RECALCULADO` tinyint(1) NOT NULL DEFAULT '0',
  `SYS_COD_USER_ULT_LCTO` varchar(120) DEFAULT NULL,
  PRIMARY KEY (`COD_SALDO_AC`),
  UNIQUE KEY `COD_SALDO_AC` (`COD_SALDO_AC`),
  KEY `ANO` (`ANO`),
  KEY `COD_CONTA` (`COD_CONTA`),
  KEY `MES` (`MES`)
) ENGINE=InnoDB AUTO_INCREMENT=2027 DEFAULT CHARSET=utf8;

--
-- Dumping data for table `fin_saldo_ac`
--

/*!40000 ALTER TABLE `fin_saldo_ac` DISABLE KEYS */;
INSERT INTO `fin_saldo_ac` (`COD_SALDO_AC`,`COD_CONTA`,`MES`,`ANO`,`VALOR`,`RECALCULADO`,`SYS_COD_USER_ULT_LCTO`) VALUES 
 (1956,1,1,2016,13610.96000,-1,'aless'),
 (1957,1,2,2016,15432.80000,-1,'aless'),
 (1958,1,3,2016,15432.80000,-1,'aless'),
 (1959,2,8,2010,0.00000,-1,'aless (ajusta saldos)'),
 (1960,2,9,2010,0.00000,-1,'aless (ajusta saldos)'),
 (1961,2,10,2010,0.00000,-1,'aless (ajusta saldos)'),
 (1962,2,11,2010,0.00000,-1,'aless (ajusta saldos)'),
 (1963,2,12,2010,0.00000,-1,'aless (ajusta saldos)'),
 (1964,2,1,2011,0.00000,-1,'aless (ajusta saldos)'),
 (1965,2,2,2011,0.00000,-1,'aless (ajusta saldos)'),
 (1966,2,3,2011,0.00000,-1,'aless (ajusta saldos)'),
 (1967,2,4,2011,0.00000,-1,'aless (ajusta saldos)'),
 (1968,2,5,2011,0.00000,-1,'aless (ajusta saldos)'),
 (1969,2,6,2011,0.00000,-1,'aless (ajusta saldos)'),
 (1970,2,7,2011,0.00000,-1,'aless (ajusta saldos)'),
 (1971,2,8,2011,0.00000,-1,'aless (ajusta saldos)'),
 (1972,2,9,2011,0.00000,-1,'aless (ajusta saldos)'),
 (1973,2,10,2011,0.00000,-1,'aless (ajusta saldos)'),
 (1974,2,11,2011,0.00000,-1,'aless (ajusta saldos)'),
 (1975,2,12,2011,0.00000,-1,'aless (ajusta saldos)'),
 (1976,2,1,2012,0.00000,-1,'aless (ajusta saldos)'),
 (1977,2,2,2012,0.00000,-1,'aless (ajusta saldos)'),
 (1978,2,3,2012,0.00000,-1,'aless (ajusta saldos)'),
 (1979,2,4,2012,0.00000,-1,'aless (ajusta saldos)'),
 (1980,2,5,2012,0.00000,-1,'aless (ajusta saldos)'),
 (1981,2,6,2012,0.00000,-1,'aless (ajusta saldos)'),
 (1982,2,7,2012,0.00000,-1,'aless (ajusta saldos)'),
 (1983,2,8,2012,0.00000,-1,'aless (ajusta saldos)'),
 (1984,2,9,2012,0.00000,-1,'aless (ajusta saldos)'),
 (1985,2,10,2012,0.00000,-1,'aless (ajusta saldos)'),
 (1986,2,11,2012,0.00000,-1,'aless (ajusta saldos)'),
 (1987,2,12,2012,0.00000,-1,'aless (ajusta saldos)'),
 (1988,2,1,2013,0.00000,-1,'aless (ajusta saldos)'),
 (1989,2,2,2013,0.00000,-1,'aless (ajusta saldos)'),
 (1990,2,3,2013,0.00000,-1,'aless (ajusta saldos)'),
 (1991,2,4,2013,0.00000,-1,'aless (ajusta saldos)'),
 (1992,2,5,2013,0.00000,-1,'aless (ajusta saldos)'),
 (1993,2,6,2013,0.00000,-1,'aless (ajusta saldos)'),
 (1994,2,7,2013,0.00000,-1,'aless (ajusta saldos)'),
 (1995,2,8,2013,0.00000,-1,'aless (ajusta saldos)'),
 (1996,2,9,2013,0.00000,-1,'aless (ajusta saldos)'),
 (1997,2,10,2013,0.00000,-1,'aless (ajusta saldos)'),
 (1998,2,11,2013,0.00000,-1,'aless (ajusta saldos)'),
 (1999,2,12,2013,0.00000,-1,'aless (ajusta saldos)'),
 (2000,2,1,2014,0.00000,-1,'aless (ajusta saldos)'),
 (2001,2,2,2014,0.00000,-1,'aless (ajusta saldos)'),
 (2002,2,3,2014,0.00000,-1,'aless (ajusta saldos)'),
 (2003,2,4,2014,0.00000,-1,'aless (ajusta saldos)'),
 (2004,2,5,2014,0.00000,-1,'aless (ajusta saldos)'),
 (2005,2,6,2014,0.00000,-1,'aless (ajusta saldos)'),
 (2006,2,7,2014,0.00000,-1,'aless (ajusta saldos)'),
 (2007,2,8,2014,0.00000,-1,'aless (ajusta saldos)'),
 (2008,2,9,2014,0.00000,-1,'aless (ajusta saldos)'),
 (2009,2,10,2014,0.00000,-1,'aless (ajusta saldos)'),
 (2010,2,11,2014,0.00000,-1,'aless (ajusta saldos)'),
 (2011,2,12,2014,0.00000,-1,'aless (ajusta saldos)'),
 (2012,2,1,2015,0.00000,-1,'aless (ajusta saldos)'),
 (2013,2,2,2015,0.00000,-1,'aless (ajusta saldos)'),
 (2014,2,3,2015,0.00000,-1,'aless (ajusta saldos)'),
 (2015,2,4,2015,0.00000,-1,'aless (ajusta saldos)'),
 (2016,2,5,2015,0.00000,-1,'aless (ajusta saldos)'),
 (2017,2,6,2015,0.00000,-1,'aless (ajusta saldos)'),
 (2018,2,7,2015,0.00000,-1,'aless (ajusta saldos)'),
 (2019,2,8,2015,0.00000,-1,'aless (ajusta saldos)'),
 (2020,2,9,2015,0.00000,-1,'aless (ajusta saldos)'),
 (2021,2,10,2015,0.00000,-1,'aless (ajusta saldos)'),
 (2022,2,11,2015,0.00000,-1,'aless (ajusta saldos)'),
 (2023,2,12,2015,0.00000,-1,'aless (ajusta saldos)'),
 (2024,2,1,2016,459.00000,-1,'aless'),
 (2025,2,2,2016,1189.00000,-1,'aless'),
 (2026,2,3,2016,1189.00000,-1,'aless');
/*!40000 ALTER TABLE `fin_saldo_ac` ENABLE KEYS */;


--
-- Definition of table `inventario`
--

DROP TABLE IF EXISTS `inventario`;
CREATE TABLE `inventario` (
  `COD_INVENTARIO` int(10) NOT NULL AUTO_INCREMENT,
  `ID_ITEM` varchar(50) DEFAULT NULL,
  `NOME_ITEM` varchar(255) DEFAULT NULL,
  `DESC_ITEM` longtext,
  `DT_COMPRA` datetime DEFAULT NULL,
  `LOCAL_COMPRA` longtext,
  `PRC_COMPRA` double(15,5) DEFAULT NULL,
  `DT_GARANTIA` datetime DEFAULT NULL,
  `TIPO` varchar(30) DEFAULT NULL,
  `MARCA` varchar(255) DEFAULT NULL,
  `DIVISAO` varchar(255) DEFAULT NULL,
  `PROPRIEDADE` varchar(255) DEFAULT NULL,
  `OBS` longtext,
  `ARQUIVO_ANEXO` longtext,
  `DT_INATIVO` datetime DEFAULT NULL,
  `SYS_DT_INS` datetime DEFAULT NULL,
  `SYS_USR_INS` varchar(20) DEFAULT NULL,
  `SYS_DT_ALT` datetime DEFAULT NULL,
  `SYS_USR_ALT` varchar(20) DEFAULT NULL,
  PRIMARY KEY (`COD_INVENTARIO`),
  UNIQUE KEY `Index_E45BA8A0_0CF8_426F` (`COD_INVENTARIO`)
) ENGINE=InnoDB DEFAULT CHARSET=utf8;

--
-- Dumping data for table `inventario`
--

/*!40000 ALTER TABLE `inventario` DISABLE KEYS */;
/*!40000 ALTER TABLE `inventario` ENABLE KEYS */;


--
-- Definition of table `mb_dado`
--

DROP TABLE IF EXISTS `mb_dado`;
CREATE TABLE `mb_dado` (
  `COD_DADO` int(10) NOT NULL AUTO_INCREMENT,
  `ID` varchar(10) DEFAULT NULL,
  `CDU` varchar(50) DEFAULT NULL,
  `CDD` varchar(50) DEFAULT NULL,
  `TITULO` varchar(250) DEFAULT NULL,
  `PRODUTOR` varchar(250) DEFAULT NULL,
  `ANO` int(10) DEFAULT NULL,
  `MIDIA` varchar(20) DEFAULT NULL,
  `FORMATO` varchar(20) DEFAULT NULL,
  `TAMANHO` varchar(20) DEFAULT NULL,
  `PRAZO_EMPR` int(10) DEFAULT NULL,
  `LOCADO` char(1) DEFAULT NULL,
  `LOCALIZACAO` varchar(20) DEFAULT NULL,
  `AQUISICAO` datetime DEFAULT NULL,
  `COD_CATEGORIA` int(10) DEFAULT NULL,
  `PROPRIEDADE` varchar(250) DEFAULT NULL,
  `EXTRA` varchar(50) DEFAULT NULL,
  `IMG_THUMB` varchar(250) DEFAULT NULL,
  `IMG` varchar(250) DEFAULT NULL,
  `OBS` longtext,
  `DT_INATIVO` datetime DEFAULT NULL,
  `SYS_DTT_INS` datetime DEFAULT NULL,
  `SYS_DTT_ALT` datetime DEFAULT NULL,
  `SYS_ID_USUARIO_INS` varchar(50) DEFAULT NULL,
  `SYS_ID_USUARIO_ALT` varchar(50) DEFAULT NULL,
  PRIMARY KEY (`COD_DADO`),
  UNIQUE KEY `Index_7984326E_41E4_46AB` (`COD_DADO`)
) ENGINE=InnoDB DEFAULT CHARSET=utf8;

--
-- Dumping data for table `mb_dado`
--

/*!40000 ALTER TABLE `mb_dado` DISABLE KEYS */;
/*!40000 ALTER TABLE `mb_dado` ENABLE KEYS */;


--
-- Definition of table `mb_dado_categoria`
--

DROP TABLE IF EXISTS `mb_dado_categoria`;
CREATE TABLE `mb_dado_categoria` (
  `COD_CATEGORIA` int(10) NOT NULL AUTO_INCREMENT,
  `NOME` varchar(50) DEFAULT NULL,
  `DESCRICAO` varchar(255) DEFAULT NULL,
  `DT_INATIVO` datetime DEFAULT NULL,
  PRIMARY KEY (`COD_CATEGORIA`),
  UNIQUE KEY `Index_9A7808EB_4E82_450D` (`COD_CATEGORIA`)
) ENGINE=InnoDB DEFAULT CHARSET=utf8;

--
-- Dumping data for table `mb_dado_categoria`
--

/*!40000 ALTER TABLE `mb_dado_categoria` DISABLE KEYS */;
/*!40000 ALTER TABLE `mb_dado_categoria` ENABLE KEYS */;


--
-- Definition of table `mb_dado_item`
--

DROP TABLE IF EXISTS `mb_dado_item`;
CREATE TABLE `mb_dado_item` (
  `COD_DADO_ITEM` int(10) NOT NULL AUTO_INCREMENT,
  `COD_DADO` int(10) DEFAULT NULL,
  `TITULO` varchar(250) DEFAULT NULL,
  `EXTRA` varchar(250) DEFAULT NULL,
  `TAMANHO` varchar(20) DEFAULT NULL,
  PRIMARY KEY (`COD_DADO_ITEM`),
  UNIQUE KEY `Index_A9C8EC68_5EB2_41A9` (`COD_DADO_ITEM`)
) ENGINE=InnoDB DEFAULT CHARSET=utf8;

--
-- Dumping data for table `mb_dado_item`
--

/*!40000 ALTER TABLE `mb_dado_item` DISABLE KEYS */;
/*!40000 ALTER TABLE `mb_dado_item` ENABLE KEYS */;


--
-- Definition of table `mb_disco`
--

DROP TABLE IF EXISTS `mb_disco`;
CREATE TABLE `mb_disco` (
  `COD_DISCO` int(10) NOT NULL AUTO_INCREMENT,
  `ID` varchar(10) DEFAULT NULL,
  `CDU` varchar(50) DEFAULT NULL,
  `CDD` varchar(50) DEFAULT NULL,
  `TITULO` varchar(250) DEFAULT NULL,
  `BANDA` varchar(250) DEFAULT NULL,
  `EDICAO` varchar(10) DEFAULT NULL,
  `GRAVADORA` varchar(50) DEFAULT NULL,
  `SELO` varchar(50) DEFAULT NULL,
  `PRODUTOR` varchar(250) DEFAULT NULL,
  `ANO` int(10) DEFAULT NULL,
  `TEMPO` varchar(10) DEFAULT NULL,
  `MIDIA` varchar(20) DEFAULT NULL,
  `PRAZO_EMPR` int(10) DEFAULT NULL,
  `LOCADO` char(1) DEFAULT NULL,
  `IDIOMA` varchar(20) DEFAULT NULL,
  `LOCALIZACAO` varchar(20) DEFAULT NULL,
  `AQUISICAO` datetime DEFAULT NULL,
  `COD_CATEGORIA` int(10) DEFAULT NULL,
  `ESTILO` varchar(50) DEFAULT NULL,
  `PROPRIEDADE` varchar(250) DEFAULT NULL,
  `EXTRA` varchar(50) DEFAULT NULL,
  `IMG_THUMB` varchar(250) DEFAULT NULL,
  `IMG` varchar(250) DEFAULT NULL,
  `OBS` longtext,
  `DT_INATIVO` datetime DEFAULT NULL,
  `SYS_DTT_INS` datetime DEFAULT NULL,
  `SYS_DTT_ALT` datetime DEFAULT NULL,
  `SYS_ID_USUARIO_INS` varchar(50) DEFAULT NULL,
  `SYS_ID_USUARIO_ALT` varchar(50) DEFAULT NULL,
  PRIMARY KEY (`COD_DISCO`),
  UNIQUE KEY `Index_29CFFDDB_2CF3_4A3B` (`COD_DISCO`)
) ENGINE=InnoDB DEFAULT CHARSET=utf8;

--
-- Dumping data for table `mb_disco`
--

/*!40000 ALTER TABLE `mb_disco` DISABLE KEYS */;
/*!40000 ALTER TABLE `mb_disco` ENABLE KEYS */;


--
-- Definition of table `mb_disco_categoria`
--

DROP TABLE IF EXISTS `mb_disco_categoria`;
CREATE TABLE `mb_disco_categoria` (
  `COD_CATEGORIA` int(10) NOT NULL AUTO_INCREMENT,
  `NOME` varchar(50) DEFAULT NULL,
  `DESCRICAO` varchar(255) DEFAULT NULL,
  `DT_INATIVO` datetime DEFAULT NULL,
  PRIMARY KEY (`COD_CATEGORIA`),
  UNIQUE KEY `Index_C787BDFA_65EC_47ED` (`COD_CATEGORIA`)
) ENGINE=InnoDB DEFAULT CHARSET=utf8;

--
-- Dumping data for table `mb_disco_categoria`
--

/*!40000 ALTER TABLE `mb_disco_categoria` DISABLE KEYS */;
/*!40000 ALTER TABLE `mb_disco_categoria` ENABLE KEYS */;


--
-- Definition of table `mb_disco_item`
--

DROP TABLE IF EXISTS `mb_disco_item`;
CREATE TABLE `mb_disco_item` (
  `COD_DISCO_ITEM` int(10) NOT NULL AUTO_INCREMENT,
  `COD_DISCO` int(10) DEFAULT NULL,
  `TITULO` varchar(250) DEFAULT NULL,
  `AUTORES` varchar(250) DEFAULT NULL,
  `TEMPO` varchar(10) DEFAULT NULL,
  PRIMARY KEY (`COD_DISCO_ITEM`),
  UNIQUE KEY `Index_48452C98_BF5C_47D3` (`COD_DISCO_ITEM`)
) ENGINE=InnoDB DEFAULT CHARSET=utf8;

--
-- Dumping data for table `mb_disco_item`
--

/*!40000 ALTER TABLE `mb_disco_item` DISABLE KEYS */;
/*!40000 ALTER TABLE `mb_disco_item` ENABLE KEYS */;


--
-- Definition of table `mb_livro`
--

DROP TABLE IF EXISTS `mb_livro`;
CREATE TABLE `mb_livro` (
  `COD_LIVRO` int(10) NOT NULL AUTO_INCREMENT,
  `ID` varchar(10) DEFAULT NULL,
  `CDU` varchar(50) DEFAULT NULL,
  `CDD` varchar(50) DEFAULT NULL,
  `TITULO` varchar(250) DEFAULT NULL,
  `AUTORES` longtext,
  `EDITORA` varchar(250) DEFAULT NULL,
  `EDICAO` varchar(10) DEFAULT NULL,
  `ANO` int(10) DEFAULT NULL,
  `CODBAR` varchar(25) DEFAULT NULL,
  `ISBN` varchar(25) DEFAULT NULL,
  `LOCALIZACAO` varchar(20) DEFAULT NULL,
  `PRAZO_EMPR` int(10) DEFAULT NULL,
  `LOCADO` char(1) DEFAULT NULL,
  `IDIOMA` varchar(20) DEFAULT NULL,
  `AQUISICAO` datetime DEFAULT NULL,
  `COD_CATEGORIA` int(10) DEFAULT NULL,
  `ASSUNTO` varchar(250) DEFAULT NULL,
  `CLASSE` varchar(250) DEFAULT NULL,
  `VOLUME` varchar(10) DEFAULT NULL,
  `PROPRIEDADE` varchar(250) DEFAULT NULL,
  `EXTRA` varchar(50) DEFAULT NULL,
  `IMG_THUMB` varchar(250) DEFAULT NULL,
  `IMG` varchar(250) DEFAULT NULL,
  `RESENHA` longtext,
  `DT_INATIVO` datetime DEFAULT NULL,
  `SYS_DTT_INS` datetime DEFAULT NULL,
  `SYS_DTT_ALT` datetime DEFAULT NULL,
  `SYS_ID_USUARIO_INS` varchar(50) DEFAULT NULL,
  `SYS_ID_USUARIO_ALT` varchar(50) DEFAULT NULL,
  PRIMARY KEY (`COD_LIVRO`),
  UNIQUE KEY `Index_3D5FD521_2D6C_48BC` (`COD_LIVRO`)
) ENGINE=InnoDB DEFAULT CHARSET=utf8;

--
-- Dumping data for table `mb_livro`
--

/*!40000 ALTER TABLE `mb_livro` DISABLE KEYS */;
/*!40000 ALTER TABLE `mb_livro` ENABLE KEYS */;


--
-- Definition of table `mb_livro_categoria`
--

DROP TABLE IF EXISTS `mb_livro_categoria`;
CREATE TABLE `mb_livro_categoria` (
  `COD_CATEGORIA` int(10) NOT NULL AUTO_INCREMENT,
  `NOME` varchar(50) DEFAULT NULL,
  `DESCRICAO` varchar(255) DEFAULT NULL,
  `DT_INATIVO` datetime DEFAULT NULL,
  PRIMARY KEY (`COD_CATEGORIA`),
  UNIQUE KEY `Index_6B030CEF_02DB_4156` (`COD_CATEGORIA`)
) ENGINE=InnoDB DEFAULT CHARSET=utf8;

--
-- Dumping data for table `mb_livro_categoria`
--

/*!40000 ALTER TABLE `mb_livro_categoria` DISABLE KEYS */;
/*!40000 ALTER TABLE `mb_livro_categoria` ENABLE KEYS */;


--
-- Definition of table `mb_manual`
--

DROP TABLE IF EXISTS `mb_manual`;
CREATE TABLE `mb_manual` (
  `COD_MANUAL` int(10) NOT NULL AUTO_INCREMENT,
  `ID` varchar(10) DEFAULT NULL,
  `CDU` varchar(50) DEFAULT NULL,
  `CDD` varchar(50) DEFAULT NULL,
  `TITULO` varchar(250) DEFAULT NULL,
  `AUTORES` longtext,
  `EDITORA` varchar(250) DEFAULT NULL,
  `EDICAO` varchar(10) DEFAULT NULL,
  `ANO` int(10) DEFAULT NULL,
  `CODBAR` varchar(25) DEFAULT NULL,
  `ISBN` varchar(25) DEFAULT NULL,
  `LOCALIZACAO` varchar(20) DEFAULT NULL,
  `PRAZO_EMPR` int(10) DEFAULT NULL,
  `LOCADO` char(1) DEFAULT NULL,
  `IDIOMA` varchar(20) DEFAULT NULL,
  `AQUISICAO` datetime DEFAULT NULL,
  `COD_CATEGORIA` int(10) DEFAULT NULL,
  `ASSUNTO` varchar(250) DEFAULT NULL,
  `CLASSE` varchar(250) DEFAULT NULL,
  `VOLUME` varchar(10) DEFAULT NULL,
  `PROPRIEDADE` varchar(250) DEFAULT NULL,
  `EXTRA` varchar(50) DEFAULT NULL,
  `IMG_THUMB` varchar(250) DEFAULT NULL,
  `IMG` varchar(250) DEFAULT NULL,
  `RESENHA` longtext,
  `DT_INATIVO` datetime DEFAULT NULL,
  `SYS_DTT_INS` datetime DEFAULT NULL,
  `SYS_DTT_ALT` datetime DEFAULT NULL,
  `SYS_ID_USUARIO_INS` varchar(50) DEFAULT NULL,
  `SYS_ID_USUARIO_ALT` varchar(50) DEFAULT NULL,
  PRIMARY KEY (`COD_MANUAL`),
  UNIQUE KEY `Index_473B28DF_4553_4773` (`COD_MANUAL`)
) ENGINE=InnoDB DEFAULT CHARSET=utf8;

--
-- Dumping data for table `mb_manual`
--

/*!40000 ALTER TABLE `mb_manual` DISABLE KEYS */;
/*!40000 ALTER TABLE `mb_manual` ENABLE KEYS */;


--
-- Definition of table `mb_manual_categoria`
--

DROP TABLE IF EXISTS `mb_manual_categoria`;
CREATE TABLE `mb_manual_categoria` (
  `COD_CATEGORIA` int(10) NOT NULL AUTO_INCREMENT,
  `NOME` varchar(50) DEFAULT NULL,
  `DESCRICAO` varchar(255) DEFAULT NULL,
  `DT_INATIVO` datetime DEFAULT NULL,
  PRIMARY KEY (`COD_CATEGORIA`),
  UNIQUE KEY `Index_BACCF704_D7E5_487A` (`COD_CATEGORIA`)
) ENGINE=InnoDB DEFAULT CHARSET=utf8;

--
-- Dumping data for table `mb_manual_categoria`
--

/*!40000 ALTER TABLE `mb_manual_categoria` DISABLE KEYS */;
/*!40000 ALTER TABLE `mb_manual_categoria` ENABLE KEYS */;


--
-- Definition of table `mb_revista`
--

DROP TABLE IF EXISTS `mb_revista`;
CREATE TABLE `mb_revista` (
  `COD_REVISTA` int(10) NOT NULL AUTO_INCREMENT,
  `ID` varchar(10) DEFAULT NULL,
  `CDU` varchar(50) DEFAULT NULL,
  `CDD` varchar(50) DEFAULT NULL,
  `NOME` varchar(250) DEFAULT NULL,
  `CAPA` varchar(250) DEFAULT NULL,
  `EDITORA` varchar(250) DEFAULT NULL,
  `EDICAO` varchar(10) DEFAULT NULL,
  `MES` int(10) DEFAULT NULL,
  `ANO` int(10) DEFAULT NULL,
  `CODBAR` varchar(25) DEFAULT NULL,
  `ISSN` varchar(25) DEFAULT NULL,
  `LOCALIZACAO` varchar(20) DEFAULT NULL,
  `PRAZO_EMPR` int(10) DEFAULT NULL,
  `LOCADO` char(1) DEFAULT NULL,
  `IDIOMA` varchar(20) DEFAULT NULL,
  `AQUISICAO` datetime DEFAULT NULL,
  `COD_CATEGORIA` int(10) DEFAULT NULL,
  `ASSUNTO` varchar(250) DEFAULT NULL,
  `CLASSE` varchar(250) DEFAULT NULL,
  `VOLUME` varchar(10) DEFAULT NULL,
  `PROPRIEDADE` varchar(250) DEFAULT NULL,
  `EXTRA` varchar(50) DEFAULT NULL,
  `PERIODICIDADE` varchar(20) DEFAULT NULL,
  `IMG_THUMB` varchar(250) DEFAULT NULL,
  `IMG` varchar(250) DEFAULT NULL,
  `RESENHA` longtext,
  `DT_INATIVO` datetime DEFAULT NULL,
  `SYS_DTT_INS` datetime DEFAULT NULL,
  `SYS_DTT_ALT` datetime DEFAULT NULL,
  `SYS_ID_USUARIO_INS` varchar(50) DEFAULT NULL,
  `SYS_ID_USUARIO_ALT` varchar(50) DEFAULT NULL,
  PRIMARY KEY (`COD_REVISTA`),
  UNIQUE KEY `Index_807617F0_2B23_4AC0` (`COD_REVISTA`)
) ENGINE=InnoDB DEFAULT CHARSET=utf8;

--
-- Dumping data for table `mb_revista`
--

/*!40000 ALTER TABLE `mb_revista` DISABLE KEYS */;
/*!40000 ALTER TABLE `mb_revista` ENABLE KEYS */;


--
-- Definition of table `mb_revista_categoria`
--

DROP TABLE IF EXISTS `mb_revista_categoria`;
CREATE TABLE `mb_revista_categoria` (
  `COD_CATEGORIA` int(10) NOT NULL AUTO_INCREMENT,
  `NOME` varchar(50) DEFAULT NULL,
  `DESCRICAO` varchar(255) DEFAULT NULL,
  `DT_INATIVO` datetime DEFAULT NULL,
  PRIMARY KEY (`COD_CATEGORIA`),
  UNIQUE KEY `Index_22761AF1_0448_4362` (`COD_CATEGORIA`)
) ENGINE=InnoDB DEFAULT CHARSET=utf8;

--
-- Dumping data for table `mb_revista_categoria`
--

/*!40000 ALTER TABLE `mb_revista_categoria` DISABLE KEYS */;
/*!40000 ALTER TABLE `mb_revista_categoria` ENABLE KEYS */;


--
-- Definition of table `mb_video`
--

DROP TABLE IF EXISTS `mb_video`;
CREATE TABLE `mb_video` (
  `COD_VIDEO` int(10) NOT NULL AUTO_INCREMENT,
  `ID` varchar(10) DEFAULT NULL,
  `CDU` varchar(50) DEFAULT NULL,
  `CDD` varchar(50) DEFAULT NULL,
  `TITULO_ORIG` varchar(250) DEFAULT NULL,
  `TITULO_TRAD` varchar(250) DEFAULT NULL,
  `ATORES` longtext,
  `DIRECAO` varchar(250) DEFAULT NULL,
  `EDICAO` varchar(10) DEFAULT NULL,
  `TEMPO` varchar(10) DEFAULT NULL,
  `PRODUTOR` varchar(250) DEFAULT NULL,
  `ANO` int(10) DEFAULT NULL,
  `NACIONALIDADE` varchar(50) DEFAULT NULL,
  `DISTRIBUIDORA` varchar(250) DEFAULT NULL,
  `DIST_CONTATO` varchar(250) DEFAULT NULL,
  `MIDIA` varchar(20) DEFAULT NULL,
  `PRAZO_EMPR` int(10) DEFAULT NULL,
  `LOCADO` char(1) DEFAULT NULL,
  `IDIOMAS` varchar(250) DEFAULT NULL,
  `LEGENDAS` varchar(250) DEFAULT NULL,
  `LOCALIZACAO` varchar(20) DEFAULT NULL,
  `AQUISICAO` datetime DEFAULT NULL,
  `COD_CATEGORIA` int(10) DEFAULT NULL,
  `TEMATICA` varchar(250) DEFAULT NULL,
  `CLASSE` varchar(250) DEFAULT NULL,
  `VOLUME` varchar(10) DEFAULT NULL,
  `PROPRIEDADE` varchar(250) DEFAULT NULL,
  `EXTRA` varchar(50) DEFAULT NULL,
  `IMG_THUMB` varchar(250) DEFAULT NULL,
  `IMG` varchar(250) DEFAULT NULL,
  `RESENHA` longtext,
  `DT_INATIVO` datetime DEFAULT NULL,
  `SYS_DTT_INS` datetime DEFAULT NULL,
  `SYS_DTT_ALT` datetime DEFAULT NULL,
  `SYS_ID_USUARIO_INS` varchar(50) DEFAULT NULL,
  `SYS_ID_USUARIO_ALT` varchar(50) DEFAULT NULL,
  PRIMARY KEY (`COD_VIDEO`),
  UNIQUE KEY `Index_D33881A6_405C_4C56` (`COD_VIDEO`)
) ENGINE=InnoDB DEFAULT CHARSET=utf8;

--
-- Dumping data for table `mb_video`
--

/*!40000 ALTER TABLE `mb_video` DISABLE KEYS */;
/*!40000 ALTER TABLE `mb_video` ENABLE KEYS */;


--
-- Definition of table `mb_video_categoria`
--

DROP TABLE IF EXISTS `mb_video_categoria`;
CREATE TABLE `mb_video_categoria` (
  `COD_CATEGORIA` int(10) NOT NULL AUTO_INCREMENT,
  `NOME` varchar(50) DEFAULT NULL,
  `DESCRICAO` varchar(255) DEFAULT NULL,
  `DT_INATIVO` datetime DEFAULT NULL,
  PRIMARY KEY (`COD_CATEGORIA`),
  UNIQUE KEY `Index_C6B82998_1902_4406` (`COD_CATEGORIA`)
) ENGINE=InnoDB DEFAULT CHARSET=utf8;

--
-- Dumping data for table `mb_video_categoria`
--

/*!40000 ALTER TABLE `mb_video_categoria` DISABLE KEYS */;
/*!40000 ALTER TABLE `mb_video_categoria` ENABLE KEYS */;


--
-- Definition of table `msg_anexo`
--

DROP TABLE IF EXISTS `msg_anexo`;
CREATE TABLE `msg_anexo` (
  `COD_MSG_ANEXO` int(10) NOT NULL AUTO_INCREMENT,
  `COD_MENSAGEM` int(10) DEFAULT NULL,
  `ARQUIVO` varchar(255) DEFAULT NULL,
  `DESCRICAO` varchar(255) DEFAULT NULL,
  PRIMARY KEY (`COD_MSG_ANEXO`),
  KEY `MSG_ANEXOCOD_MENSAGEM` (`COD_MENSAGEM`)
) ENGINE=InnoDB DEFAULT CHARSET=utf8;

--
-- Dumping data for table `msg_anexo`
--

/*!40000 ALTER TABLE `msg_anexo` DISABLE KEYS */;
/*!40000 ALTER TABLE `msg_anexo` ENABLE KEYS */;


--
-- Definition of table `msg_destinatario`
--

DROP TABLE IF EXISTS `msg_destinatario`;
CREATE TABLE `msg_destinatario` (
  `COD_MSG_DESTINATARIO` int(10) NOT NULL AUTO_INCREMENT,
  `COD_MENSAGEM` int(10) DEFAULT NULL,
  `COD_USER_DESTINATARIO` varchar(120) DEFAULT NULL,
  PRIMARY KEY (`COD_MSG_DESTINATARIO`),
  KEY `MSG_DESTINATARIOCOD_MENSAGEM` (`COD_MENSAGEM`)
) ENGINE=InnoDB AUTO_INCREMENT=7 DEFAULT CHARSET=utf8;

--
-- Dumping data for table `msg_destinatario`
--

/*!40000 ALTER TABLE `msg_destinatario` DISABLE KEYS */;
INSERT INTO `msg_destinatario` (`COD_MSG_DESTINATARIO`,`COD_MENSAGEM`,`COD_USER_DESTINATARIO`) VALUES 
 (1,1,'aless'),
 (2,1,'daiane'),
 (3,2,'daiane'),
 (4,3,'daiane'),
 (5,4,'aless'),
 (6,5,'aless');
/*!40000 ALTER TABLE `msg_destinatario` ENABLE KEYS */;


--
-- Definition of table `msg_mensagem`
--

DROP TABLE IF EXISTS `msg_mensagem`;
CREATE TABLE `msg_mensagem` (
  `COD_MENSAGEM` int(10) NOT NULL AUTO_INCREMENT,
  `COD_EMPRESA` int(10) DEFAULT NULL,
  `ASSUNTO` varchar(250) DEFAULT NULL,
  `MENSAGEM` longtext,
  `DT_ENVIO` datetime DEFAULT NULL,
  PRIMARY KEY (`COD_MENSAGEM`)
) ENGINE=InnoDB AUTO_INCREMENT=6 DEFAULT CHARSET=utf8;

--
-- Dumping data for table `msg_mensagem`
--

/*!40000 ALTER TABLE `msg_mensagem` DISABLE KEYS */;
INSERT INTO `msg_mensagem` (`COD_MENSAGEM`,`COD_EMPRESA`,`ASSUNTO`,`MENSAGEM`,`DT_ENVIO`) VALUES 
 (1,NULL,'VBOSS','Oi, amor.. efetuado o cadastro no VBOSS.\r\nJá cadastrei praticamente todas minhas contas a pagar e receber ;-) Depois tenho de te mostrar como funciona e se vamos usar esse sistema mesmo ou se vamos pra o esquema de planilha, Bjs','2014-01-23 04:30:12'),
 (2,NULL,'PSIU!!!','Te amo!','2014-01-31 16:27:59'),
 (3,NULL,'PSIU','Uma vez tive um sonho, sonhava subir até uma das montanhas mais altas só pra te ver, e se lá não você não estiver, de lá gritarei seu nome para ver se me ouve, e se me ouvires,\r\ndirei uma só frase: Eu te amo.\r\nEsperava que o vento ao soprar venha levar consigo o que eu disse, e quando ele soprar em seu ouvido, escutarás junto ao vento: Eu te amo.\r\n','2014-02-22 20:19:23'),
 (4,NULL,'Re: PSIU','Lindooooo!\r\nEmocionante meu amor.. Me ocorreu a imagem e essa linda demonstração de amor. Espero que mesmo que eu não vá até as montanhas, você sinta o amor gigante que sinto por você. Te amo, te quero sempre ao meu lado. \r\nSem palavras.. emocionada mesmo... \r\nTe amo, te amo, te amo..\r\n\r\n<blockquote dir=\"ltr\" style=\"padding-right:0px; padding-left:5px; border-left:#000000 2px solid; margin-right:0px;\">\r\n	 <div style=\"font: 11px arial;\">----- Original Message -----</div>\r\n	 <div style=\"background:#E4E4E4;font: 11px arial; color:#000000;\"><b>De: </b>aless</div>\r\n	 <div style=\"font: 11px arial;\"><b>Para:  </b>daiane; aless</div>\r\n	 <div style=\"font: 11px arial;\"><b>Enviado:  </b>Sábado, 22 de Fevereiro de 2014, 20:19</div>\r\n	 <div style=\"font: 11px arial;\"><b>Assunto:  </b>PSIU</div>\r\n	 <div><br></div>\r\n	 <div><font style=\"font: 11px arial;\">Uma vez tive um sonho, sonhava subir até uma das montanhas mais altas só pra te ver, e se lá não você não estiver, de lá gritarei seu nome para ver se me ouve, e se me ouvires,\r\ndirei uma só frase: Eu te amo.\r\nEsperava que o vento ao soprar venha levar consigo o que eu disse, e quando ele soprar em seu ouvido, escutarás junto ao vento: Eu te amo.\r\n</font></div>\r\n</blockquote>','2014-02-25 20:32:29'),
 (5,NULL,'Re: PSIU!!!','Oiiii... \r\n\r\nTe amo meu tudo!!!\r\n\r\n<blockquote dir=\"ltr\" style=\"padding-right:0px; padding-left:5px; border-left:#000000 2px solid; margin-right:0px;\">\r\n	 <div style=\"font: 11px arial;\">----- Original Message -----</div>\r\n	 <div style=\"background:#E4E4E4;font: 11px arial; color:#000000;\"><b>De: </b>aless</div>\r\n	 <div style=\"font: 11px arial;\"><b>Para:  </b>daiane; aless</div>\r\n	 <div style=\"font: 11px arial;\"><b>Enviado:  </b>Sexta-feira, 31 de Janeiro de 2014, 16:27</div>\r\n	 <div style=\"font: 11px arial;\"><b>Assunto:  </b>PSIU!!!</div>\r\n	 <div><br></div>\r\n	 <div><font style=\"font: 11px arial;\">Te amo!</font></div>\r\n</blockquote>','2014-02-25 20:32:53');
/*!40000 ALTER TABLE `msg_mensagem` ENABLE KEYS */;


--
-- Definition of table `msg_pasta`
--

DROP TABLE IF EXISTS `msg_pasta`;
CREATE TABLE `msg_pasta` (
  `COD_MSG_PASTA` int(10) NOT NULL AUTO_INCREMENT,
  `COD_MENSAGEM` int(10) DEFAULT NULL,
  `COD_USER` varchar(120) DEFAULT NULL,
  `PASTA` varchar(250) DEFAULT NULL,
  `LIDO` tinyint(1) NOT NULL DEFAULT '0',
  `DT_LIDO` datetime DEFAULT NULL,
  PRIMARY KEY (`COD_MSG_PASTA`),
  KEY `COD_USUARIO` (`COD_USER`),
  KEY `MSG_PASTACOD_MENSAGEM` (`COD_MENSAGEM`)
) ENGINE=InnoDB AUTO_INCREMENT=12 DEFAULT CHARSET=utf8;

--
-- Dumping data for table `msg_pasta`
--

/*!40000 ALTER TABLE `msg_pasta` DISABLE KEYS */;
INSERT INTO `msg_pasta` (`COD_MSG_PASTA`,`COD_MENSAGEM`,`COD_USER`,`PASTA`,`LIDO`,`DT_LIDO`) VALUES 
 (1,1,'aless','CX_SAIDA',0,NULL),
 (2,1,'aless','CX_ENTRADA',1,'2014-01-24 00:00:00'),
 (3,1,'daiane','CX_ENTRADA',1,'2014-01-23 00:00:00'),
 (4,2,'aless','CX_SAIDA',0,NULL),
 (5,2,'daiane','CX_ENTRADA',1,'2014-02-25 00:00:00'),
 (6,3,'aless','CX_SAIDA',0,NULL),
 (7,3,'daiane','CX_ENTRADA',1,'2014-02-25 00:00:00'),
 (8,4,'daiane','CX_SAIDA',0,NULL),
 (9,4,'aless','CX_ENTRADA',1,'2014-02-26 00:00:00'),
 (10,5,'daiane','CX_SAIDA',0,NULL),
 (11,5,'aless','CX_ENTRADA',1,'2014-02-26 00:00:00');
/*!40000 ALTER TABLE `msg_pasta` ENABLE KEYS */;


--
-- Definition of table `msg_remetente`
--

DROP TABLE IF EXISTS `msg_remetente`;
CREATE TABLE `msg_remetente` (
  `COD_MSG_REMETENTE` int(10) NOT NULL AUTO_INCREMENT,
  `COD_MENSAGEM` int(10) DEFAULT NULL,
  `COD_USER_REMETENTE` varchar(120) DEFAULT NULL,
  PRIMARY KEY (`COD_MSG_REMETENTE`),
  KEY `MSG_REMETENTECOD_MENSAGEM` (`COD_MENSAGEM`)
) ENGINE=InnoDB AUTO_INCREMENT=6 DEFAULT CHARSET=utf8;

--
-- Dumping data for table `msg_remetente`
--

/*!40000 ALTER TABLE `msg_remetente` DISABLE KEYS */;
INSERT INTO `msg_remetente` (`COD_MSG_REMETENTE`,`COD_MENSAGEM`,`COD_USER_REMETENTE`) VALUES 
 (1,1,'aless'),
 (2,2,'aless'),
 (3,3,'aless'),
 (4,4,'daiane'),
 (5,5,'daiane');
/*!40000 ALTER TABLE `msg_remetente` ENABLE KEYS */;


--
-- Definition of table `msg_temp_anexo`
--

DROP TABLE IF EXISTS `msg_temp_anexo`;
CREATE TABLE `msg_temp_anexo` (
  `COD_MSG_TEMP_ANEXO` int(10) NOT NULL AUTO_INCREMENT,
  `SESSION` varchar(255) DEFAULT NULL,
  `ARQUIVO` varchar(255) DEFAULT NULL,
  `DESCRICAO` varchar(255) DEFAULT NULL,
  PRIMARY KEY (`COD_MSG_TEMP_ANEXO`),
  KEY `MSG_ANEXOCOD_MENSAGEM` (`SESSION`)
) ENGINE=InnoDB DEFAULT CHARSET=utf8;

--
-- Dumping data for table `msg_temp_anexo`
--

/*!40000 ALTER TABLE `msg_temp_anexo` DISABLE KEYS */;
/*!40000 ALTER TABLE `msg_temp_anexo` ENABLE KEYS */;


--
-- Definition of table `nf_item`
--

DROP TABLE IF EXISTS `nf_item`;
CREATE TABLE `nf_item` (
  `COD_NF_ITEM` int(10) NOT NULL AUTO_INCREMENT,
  `COD_NF` int(10) DEFAULT NULL,
  `COD_SERVICO` int(10) DEFAULT NULL,
  `TIT_SERVICO` varchar(255) DEFAULT NULL,
  `DESC_SERVICO` varchar(255) DEFAULT NULL,
  `DESC_EXTRA` varchar(255) DEFAULT NULL,
  `OBS_SERVICO` longtext,
  `VALOR_ORIG` double(15,5) DEFAULT NULL,
  `VALOR` double(15,5) DEFAULT NULL,
  `PRC_COMISSAO` double(15,5) DEFAULT NULL,
  `VLR_COMISSAO` double(15,5) DEFAULT NULL,
  PRIMARY KEY (`COD_NF_ITEM`),
  KEY `COD_NF` (`COD_NF`),
  KEY `COD_SERVICO` (`COD_SERVICO`),
  KEY `NF_NOTANF_ITEM` (`COD_NF`),
  CONSTRAINT `nf_item_cod_nf_fkey` FOREIGN KEY (`COD_NF`) REFERENCES `nf_nota` (`COD_NF`) ON UPDATE CASCADE
) ENGINE=InnoDB AUTO_INCREMENT=2 DEFAULT CHARSET=utf8;

--
-- Dumping data for table `nf_item`
--

/*!40000 ALTER TABLE `nf_item` DISABLE KEYS */;
INSERT INTO `nf_item` (`COD_NF_ITEM`,`COD_NF`,`COD_SERVICO`,`TIT_SERVICO`,`DESC_SERVICO`,`DESC_EXTRA`,`OBS_SERVICO`,`VALOR_ORIG`,`VALOR`,`PRC_COMISSAO`,`VLR_COMISSAO`) VALUES 
 (1,1,121,'02798 - Licenciamento ou cessão de direito de uso de programas de computador, inlusive distribuição','02798 - Licenciamento ou cessão de direito de uso de programas de computador, inlusive distribuição','','',0.00000,0.00000,0.00000,0.00000);
/*!40000 ALTER TABLE `nf_item` ENABLE KEYS */;


--
-- Definition of table `nf_nota`
--

DROP TABLE IF EXISTS `nf_nota`;
CREATE TABLE `nf_nota` (
  `COD_NF` int(10) NOT NULL AUTO_INCREMENT,
  `COD_CFG_NF` int(10) DEFAULT NULL,
  `NUM_NF` varchar(20) DEFAULT NULL,
  `SERIE` varchar(10) DEFAULT NULL,
  `SITUACAO` varchar(20) DEFAULT NULL,
  `DT_EMISSAO` datetime DEFAULT NULL,
  `ARQUIVO` varchar(250) DEFAULT NULL,
  `COD_CLI` int(10) DEFAULT NULL,
  `TIPO` varchar(20) DEFAULT NULL,
  `CLI_NOME` varchar(255) DEFAULT NULL,
  `CLI_ENDER` varchar(255) DEFAULT NULL,
  `CLI_NUM_DOC` varchar(20) DEFAULT NULL,
  `CLI_INSC_ESTADUAL` varchar(20) DEFAULT NULL,
  `CLI_CEP` varchar(20) DEFAULT NULL,
  `CLI_BAIRRO` varchar(250) DEFAULT NULL,
  `CLI_CIDADE` varchar(250) DEFAULT NULL,
  `CLI_ESTADO` varchar(50) DEFAULT NULL,
  `CLI_FONE` varchar(25) DEFAULT NULL,
  `OBS_NF` longtext,
  `COD_CONTRATO` int(10) DEFAULT NULL,
  `NUM_CONTRATO` varchar(100) DEFAULT NULL,
  `OBS_CONTRATO` longtext,
  `TOT_SERVICO` double(15,5) DEFAULT NULL,
  `TOT_NF` double(15,5) DEFAULT NULL,
  `TOT_IMPOSTO` double(15,5) DEFAULT NULL,
  `TOT_IMPOSTO_CLI` double(15,5) DEFAULT NULL,
  `VLR_ISSQN` double(15,5) DEFAULT NULL,
  `VLR_IRPJ` double(15,5) DEFAULT NULL,
  `VLR_COFINS` double(15,5) DEFAULT NULL,
  `VLR_PIS` double(15,5) DEFAULT NULL,
  `VLR_CSOCIAL` double(15,5) DEFAULT NULL,
  `VLR_IRRF` double(15,5) DEFAULT NULL,
  `SYS_DTT_INS` datetime DEFAULT NULL,
  `SYS_ID_USUARIO_INS` varchar(50) DEFAULT NULL,
  `SYS_DTT_EMISSAO` datetime DEFAULT NULL,
  `SYS_ID_USUARIO_EMISSAO` varchar(50) DEFAULT NULL,
  `SYS_DTT_CANCEL` datetime DEFAULT NULL,
  `SYS_ID_USUARIO_CANCEL` varchar(50) DEFAULT NULL,
  `VLR_COMISSAO` double(15,5) DEFAULT NULL,
  `PRZ_VCTO` varchar(50) DEFAULT NULL,
  `COD_NF_IRRF` int(10) DEFAULT NULL,
  `COD_NF_REDUCAO` int(10) DEFAULT NULL,
  `VLR_IRRF_ACUM` double(15,5) DEFAULT NULL,
  `VLR_REDUCAO_ACUM` double(15,5) DEFAULT NULL,
  `SYS_DTT_UPD` datetime DEFAULT NULL,
  `SYS_ID_USUARIO_UPD` varchar(50) DEFAULT NULL,
  `COD_CONTA_PAGAR_RECEBER` int(11) DEFAULT NULL,
  `SYS_DTT_INATIVO` datetime DEFAULT NULL,
  `SYS_ID_USUARIO_INATIVO` varchar(50) DEFAULT NULL,
  PRIMARY KEY (`COD_NF`),
  KEY `ALIQ_ISSQN` (`VLR_ISSQN`),
  KEY `CFG_NFNF_NOTA` (`COD_CFG_NF`),
  KEY `NUM_DOC` (`CLI_NUM_DOC`)
) ENGINE=InnoDB AUTO_INCREMENT=2 DEFAULT CHARSET=utf8;

--
-- Dumping data for table `nf_nota`
--

/*!40000 ALTER TABLE `nf_nota` DISABLE KEYS */;
INSERT INTO `nf_nota` (`COD_NF`,`COD_CFG_NF`,`NUM_NF`,`SERIE`,`SITUACAO`,`DT_EMISSAO`,`ARQUIVO`,`COD_CLI`,`TIPO`,`CLI_NOME`,`CLI_ENDER`,`CLI_NUM_DOC`,`CLI_INSC_ESTADUAL`,`CLI_CEP`,`CLI_BAIRRO`,`CLI_CIDADE`,`CLI_ESTADO`,`CLI_FONE`,`OBS_NF`,`COD_CONTRATO`,`NUM_CONTRATO`,`OBS_CONTRATO`,`TOT_SERVICO`,`TOT_NF`,`TOT_IMPOSTO`,`TOT_IMPOSTO_CLI`,`VLR_ISSQN`,`VLR_IRPJ`,`VLR_COFINS`,`VLR_PIS`,`VLR_CSOCIAL`,`VLR_IRRF`,`SYS_DTT_INS`,`SYS_ID_USUARIO_INS`,`SYS_DTT_EMISSAO`,`SYS_ID_USUARIO_EMISSAO`,`SYS_DTT_CANCEL`,`SYS_ID_USUARIO_CANCEL`,`VLR_COMISSAO`,`PRZ_VCTO`,`COD_NF_IRRF`,`COD_NF_REDUCAO`,`VLR_IRRF_ACUM`,`VLR_REDUCAO_ACUM`,`SYS_DTT_UPD`,`SYS_ID_USUARIO_UPD`,`COD_CONTA_PAGAR_RECEBER`,`SYS_DTT_INATIVO`,`SYS_ID_USUARIO_INATIVO`) VALUES 
 (1,5,'448','04','CANCELADA','2014-12-02 00:00:00','NFiscal1_448_20141202.htm',4186,NULL,'ABIMED ASSOC BRAS DOS IMP DE EQUIP PROD E SUP MED HOSP','AV. Iraí  Ed. Torres do Ibirapuera - Bloco B - Conjs. 92/93, 75/79','01450951000125','','04082-000','','SÃO PAULO','SP','11 -50922568','',NULL,NULL,NULL,0.00000,0.00000,0.00000,0.00000,0.00000,0.00000,0.00000,0.00000,0.00000,0.00000,'2014-12-02 00:32:50','aless','2014-12-02 00:34:29','aless','2014-12-02 00:35:22','aless',0.00000,'',NULL,NULL,0.00000,0.00000,NULL,NULL,NULL,NULL,NULL);
/*!40000 ALTER TABLE `nf_nota` ENABLE KEYS */;


--
-- Definition of table `nf_nota_form`
--

DROP TABLE IF EXISTS `nf_nota_form`;
CREATE TABLE `nf_nota_form` (
  `COD_NOTA_FORM` int(10) NOT NULL AUTO_INCREMENT,
  `NUM_NF` varchar(50) DEFAULT NULL,
  `NUM_FORM` varchar(50) DEFAULT NULL,
  PRIMARY KEY (`COD_NOTA_FORM`),
  KEY `NUM_FORM` (`NUM_FORM`),
  KEY `NUM_NF` (`NUM_NF`)
) ENGINE=InnoDB DEFAULT CHARSET=utf8;

--
-- Dumping data for table `nf_nota_form`
--

/*!40000 ALTER TABLE `nf_nota_form` DISABLE KEYS */;
/*!40000 ALTER TABLE `nf_nota_form` ENABLE KEYS */;


--
-- Definition of table `notepad`
--

DROP TABLE IF EXISTS `notepad`;
CREATE TABLE `notepad` (
  `COD_NOTEPAD` int(10) NOT NULL AUTO_INCREMENT,
  `ID_USUARIO` varchar(50) DEFAULT NULL,
  `TEXTO` longtext,
  `TITULO` varchar(250) DEFAULT NULL,
  `SYS_DTT_INS` timestamp NOT NULL DEFAULT CURRENT_TIMESTAMP ON UPDATE CURRENT_TIMESTAMP,
  `SYS_DTT_UPD` timestamp NOT NULL DEFAULT '0000-00-00 00:00:00',
  `TIPO` varchar(50) DEFAULT NULL,
  `USUARIOS` longtext,
  PRIMARY KEY (`COD_NOTEPAD`),
  KEY `ID_USUARIO` (`ID_USUARIO`)
) ENGINE=InnoDB AUTO_INCREMENT=5 DEFAULT CHARSET=utf8;

--
-- Dumping data for table `notepad`
--

/*!40000 ALTER TABLE `notepad` DISABLE KEYS */;
INSERT INTO `notepad` (`COD_NOTEPAD`,`ID_USUARIO`,`TEXTO`,`TITULO`,`SYS_DTT_INS`,`SYS_DTT_UPD`,`TIPO`,`USUARIOS`) VALUES 
 (1,'aless','Cobrar/Gerar mensalidade?!\r\nDefinição projeto...','PISOCLEAN','2015-05-27 03:16:30','0000-00-00 00:00:00','TOP',NULL),
 (2,'aless','Seguir implementações par o João?!','iORBE','2015-05-27 03:17:06','0000-00-00 00:00:00','TOP',NULL),
 (3,'aless','Iniciar modelagem para MetroUI','VBOSS','2015-05-27 03:24:41','2015-05-27 03:24:38','TOP',NULL),
 (4,'aless','[   ] CDI(2/2) 25/09 300\r\n[   ] CDI(1/2) 25/08 300 \r\n[   ] IBGEN(13/02/14) 458 \r\n[   ] FRANQ(3/3) 26/03 1120\r\n[ok] FRANQ(2/3) 26/02 1200\r\n[ok] FRANQ(1/3) 26/01 1200\r\n','HISTÓRICO','2015-05-27 03:26:33','2015-05-27 03:26:20','LEFT','aless;  ');
/*!40000 ALTER TABLE `notepad` ENABLE KEYS */;


--
-- Definition of table `prj_backlog`
--

DROP TABLE IF EXISTS `prj_backlog`;
CREATE TABLE `prj_backlog` (
  `COD_PRJ_BACKLOG` int(10) NOT NULL AUTO_INCREMENT,
  `COD_PROJETO` int(10) NOT NULL,
  `TITULO` varchar(255) DEFAULT NULL,
  `DESCRICAO` longtext,
  `TAMANHO` double(15,5) DEFAULT NULL,
  `ROI` double(15,5) DEFAULT NULL,
  `STATUS` varchar(20) DEFAULT NULL,
  `SYS_DTT_INS` datetime DEFAULT NULL,
  `SYS_DTT_ALT` datetime DEFAULT NULL,
  `SYS_ID_USUARIO_INS` varchar(50) DEFAULT NULL,
  `SYS_ID_USUARIO_ALT` varchar(50) DEFAULT NULL,
  PRIMARY KEY (`COD_PRJ_BACKLOG`)
) ENGINE=InnoDB DEFAULT CHARSET=utf8;

--
-- Dumping data for table `prj_backlog`
--

/*!40000 ALTER TABLE `prj_backlog` DISABLE KEYS */;
/*!40000 ALTER TABLE `prj_backlog` ENABLE KEYS */;


--
-- Definition of table `prj_categoria`
--

DROP TABLE IF EXISTS `prj_categoria`;
CREATE TABLE `prj_categoria` (
  `COD_CATEGORIA` int(10) NOT NULL AUTO_INCREMENT,
  `NOME` varchar(50) DEFAULT NULL,
  `DESCRICAO` varchar(255) DEFAULT NULL,
  `DT_INATIVO` datetime DEFAULT NULL,
  PRIMARY KEY (`COD_CATEGORIA`),
  UNIQUE KEY `Index_5617C1BE_0CC5_4982` (`COD_CATEGORIA`)
) ENGINE=InnoDB DEFAULT CHARSET=utf8;

--
-- Dumping data for table `prj_categoria`
--

/*!40000 ALTER TABLE `prj_categoria` DISABLE KEYS */;
/*!40000 ALTER TABLE `prj_categoria` ENABLE KEYS */;


--
-- Definition of table `prj_projeto`
--

DROP TABLE IF EXISTS `prj_projeto`;
CREATE TABLE `prj_projeto` (
  `COD_PROJETO` int(10) NOT NULL AUTO_INCREMENT,
  `COD_CONTRATO` int(10) DEFAULT NULL,
  `COD_CATEGORIA` int(10) DEFAULT NULL,
  `ID_RESPONSAVEL` varchar(50) DEFAULT NULL,
  `TITULO` varchar(255) DEFAULT NULL,
  `DESCRICAO` longtext,
  `FASE_ATUAL` varchar(30) DEFAULT NULL,
  `PREV_TOT_HORAS` int(10) DEFAULT NULL,
  `VLR_CONTRATO_TOTAL` double(15,5) DEFAULT NULL,
  `VLR_CONTRATO_HORA` double(15,5) DEFAULT NULL,
  `DT_INICIO` datetime DEFAULT NULL,
  `DT_DEADLINE` datetime DEFAULT NULL,
  `DT_INATIVO` datetime DEFAULT NULL,
  `SYS_DTT_INS` datetime DEFAULT NULL,
  `SYS_DTT_ALT` datetime DEFAULT NULL,
  `SYS_ID_USUARIO_INS` varchar(50) DEFAULT NULL,
  `SYS_ID_USUARIO_ALT` varchar(50) DEFAULT NULL,
  PRIMARY KEY (`COD_PROJETO`),
  UNIQUE KEY `Index_1DB61564_901E_495F` (`COD_PROJETO`)
) ENGINE=InnoDB DEFAULT CHARSET=utf8;

--
-- Dumping data for table `prj_projeto`
--

/*!40000 ALTER TABLE `prj_projeto` DISABLE KEYS */;
/*!40000 ALTER TABLE `prj_projeto` ENABLE KEYS */;


--
-- Definition of table `prj_projeto_fase`
--

DROP TABLE IF EXISTS `prj_projeto_fase`;
CREATE TABLE `prj_projeto_fase` (
  `COD_PROJETO_FASE` int(10) NOT NULL AUTO_INCREMENT,
  `COD_PROJETO` int(10) DEFAULT NULL,
  `FASE` varchar(30) DEFAULT NULL,
  `SYS_DTT_INS` datetime DEFAULT NULL,
  `SYS_ID_USUARIO_INS` varchar(50) DEFAULT NULL,
  PRIMARY KEY (`COD_PROJETO_FASE`),
  UNIQUE KEY `Index_E72E9FFA_8CF7_47E2` (`COD_PROJETO_FASE`)
) ENGINE=InnoDB DEFAULT CHARSET=utf8;

--
-- Dumping data for table `prj_projeto_fase`
--

/*!40000 ALTER TABLE `prj_projeto_fase` DISABLE KEYS */;
/*!40000 ALTER TABLE `prj_projeto_fase` ENABLE KEYS */;


--
-- Definition of table `processo`
--

DROP TABLE IF EXISTS `processo`;
CREATE TABLE `processo` (
  `COD_PROCESSO` int(10) NOT NULL AUTO_INCREMENT,
  `COD_CATEGORIA` int(10) DEFAULT NULL,
  `ID_PROCESSO` varchar(20) DEFAULT NULL,
  `NOME` varchar(250) DEFAULT NULL,
  `DESCRICAO` longtext,
  `AUTORES` longtext,
  `DATA` datetime DEFAULT NULL,
  `SYS_DT_CRIACAO` datetime DEFAULT NULL,
  `SYS_INS_ID_USUARIO` varchar(120) DEFAULT NULL,
  `SYS_DT_ALTERACAO` varchar(120) DEFAULT NULL,
  `SYS_ALT_ID_USUARIO` varchar(120) DEFAULT NULL,
  `DT_HOMOLOGACAO` datetime DEFAULT NULL,
  PRIMARY KEY (`COD_PROCESSO`),
  KEY `ID` (`ID_PROCESSO`)
) ENGINE=InnoDB AUTO_INCREMENT=38 DEFAULT CHARSET=utf8;

--
-- Dumping data for table `processo`
--

/*!40000 ALTER TABLE `processo` DISABLE KEYS */;
INSERT INTO `processo` (`COD_PROCESSO`,`COD_CATEGORIA`,`ID_PROCESSO`,`NOME`,`DESCRICAO`,`AUTORES`,`DATA`,`SYS_DT_CRIACAO`,`SYS_INS_ID_USUARIO`,`SYS_DT_ALTERACAO`,`SYS_ALT_ID_USUARIO`,`DT_HOMOLOGACAO`) VALUES 
 (5,1,'01 ACCS','AVISO DE COBRANÇA de CONTRATOS e SERVIÇOS','Processo de registro de \"avisos de cobrança\" no sistema VBoss para emissão das notas fiscais e registros das previsão nos sistema financeiro.','Aless, Luis Felipe e Mauro','2006-10-18 00:00:00','2006-11-08 12:50:22','clvsutil','21/07/2009 13:56:20','aless','2006-11-08 12:54:45'),
 (6,1,'02 ER','EMISSÃO DE RECIBO','Emissão de recido, arquivamento  e aviso ao cliente','Aless, Luis Felipe e Mauro','2006-10-25 00:00:00','2006-11-08 12:50:22','clvsutil','23/11/2006 10:18:01','alan','2006-11-08 12:54:45'),
 (7,1,'03 ENF','EMISSÃO DE NOTA FISCAL','Emissão de nota fiscal, arquivamento e aviso ao cliente','Aless, Luis Felipe e Mauro','2006-10-25 00:00:00','2006-11-08 12:50:22','clvsutil',NULL,NULL,'2006-11-08 12:54:45'),
 (8,1,'04 EB','EMISSÃO DE BOLETO',NULL,'Aless, Luis Felipe e Mauro','2006-10-25 00:00:00','2006-11-08 12:50:22','aless',NULL,NULL,'2006-11-08 12:54:45'),
 (9,1,'05 CP - A','COBRANÇA DE CLIENTES','Processo para controle de cobrança, lançamentos dos pagamentos dos clientes e avisos de cobranças em atrasos.','Aless, Luis Felipe e Mauro','2006-11-22 00:00:00','2006-11-27 09:50:00','aless',NULL,NULL,NULL),
 (11,1,'05 CP - B','COBRANÇA DE CLIENTES','Processo para controle de cobrança, lançamentos dos pagamentos dos clientes e avisos de cobranças em atrasos.','Aless, Cleverson','2006-11-22 00:00:00','2006-11-27 09:50:00','aless',NULL,NULL,NULL),
 (12,1,'Novo','Novo processo','teste athenas','Alan','2006-10-18 00:00:00','2006-11-28 14:48:00','alan',NULL,NULL,NULL),
 (13,1,'Novo','Novo (2)','Alan\'','Alan','2006-11-29 00:00:00',NULL,'alan',NULL,NULL,NULL),
 (26,1,'01 ICM','INSTALAÇÃO E CONFIGURAÇÃO DE MÁQUINA','Este documento possui os passos a serem seguidos por quem for preparar uma máquina com WinXP para ser usada na sede do grupo ProEvento.','Cleverson, gabriel, Leandro','2007-02-09 00:00:00',NULL,'clvsutil','20/08/2009 14:56:08','tatiana','2009-07-08 00:00:00'),
 (27,1,'01 ATEND','ATENDIMENTO TELEFÔNICO/CLIENTE','Processo de atendimento telefônico a solicitação de clientes','Aless','2006-10-23 00:00:00',NULL,'aless','21/07/2009 13:53:46','aless',NULL),
 (28,1,'01 CHAMADO','ABERTURA DE CHAMADO','Abertura de chamdo a cliente com registro de ToDo','Aless, Cleverson e Tatiana','2006-10-20 00:00:00',NULL,'aless','08/03/2007 12:38:56','aless',NULL),
 (30,1,'01 N-LETTER','N-LETTER - Novo cliente','Criação do ambiente para um novo cliente do n-letter','Aless','2007-07-13 00:00:00',NULL,'aless','17/07/2007 15:36:10','aless','2007-07-17 00:00:00'),
 (31,1,'02 ELE','ENVIO DE LOGS DE EMAILS','Os emails de log que forem enviados de sites e sistemas deverão seguir as regras indicadas','Alan, Aless, Cleverson, Mauro, Tatiana','2007-08-16 00:00:00',NULL,'clvsutil','10/09/2008 10:47:01','clvborges','2008-09-10 10:52:29'),
 (32,1,'01 REVENDA to IDC','MIGRAÇÃO REVENDA to IDC','Processo de migração de sites colocados no Plano Revenda para o nosso IDC.','Aless, Tati','2008-06-18 00:00:00',NULL,'aless',NULL,NULL,NULL),
 (33,1,'01 - INVENTÁRIO IN','INVENTÀRIO INCLUSÃO','Precesso para Inventariar um novo bem adquirido pelo grupo','Gabriel','2009-07-08 00:00:00',NULL,'gabriel','21/07/2009 13:44:14','aless',NULL),
 (34,1,'02 - INVENTÁRIO MAN','INVENTÁRIO MANUTENÇÃO','Processo para alteração de local de equipamento','Gabriel','2009-07-31 00:00:00',NULL,'gabriel','21/08/2009 09:10:18','gabriel',NULL),
 (35,1,'03 - INVENTÁRIO OUT','INVENTÁRIO EXCLUSÃO','Processo de exclusão de equimento do inventario','Gabriel','2009-07-31 00:00:00',NULL,'gabriel',NULL,NULL,NULL),
 (36,2,'01 - Faturamento','Faturamento','Descrição geral do processo de faturamento','Luis Felipe','2010-03-05 00:00:00','2010-03-05 16:16:14','kiko','2010-03-05 17:35:24','kiko',NULL),
 (37,1,'PONTO','FECHAMENTO DO PONTO','FECHAMENTO DO PONTO','LARISSA','2010-03-30 00:00:00','2010-03-30 15:11:28','larissa',NULL,NULL,NULL);
/*!40000 ALTER TABLE `processo` ENABLE KEYS */;


--
-- Definition of table `processo_categoria`
--

DROP TABLE IF EXISTS `processo_categoria`;
CREATE TABLE `processo_categoria` (
  `COD_CATEGORIA` int(10) NOT NULL AUTO_INCREMENT,
  `NOME` varchar(50) DEFAULT NULL,
  `DESCRICAO` varchar(255) DEFAULT NULL,
  `DT_INATIVO` datetime DEFAULT NULL,
  PRIMARY KEY (`COD_CATEGORIA`),
  KEY `DT_INATIVO` (`DT_INATIVO`),
  KEY `NOME` (`NOME`)
) ENGINE=InnoDB AUTO_INCREMENT=8 DEFAULT CHARSET=utf8;

--
-- Dumping data for table `processo_categoria`
--

/*!40000 ALTER TABLE `processo_categoria` DISABLE KEYS */;
INSERT INTO `processo_categoria` (`COD_CATEGORIA`,`NOME`,`DESCRICAO`,`DT_INATIVO`) VALUES 
 (1,'Administrativo',NULL,NULL),
 (2,'Financeiro',NULL,NULL),
 (3,'Produção',NULL,NULL),
 (4,'Chamado',NULL,NULL),
 (5,'Marketing',NULL,NULL),
 (6,'Sistema',NULL,NULL),
 (7,'Qualidade',NULL,NULL);
/*!40000 ALTER TABLE `processo_categoria` ENABLE KEYS */;


--
-- Definition of table `processo_tarefa`
--

DROP TABLE IF EXISTS `processo_tarefa`;
CREATE TABLE `processo_tarefa` (
  `COD_TAREFA` int(10) NOT NULL AUTO_INCREMENT,
  `COD_PROCESSO` int(10) DEFAULT NULL,
  `NUMERO` int(10) DEFAULT NULL,
  `DESC_OQUE` longtext,
  `DESC_QUEM` longtext,
  `DESC_QUANDO` longtext,
  `COMPLEMENTAR` longtext,
  `ARQ_ANEXO` varchar(255) DEFAULT NULL,
  PRIMARY KEY (`COD_TAREFA`),
  KEY `PROCESSOPROCESSO_TAREFA` (`COD_PROCESSO`),
  CONSTRAINT `processo_tarefa_cod_processo_fkey` FOREIGN KEY (`COD_PROCESSO`) REFERENCES `processo` (`COD_PROCESSO`) ON UPDATE CASCADE
) ENGINE=InnoDB AUTO_INCREMENT=141 DEFAULT CHARSET=utf8;

--
-- Dumping data for table `processo_tarefa`
--

/*!40000 ALTER TABLE `processo_tarefa` DISABLE KEYS */;
INSERT INTO `processo_tarefa` (`COD_TAREFA`,`COD_PROCESSO`,`NUMERO`,`DESC_OQUE`,`DESC_QUEM`,`DESC_QUANDO`,`COMPLEMENTAR`,`ARQ_ANEXO`) VALUES 
 (4,5,1,'Criar \"ToDo\" para Dir. Financeiro - Título: \" FECHAMENTO de CONTRATO - [nome do cliente]\" (categoria contrato)','Responsável pelo contrato (quem assina)','Novo contrato assinado',NULL,NULL),
 (5,5,2,'Deixar as vias do contrato no escaninho de \"ENTRADA\" na mesa do Dir. Financeiro','Responsável pelo contrato (quem assina)','Depois de 1',NULL,NULL),
 (6,5,3,'No caso de novos clientes, cadastrá-los no \"Laçador\" (Z:/) (ManClientes.exe)','Secretária',NULL,NULL,NULL),
 (7,5,4,'Nos casos de cobranças de horas (já incluídas em contrato), enviar email para secretária','Responsável pelo contrato (quem assina)','Depois de 1',NULL,NULL),
 (8,5,5,'Imprimir email e deixar \"ENTRADA\" na mesa do Dir. Financeiro','Secretária','Depois de 4',NULL,NULL),
 (9,5,6,'Revisão do contrato (datas, valores, assinaturas, etc)','Dir. Financeiro','Depois de 2',NULL,NULL),
 (10,5,7,'Lançamento no sistema financeiro das previsões de recebimento','Dir. Financeiro','Depois de 4',NULL,NULL),
 (11,5,8,'Arquivamento do contrato na pasta de contratos do clientes','Dir. Financeiro','Depois de 5',NULL,NULL),
 (12,5,9,'Criar \"ToDos\" para todos os recebimentos previstos pelo(s) contrato(s), como lembrete de emissão de cobrança (contratos mensais + valores sem contrato). Título: \"EMITIR NF -[cliente]\" ou \"EMITIR RECIBO - [cliente]','Dir. Financeiro','Depois de 6','ER, ENF',NULL),
 (13,6,1,'Verificar no ToDo os processos titulados: \"EMITIR RECIBO - [cliente]','Secretária','diariamente (manhã)',NULL,NULL),
 (14,6,2,'Acessar o documento modelo (zeus/administrativo/...), preencher os dados conforme observações do ToDo e cadastro do cliente.','Secretária','Depois de 1',NULL,NULL),
 (15,6,3,'Emitir Recibo em 2 vias.','Secretária','Depois de 2',NULL,NULL),
 (16,6,4,'Revisar/Corrigir e encaminhar para Dir Financeiro auditar','Secretária','Depois de 3',NULL,NULL),
 (17,6,5,'Auditar (ERRO ou OK)','Dir. Financeiro','Depois de 4',NULL,NULL),
 (18,6,6,'ERRO: anular recibo, e voltar ao passo 2 corrigindo os erros apontados','Secretária','Depois de 5',NULL,NULL),
 (19,6,7,'OK: Enviar e-mail de aviso e/ou mandar pelo correio. Observar no próprio ToDo casos de NÃO ENVIO','Secretária','Depois de 5',NULL,NULL),
 (20,6,8,'Gerar ToDo (Resp. Dir Financeiro, Executor: Secretária ). Título \"CONF. PGTO - NF\"','Secretária','Depois de 7',NULL,NULL),
 (21,6,9,'Se o recibo foi emitido, pode fechar a tarefa que a gerou \"EMITIR RECIBO - [cliente]. Na resposta colocar o número da nota emitida','Secretária','Depois de 7',NULL,NULL),
 (22,6,10,'Arquivar documentos na movimentação do mês referente (pela data de cobrança)','Secretária','Depois de 9',NULL,NULL),
 (23,7,1,'Verificar no ToDo os processos titulados: \"EMITIR NF - [cliente]','Secretária','diariamente (manhã)',NULL,NULL),
 (24,7,2,'Acessar o módulo de Emissão de Notas (NotaServico.exe) do \"Laçador\"  (Z:\\) - Inserir nota','Secretária','Depois de 1',NULL,NULL),
 (25,7,3,'Conferir com próximo número de nota a ser gerado (com o formulário)','Secretária','Depois de 2',NULL,NULL),
 (26,7,4,'Preencher os dados conforme observações do ToDo (itens da NF descritos nele). Não alterar campos que não estejam especificados nas instruções do ToDo','Secretária','Depois de 3',NULL,NULL),
 (27,7,5,'Emitir Nota Fiscal','Secretária','Depois de 4',NULL,NULL),
 (28,7,6,'Revisar/Corrigir e encaminhar para Dir Financeiro auditar (caso este não esteja disponível encaminhar para outro diretor e/ou gerente de conta - NÃO TRANCAR PROCESSO )','Secretária','Depois de 5',NULL,NULL),
 (29,7,7,'Auditar (ERRO ou OK)','Dir. Financeiro','Depois de 6',NULL,NULL),
 (30,7,8,'ERRO: cancelar nota no sistema (e seu respectivo título) e fisicamente juntar as vias, marcá-las como CANCELADO - pode colocar o motivo junto e por fim voltar ao passo 2 corrigindo os erros apontados','Secretária','Depois de 7',NULL,NULL),
 (31,7,9,'OK: Emitir Boleto','Secretária','Depois de 7','EB',NULL),
 (32,7,10,'Juntar a Nota (via do Cliente) com o Boleto emitido e enviar para o cliente - pelo correio. Observar no próprio ToDo casos de NÃO ENVIO','Secretária','Depois de 9',NULL,NULL),
 (33,7,11,'Se a nota foi emitida, pode fechar a tarefa que a gerou \"EMITIR NF - [cliente]. Na resposta colocar o número da nota emitida','Secretária','Depois de 10',NULL,NULL),
 (34,7,12,'Gerar ToDo (Resp. Dir Financeiro, Executor: Secretária ). Título \"CONF. PGTO - [cliente] (nf)\".','Secretária','Depois de 10',NULL,NULL),
 (35,7,13,'Arquivar documentos na movimentação do mês referente (pela data de cobrança). Separar as vias das notas para o contator','Secretária','Depois de 12',NULL,NULL),
 (36,8,1,'Acessar o módulo de Emissão de Boletos (Titulo.exe) do \"Laçador\"  (Z:\\) - Imprimir Duplicatas','Secretária','F003/06',NULL,NULL),
 (37,8,2,'Emitir todas as duplicatas não impressas','Secretária','Depois de 1',NULL,NULL),
 (38,8,3,'Capturar a tela do Boleto','Secretária','Depois de 2',NULL,NULL),
 (39,8,4,'Mandar e-mail de aviso de cobrança também com o boleto em anexo - imagem capturada no processo EB. Observar no próprio ToDo casos de NÃO ENVIO','Secretária','Depois de 3',NULL,NULL),
 (40,9,1,'Tirar diariamente extrato bancário e movimentação de títulos e enviar por e-mail para secretária','Dir. Financeiro','diário',NULL,NULL),
 (41,9,2,'Conferência dos títulos e depósitos recebidos','Secretária','Depois de 1',NULL,NULL),
 (42,9,3,'Baixa dos títulos no sistema laçador','Secretária','Depois de 2',NULL,NULL),
 (43,9,4,'Fechar o ToDo relativo aos recebimentos efetuados (tarefa correspondente)','Secretária','Depois de 3',NULL,NULL),
 (44,9,5,'Cruzamento dos ToDo(s) em aberto com os Títulos em aberto no laçador','Secretária','Depois de 4',NULL,NULL),
 (45,9,6,'Emitir relatório no sistema Laçador dos Títulos vencidos e não pagos a mais de <b>5 dias</b>','Secretária','Depois de 5',NULL,NULL),
 (46,9,7,'Enviar por e-mail para Dir. Financeiro (cópia para os demais diretores) os clietnes inadimplentes','Secretária','Depois de 6',NULL,NULL),
 (47,9,8,'Caso não haja restrição do Dir. Financeiro em até 24h, enviar o <b>Primeiro</b> aviso de cobrança para o cliente, com cópia para financeiro@athenas.com.br. Ver modelo anexo.','Secretária','Depois de 7',NULL,NULL),
 (48,9,9,'Criar uma resposta no ToDo com a mensagem: PRIMEIRO AVISO DE COBRANÇA ENVIADO e solicitar ao responsável do ToDo re-agendamento para 15 dias dessa data.','Secretária','Depois de 8',NULL,NULL),
 (49,9,10,'Em caso de negociação com o cliente, solicitar autorizaçào ao Dir. Financeiro e informar no ToDo as instruções','Secretária','Depois de 9',NULL,NULL),
 (50,9,11,'Enviar por e-mail para Dir. Financeiro (com cópia para os demais diretores) os clientes inadimplentes a mais de <b>15 dias</b>','Secretária','Depois de 10',NULL,NULL),
 (51,9,12,'Entrar em contato por telefone e enviar por e-mail o segundo aviso de cobrança com cópia para financeiro@athenas.com.br. Ver modelo anexo.','Secretária','Depois de 11',NULL,NULL),
 (52,9,13,'Criar uma resposta no ToDo com a mensagem: SEGUNDO AVISO DE COBRANÇA ENVIADO e solicitar ao responsável do ToDo re-agendamento para <b>15 dias</b> dessa data.','Secretária','Depois de 12',NULL,NULL),
 (53,9,14,'Enviar por e-mail para Dir. Financeiro (com cópia para os demais diretores) os clientes inadimplentes a mais de <b>25 dias</b>','Secretária','Depois de 13',NULL,NULL),
 (54,9,15,'Clientes que já tiverem recebido o segundo aviso, o Dir. Financeiro sinalizará exceções, caso contrário segue re-agendamento de 15 em 15 dias com limite de 90. Criando semrpe as respostas com TERCEIRO, QUARTO, QUINTO e SEXTO AVISO DE COBRANÇA ENVIADO, relacionando todos os valores em aberto. Enviar e-mail para o cliente. Ver modelo anexo.','Secretária','Depois de 14',NULL,NULL),
 (55,9,16,'O Todo Correspondente deve ser repassado ao Dir. Financeiro quando houver mais de <b>06 avisos</b> de cobrança','Secretária','Depois de 15',NULL,NULL),
 (57,11,1,'Tirar diariamente extrato bancário e movimentação de títulos e enviar por e-mail para secretária','Diário','Diário',NULL,NULL),
 (58,11,2,'Conferência dos títulos e depósitos recebidos','Dir. Financeiro','Depois de 1',NULL,NULL),
 (59,11,3,'Baixa dos títulos no sistema laçador','Secretária','Depois de 2',NULL,NULL),
 (60,11,4,'Fechar o ToDo relativo aos recebimentos efetuados (tarefa correspondente)','Secretária','Depois de 3',NULL,NULL),
 (61,11,5,'Cruzamento dos ToDo(s) em aberto com os Títulos em aberto no laçador','Secretária','Depois de 4',NULL,NULL),
 (62,11,6,'Emitir relatório no sistema Laçador dos Títulos vencidos e não pagos a mais de <b>5 dias</b>','Secretária','Depois de 5',NULL,NULL),
 (63,11,7,'Enviar por e-mail para Dir. Financeiro (cópia para os demais diretores) os clientes inadimplentes','Secretária','Depois de 6',NULL,NULL),
 (64,11,8,'Caso não haja restrição do Dir. Financeiro em até 24h, enviar o <b>Primeiro</b> aviso de cobrança para o cliente, com cópia para financeiro@athenas.com.br. Ver modelo anexo.\r\n<br><br>\r\nColocar no ToDo correspondente uma resposta com o texto: <b>PRIMEIRO AVISO DE COBRANÇA ENVIADO</b>. Solicitar ao responsável pelo ToDo o seu re-agendamenteo imediato para <b>15 dias</b> após a data deste aviso de cobrança','Secretária','Depois de 7',NULL,NULL),
 (65,11,9,'Para os não pagos (em aberto atrasados), que já tiverem recebido o primeiro aviso de cobrança, significa então que estarão inadimplentes a ~20 dias. Deve ser enviado por e-mail o segundo aviso de cobranca (ver modelo anexo) e efetuado contato <b>telefônico</b> com o cliente (passar para os sócios via e-mail as informações pertinentes deste contato)\r\n<br><br>\r\nColocar no ToDo correspondente uma resposta com o texto: <b>SEGUNDO AVISO DE COBRANÇA ENVIADO</b>. Solicitar ao responsável pelo ToDo o seu re-agendamenteo imediato para <b>15 dias</b> após a data deste aviso de cobrança.','Secretária','Diário',NULL,NULL),
 (66,11,10,'Clientes que já receberam avisos posteriores ao segundo, ou seja, <b>terceiro, quarto, quinto ou sexto avisos </b>. \r\nSolicitar ao responsável pelo ToDo o seu re-agendamenteo imediato para <b>15 dias</b> após a data deste aviso de cobrança - <u>O Dir Financeiro sinalizará exceções</u>, caso contrário segue o re-agendamento de 15 em 15 dias com limite de 90 dias e/ou seis avisos no total','Secretária','Diário',NULL,NULL),
 (67,11,11,'O ToDo deve ser repassado ao Dir. Financeiro quando já houver mais de 6 avisos de cobrança.','Secretária','Depois de 10',NULL,NULL),
 (69,26,1,'Instalar WinXP. Verificar com superior qual versão a ser instalada. <br>Solicitar KIT de instalação (A, B ou C) conforme indicação de seu superior/departamento.','Instalador','No início','',''),
 (70,26,2,'Quando pedir nome de pessoa colocar o \"nome da máquina\", e no nome da empresa colocar \"PROEVENTO\".','Instalador','Após 1','',''),
 (71,26,3,'Verificar nome para máquina na <b>Lista de Nomes de Máquinas</b> - posicionada nos murais de cada sala.\r\nConfirmar a máquina que esta sendo usada.<br><br> **A senha de administrador deverá ser athbbsi.','Instalador','Após 2','',''),
 (72,26,5,'Colocar cabo de rede na máquina; logar-se como \"administrador/athenas\" e colocar máquina na rede; usar usuário e senha da conta \"administrator\" (do servidor) para colocar máquina na rede.','Instalador','Após 4','',''),
 (73,26,4,'Conforme o KIT, ativar a licença do Windows. Usar opção ATIVAR POR TELEFONE.<br><br> Após a instalação e ativação do Windows, copiar a pasta I386\\ que está dentro do CD-ROM do WinXP. Solicitar os Drivers adequados de sua máquina e realizar instalação; em seguida conectar-se ao Windows Update e realizar TODAS atualizações.','Instalador','Após 3','',''),
 (74,26,6,'Depois de entrar na rede, reiniciar a máquina e se logar com nome da máquina. No Active Directory do servidor, existe uma conta chamada <i>DefaultUser</i>, que poderá ser usada para criar uma nova conta de usuário.','Instalador','Após 5','',''),
 (75,26,7,'Mapear, caso a caso, os drives de rede do servidor ATENA de acordo com a lista abaixo:<br>\r\nG - Athenas<br>\r\nI - Internet<br>\r\nL - Library<br>\r\nP - Projetos<br>\r\nR - Suporte<br>\r\nW - wwwroot THE_ATENA<br>\r\nX - wwwroot THE_GAIA<br>','Instalador','Após 6','',''),
 (76,26,8,'Instalar impressoras:<br><br>\r\n1) HP Laser Jet HP M1120 MFP<br><br>\r\n2) HP Laser Jet 1022N. <br><br />\r\n\r\n** Os softwares de instalação das impressoras acima estão dentro do CD-R que acompanha seu Kit.\r\n','Instalador','Após 7','',''),
 (77,26,9,'Criar pastas C:\\AthPessoal, C:\\Lixo e C:\\_Projetos\\AthInternet','Instalador','Após 8','',''),
 (79,26,11,'Usar como pano de fundo qualquer um dos arquivos na pasta R:DadosTransfSuporteWallpapers oficiais','Instalador','Após 10','',''),
 (80,26,12,'Não colocar nada nas configurações de IP da máquina. Nas configurações de proxy do navegador, deixar tudo desmarcado.','Instalador','Após 11','',''),
 (81,26,13,'Instalar todos os programas do KIT correspondente. Ao instalar sua suíte de aplicativos Office (ver com seu superior de Departamento qual mais adequada) - caso esta seja Office 2003 - instalar de modo personalizado, desmarcar a instalação dos itens Publisher e Infopath.','Instalador','Após 12','',''),
 (82,26,14,'Os links para montar a Pasta de Atalhos estão na pasta R:DadosTransfSuporteAtalhos da Barra de tarefas','Instalador','Após 13','',''),
 (83,26,15,'Para sincronizar o relógio da máquina com o servidor principal, colocar o arquivo <i>R:DadosTransfSuporteajustahora.bat</i> para ser carregado na inicialização da máquina.','Instalador','Após 14','',''),
 (84,26,16,'Atualizar a lista de nomes de máquinas (R:REDE_PROEVENTO_RS.txt) com o novo usuário e nome do computador, imprimir e trocar as cópias nos murais de cada sala.','Instalador','Após 15','',''),
 (86,27,2,'Identificação do problemas ou solicitação/assunto.','Secretária','depois de 1','',''),
 (87,27,3,'Descrever/Anotar a descrição e identificar a solução \r\n    possível','Secretária','depois de 2','',''),
 (88,27,4,'Resolver o problema(s), deve ser registrado no sistema, ou seja, gerar uma tarefa colocando o Gerente de contas como responsável e se colocando como executor no corpo do ToDo colocar o relatório do ocorrido       explicar a solicitação e a atitude tomada para resolução do problemas na resposta. Se o problema esta       solucionado a tarefa pdoe ser inserida \r\njá fechada, pois isso é apenas a título de LOG da operação.\r\n','Secretária','depois de 3','',''),
 (89,27,5,'Se não pode resolver, Abertura de chamado.','Secretária','depois de 4','01 CHAMADO',''),
 (91,26,17,'Configurar assinatura de e-mail segundo o modelo: <i>R:ModeloEmailBASICO.html</i>.','Instalador','Após 16','',''),
 (92,26,18,'<u>Arquivos temporários da Internet</u><br>\r\nConfigurar o IE para apagar o cache da Internet sempre que o navegador for fechado. Para isto, vá no Painel de Controle > Opções da Internet > Avançado e, na seção Segurança, ative a opção \"Esvaziar Arquivos temporários quando o navegador for fechado\".','Instalador','Após 17','',''),
 (93,26,19,'<u>Abra o Windows Explorer com \"Meu Computador\" expandido</u><br>\r\nCrie um novo atalho para o Windows Explorer, dique nele com o botão direito, selecione Propriedades. No campo Objeto, coloque a seguinte linha, apagando antes a já existente:<br><br>\r\n%SystemRoot%\\explorer.exe /e,, C:\\<br>','Instalador','Após 18','',''),
 (94,26,20,'<u>Desabilite Serviços que abrem brechas</u><br>Para desabilitar o Telnet, vá em Painel de Controle > Ferramentas Administrativas > Serviços. Altere o serviço Telnet de \"manual\" para \"desabilitado\". Desative também os serviços \"Compartilhamento remoto da área de trabalho do NetMeeting\", \"Registro Remoto\" e \"Mensageiro\".','Instalador','Após 19','',''),
 (95,26,21,'<u>Desabilite a Notificação de Erros à Microsoft</u><br>Para evitar que o Windows recomente enviar um relatório a Microsoft, vá nas propriedades de Sistema (Painel de Controle > Sistema), em Avançado > Notificação de Erros, e selecione \"Desabilitar a Notificação de Erros\".','Instalador','Após 20','',''),
 (96,30,1,'Efetuar a cópia do banco _n-letter_BLANK.mdb','Programador','Gen. Conta Solicita','',''),
 (97,30,2,'Renomear _n-letter_BLANK.md para n-letter_NOMEdoCLIENTE.mdb<br>\r\n<br>\r\n','Programador','depois de 1','',''),
 (98,30,3,'Copiar o diretório ACMELAB, e renomear a cópia para o nome do novo cliente','Programador','depois de 2','',''),
 (99,30,4,'Todos os subdiretórios do diretório do cliente devem ser limpos','Programador','depois de 3','',''),
 (100,30,5,'No banco de dados do cliente, a tabela SITE_INFO deve ser preenchida com os respectivos dados do mesmo','Programador','depois de 4','',''),
 (101,30,6,'No sistema (pasta SERVER\\n-letter\\_n-letter\\modulo_PRINCIPAL)<br><br>\r\nO arquivo LOGIN.ASP deve ser modificando inserindo-se uma nova linha no combo correspondente a esse novo cliente.','programador','depois de 5','',''),
 (102,30,7,'Deve ser efetuado o ulload de todos os elementos envolvidos<br>\r\n- Banco do cliente (n-letter_NOMEdoCLIENTE.mdb)<br>\r\n- Pasta do cliente no ambiante do nlettar (NOMEdoCLIENTE\\)<br>\r\n- _n-letter\\modulo_PRINCIPAL\\login.asp<br>\r\n','Programador','depois de 6','',''),
 (103,30,8,'Entrar no sistema no Banco do Cliente, utilizando a conta do usuário oculto athenas (caso não saiba a senha verificar com o Gerente de Contas)<br>\r\nApós entrar no sistema criar o usuário para o cliente. <br>\r\nCaso seja identificado defeito, retornar ao ponto inicial e verifica todos os passos tomados, executá-los até que o sistema esteja permitindo o login deste novo usuário cadastrado','programador','depois de 7','',''),
 (104,30,9,'Encaminhar o material para o Gerente de Conta seguir com o processo de treinamento.','Programador','depois de 8','02 N-LETTER',''),
 (105,31,1,'Padrão a ser usado:<br><br>\r\n<b>[dominio] ([tipo]): texto</b>\r\n<br><br>\r\nOnde:<br>\r\n<u>dominio</u> vai ser o nome principal do domínio do site e/ou sistema<br>\r\n<u>tipo</u> vai ser \"Site\", \"AR/AS\" (área restrita ou área de serviços) e \"CSM\"<br>\r\n<u>texto</u> vai ser o texto usado como assunto da mensagem\r\n<br><br>\r\nexemplos:<br>\r\n<i>\r\nCADS (site): Inscrição efetuada<br>\r\nBalearic (Site): Cadastro de Representante<br>\r\nBondmann (Site): Cadastro para Newsletter<br>\r\nJJ Chaves (AR/AS): Mensagem Recebida<br>\r\nExpoSystems (Site): Credenciamento Imprensa<br>\r\n</i>','Executor da tarefa','Alterando fontes','',''),
 (106,31,2,'Para casos gerais será usado o e-mail <b>ath.atendimento@gmail.com</b>\r\n<br><br>\r\nPara casos específicos, referente aos sistemas, serão usados os indicados abaixo ou outros:<br>\r\n<i>\r\nath.athcsm@gmail.com<br>\r\nath.redeconn@gmail.com<br>\r\nath.orcanet@gmail.com<br>\r\nath.virtualboss@gmail.com<br>\r\n</i>','Responsável pela tarefa','Definindo destinatário','',''),
 (107,32,10,'Verificar emails no domínio do Plano Revenda os emails, forward e alias existentes.<br><br>\r\nAcesso ao Plano Revena:<br><br>\r\nurl: https://pleskwin06.hospedagemdesites.ws:8443/login.php3<br><br>\r\nuser:athenas<br>\r\nsenha:ath2008enas<br><br>\r\n*Anotar cuidadosamente em uma planilha excel, todos os emails, alias, forwards e configurações especiais.\r\n<br><br>\r\n**Verificar também se o domínio é um forward ou é host físico','EXECUTOR','MIGRANDO SITE','',''),
 (108,32,20,'Criar ambiente no IDC (com as contas de e-mail - INATIVADAS)\r\n\r\n<br><br>\r\nLogin no IDC:<br><br>\r\n\r\nAcesso ao Plano Dedicado (IDC):\r\n<br><br>\r\nurl: https://w03dp70031.hospedagemdesites.ws:8443/login.php3\r\n<br><br>\r\nuser:athen<br>\r\nsenha:ath2008enas\r\n','EXECUTOR','Depois de 10','',''),
 (109,32,30,'Confirmar que o site online no servidor antigo é exatamente o mesmo que está no servidor local (ATENA). Caso não seja, baixar as páginas necessárias.<br><br>\r\n*atenção as pastas onde o site fica armazenado. Exemplo: no palnao revenda os sites ficam apartir de httpdocs\r\n','EXECUTOR','Depois de 20','',''),
 (110,32,40,'Efetuar o upload do site (páginas) para o novo plano IDC','EXECUTOR','Depois de 30','',''),
 (111,32,50,'Dar dieito ao ILUSR_ para as pastas necessárias, normalmente: /private/_DB. IMGDIN, UPLOAD, SWF e RSS. <br>\r\nAtenção para casos especiais, como no caso de sites gerenciados apartir do athCSM III.','EXECUTOR','Depois de 40','',''),
 (112,32,60,'Baixar o Banco de Dados do site que esta sendo migrado. Lembrar de antes renomeá-lo para que o site entre em modo de manutenção','EXECUTOR','Depois de 50','',''),
 (113,32,70,'Compactar o Banco de Dados. Colocar ele em execução no servidor local (ATENA)','EXECUTOR','Depois de 60','',''),
 (114,32,80,'Subir o banco paara o IDC','EXECUTOR','Depois de 70','',''),
 (115,32,90,'Ativar e-mails do IDC','EXECUTOR','Depois de 80','',''),
 (116,32,100,'Solicitar a um supervisor (Aless, Tati ou Cleverson) para alterar DNS do Registro.br<br><br><br>\r\nAntigos (revenda)<br><BR>\r\nns1.dominio.com.br<br>\r\n200.234.220.5<br><br>\r\nns2.dominio.com.br<br>\r\n200.234.220.6<br><br>\r\nNOVOS (IDC)<br><BR>\r\nns1.dominio.com.br<br>\r\n201.76.48.153<br><br>\r\nns2.dominio.com.br<br>\r\n201.234.215.85<br><br>\r\n','SUPERVISOR','Depois de 90','',''),
 (117,32,110,'Avisar o cliente das possíveis novas senhas de e-mail e passar a url para acesso aos e-mails antigos. <br><br>\r\nApós liberação do cliente sobre os e-mails antigos, remover site do plano revenda antigo.<br><br><br>\r\n*ATENÇÃO especial para clietne que usam webmail (que não baixam seus e-mails), nestes casos verificar qual é processo de envio destes e-mails da conta antiga para a nova conta no IDC.','GER.CONTA','Depois de 100','',''),
 (118,32,5,'Avisar a Gerente de Conta qual o domínio que será iniciada a migração, para que ela envie aviso ao cliente avisando de possíveis instabilidades no site e emails.','EXECUTOR','MIGRANDO SITE','',''),
 (119,32,95,'Efetuar todos os testes de navegação no ambiente IDC antes de solicitar ao supervisor a troca dos DNSs.\r\n<br><br>\r\nTanto no site como no athcsm, testar as seguintes funções em todos os módulos (Lógica de Revista, banners, links relacionados, imagens relacionadas, editor html):\r\n<br>\r\n<li> deleção;\r\n<li> alteração;\r\n<li> inserção;\r\n<li> upload.','EXECUTOR','MIGRANDO SITE','',''),
 (120,33,1,'Recebimento do Bem','Resp Inventário','Inicial','',''),
 (121,33,3,'Cadastramento dos bens que compõem a nota fiscal.\r\nObservar Código da etiqueta colada, conferir a descrição conforme consta na nota fiscal.','Resp Inventário','após 2','',''),
 (122,33,2,'Colar etiqueta de idenficação no bem.\r\nFixar em local visivel e discreto.','Resp Inventário','após 1','',''),
 (124,33,4,'Repassar o equipamento ao local de uso','Resp Inventário','após 1','',''),
 (125,34,1,'Avisar responsável do inventario para qual o novo local do equipamento','UserEquipamento','Inicio','',''),
 (126,34,2,'Informar a etiqueta que esta fixada no material para o resp. do inventario.','UserEquipamento','apos 1','',''),
 (127,34,3,'Registrar no Vboss no item de inventario do equipamento que foi realocado o novo local de uso','RespInventario','apos2','',''),
 (128,35,1,'Avisar responsável do inventario motivo do equipamento ser dispensavel','UserEquipamento','Inicio','',''),
 (129,35,2,'Dar baixa na listagem do inventario de equipamento no Vboss para a etiqueta fixada no equipamento','RespInventario','Apos1','',''),
 (130,35,4,'Encaminhar equipamento para doação, se for o caso chamar Mensageiro da caridade POA: 51 3223-2555','RespInventario','apos3','',''),
 (132,35,3,'Destruir etiqueta de inventario','RespInventario','após 2','',''),
 (134,36,1,'Aceite do cliente e/ou Geração de cobrança de contratos','comercial','inicial','',''),
 (135,36,2,'Inserir no VirtualBoss uma NF/Recibo com os dados da receita a ser gerada, modelo (Recibo ou nf-e), cliente, data de emissão, prazo de vencimento, descrição do serviço e o código do serviço para ser utilizado na NF-e da PMSP.','comercial','após 1','',''),
 (136,36,3,'A partir da relaão de NF/Recibos \"Não emitidas\", selecionar aqueles com dt. emissão = \"hoje\", e emitir a NF-e no site da PMSP (https://nfe.prefeitura.sp.gov.br), ou o Recibo, conforme o modelo indicado','Adm/Fin','após 2','',''),
 (137,36,4,'Gerar o boleto no site do Itau com o valor total da NF-e emitida no site da PMSP, ou do Recibo, conforme o modelo.','Adm/Fin','após 3','',''),
 (138,36,5,'Registro de NF emitida no VirtualBoss.  Caso a NF-e tenha alguma retenção, atualizar a NF do VirtualBoss com o valor exato da NF-e, e clicar em \"Emitir NF\" no VirtualBoss, marcando a NF como emitida.','Adm/Fin','após 4','',''),
 (139,36,6,'Gerar a conta a receber diretamente a partir da NF, clicando no icone \"Gerar Conta\".','Adm/Fin','após 5','',''),
 (140,37,1,'VERIFICAR NO VB SE O PONTO DOS FUNCIONÁRIOS ESTA CORRETO.','ADMINISTRATIVO','16 DE CADA MÊS','','');
/*!40000 ALTER TABLE `processo_tarefa` ENABLE KEYS */;


--
-- Definition of table `pt_desconto`
--

DROP TABLE IF EXISTS `pt_desconto`;
CREATE TABLE `pt_desconto` (
  `COD_DESCONTO` int(10) NOT NULL AUTO_INCREMENT,
  `ID_USUARIO` varchar(10) DEFAULT NULL,
  `MES` int(10) DEFAULT NULL,
  `ANO` int(10) DEFAULT NULL,
  `TOTAL_HR` int(10) DEFAULT NULL,
  `TOTAL_MIN` int(10) DEFAULT NULL,
  `OBS` longtext,
  PRIMARY KEY (`COD_DESCONTO`),
  UNIQUE KEY `Index_F22C6095_EDA4_4854` (`COD_DESCONTO`)
) ENGINE=InnoDB DEFAULT CHARSET=utf8;

--
-- Dumping data for table `pt_desconto`
--

/*!40000 ALTER TABLE `pt_desconto` DISABLE KEYS */;
/*!40000 ALTER TABLE `pt_desconto` ENABLE KEYS */;


--
-- Definition of table `pt_feriado`
--

DROP TABLE IF EXISTS `pt_feriado`;
CREATE TABLE `pt_feriado` (
  `COD_FERIADO` int(10) NOT NULL AUTO_INCREMENT,
  `DATA_DIA` int(10) DEFAULT NULL,
  `DATA_MES` int(10) DEFAULT NULL,
  `DESCRICAO` varchar(250) DEFAULT NULL,
  `DATA_ANO` int(10) DEFAULT NULL,
  `UF` varchar(2) DEFAULT NULL,
  PRIMARY KEY (`COD_FERIADO`)
) ENGINE=InnoDB AUTO_INCREMENT=38 DEFAULT CHARSET=utf8;

--
-- Dumping data for table `pt_feriado`
--

/*!40000 ALTER TABLE `pt_feriado` DISABLE KEYS */;
INSERT INTO `pt_feriado` (`COD_FERIADO`,`DATA_DIA`,`DATA_MES`,`DESCRICAO`,`DATA_ANO`,`UF`) VALUES 
 (1,1,1,'NACIONAL - Confraternização Universal',0,NULL),
 (2,2,2,'MUNICIPAL - Nossa Senhora dos Navegantes',0,NULL),
 (6,21,4,'NACIONAL - Tiradentes',0,NULL),
 (7,1,5,'NACIONAL - Dia do Trabalho',0,NULL),
 (8,22,5,'NACIONAL - Corpus Christi',2008,NULL),
 (9,7,9,'NACIONAL - Independência do Brasil',0,NULL),
 (10,20,9,'ESTADUAL - Revolução Farroupilha',0,NULL),
 (11,12,10,'NACIONAL - Nossa Sr.a Aparecida - Padroeira do Brasil',0,NULL),
 (12,2,11,'NACIONAL - Finados',0,NULL),
 (13,15,11,'NACIONAL - Proclamação da República',0,NULL),
 (14,25,12,'NACIONAL - Natal',0,NULL),
 (15,4,2,'ATHENAS',2008,NULL),
 (16,5,2,'Carnaval',2008,NULL),
 (17,4,2,'Carnaval',2008,NULL),
 (18,21,3,'Páscoa',2008,NULL),
 (19,23,2,'Carnaval',2009,NULL),
 (20,24,2,'Carnaval',2009,NULL),
 (21,10,4,'Paixão de Cristo',2009,NULL),
 (22,11,6,'Corpus Christ',2009,NULL),
 (23,15,2,'Carnaval',2010,NULL),
 (24,16,2,'Carnaval',2010,NULL),
 (25,2,4,'Paixão de Cristo',2010,NULL),
 (26,3,6,'Corpus Christi',2010,NULL),
 (27,20,12,'FÉRIAS COLETIVAS',2010,NULL),
 (28,21,12,'FÉRIAS COLETIVAS',2010,NULL),
 (29,22,12,'FÉRIAS COLETIVAS',2010,NULL),
 (30,23,12,'FÉRIAS COLETIVAS',2010,NULL),
 (31,24,12,'FÉRIAS COLETIVAS',2010,NULL),
 (32,27,12,'FÉRIAS COLETIVAS',2010,NULL),
 (33,28,12,'FÉRIAS COLETIVAS',2010,NULL),
 (34,29,12,'FÉRIAS COLETIVAS',2010,NULL),
 (35,30,12,'FÉRIAS COLETIVAS',2010,NULL),
 (36,31,12,'FÉRIAS COLETIVAS',2010,NULL),
 (37,9,7,'MUNICIPAL SP - Revolução constitucionalíssima.',2010,NULL);
/*!40000 ALTER TABLE `pt_feriado` ENABLE KEYS */;


--
-- Definition of table `pt_folga`
--

DROP TABLE IF EXISTS `pt_folga`;
CREATE TABLE `pt_folga` (
  `COD_FOLGA` int(10) NOT NULL AUTO_INCREMENT,
  `ID_USUARIO` varchar(50) DEFAULT NULL,
  `DT_INI` datetime DEFAULT NULL,
  `DT_FIM` datetime DEFAULT NULL,
  `COD_CATEGORIA` int(10) DEFAULT NULL,
  `OBS` longtext,
  PRIMARY KEY (`COD_FOLGA`),
  KEY `DT_FIM` (`DT_FIM`),
  KEY `DT_INI` (`DT_INI`),
  KEY `ID_USUARIO` (`ID_USUARIO`)
) ENGINE=InnoDB DEFAULT CHARSET=utf8;

--
-- Dumping data for table `pt_folga`
--

/*!40000 ALTER TABLE `pt_folga` DISABLE KEYS */;
/*!40000 ALTER TABLE `pt_folga` ENABLE KEYS */;


--
-- Definition of table `pt_folga_categoria`
--

DROP TABLE IF EXISTS `pt_folga_categoria`;
CREATE TABLE `pt_folga_categoria` (
  `COD_CATEGORIA` int(10) NOT NULL AUTO_INCREMENT,
  `NOME` varchar(50) DEFAULT NULL,
  `DESCRICAO` varchar(255) DEFAULT NULL,
  `DT_INATIVO` datetime DEFAULT NULL,
  PRIMARY KEY (`COD_CATEGORIA`),
  KEY `DT_INATIVO` (`DT_INATIVO`),
  KEY `NOME` (`NOME`)
) ENGINE=InnoDB AUTO_INCREMENT=16 DEFAULT CHARSET=utf8;

--
-- Dumping data for table `pt_folga_categoria`
--

/*!40000 ALTER TABLE `pt_folga_categoria` DISABLE KEYS */;
INSERT INTO `pt_folga_categoria` (`COD_CATEGORIA`,`NOME`,`DESCRICAO`,`DT_INATIVO`) VALUES 
 (1,'LICENÇA - FÉRIAS',NULL,NULL),
 (2,'LICENÇA - MATERINIDADE',NULL,NULL),
 (3,'LICENÇA - PATERNIDADE',NULL,NULL),
 (4,'LICENÇA - MÉDICA',NULL,NULL),
 (5,'ATESTADO',NULL,NULL),
 (15,'FALTA JUSTIFICADA',NULL,NULL);
/*!40000 ALTER TABLE `pt_folga_categoria` ENABLE KEYS */;


--
-- Definition of table `pt_ponto`
--

DROP TABLE IF EXISTS `pt_ponto`;
CREATE TABLE `pt_ponto` (
  `COD_PONTO` int(10) NOT NULL AUTO_INCREMENT,
  `ID_USUARIO` varchar(10) DEFAULT NULL,
  `COD_EMPRESA` varchar(50) DEFAULT NULL,
  `DATA_DIA` int(10) DEFAULT NULL,
  `DATA_MES` int(10) DEFAULT NULL,
  `DATA_ANO` int(10) DEFAULT NULL,
  `HORA_IN` varchar(50) DEFAULT NULL,
  `HORA_OUT` varchar(50) DEFAULT NULL,
  `STATUS` varchar(10) DEFAULT NULL,
  `OBS` varchar(255) DEFAULT NULL,
  PRIMARY KEY (`COD_PONTO`),
  KEY `ID_USUARIO` (`ID_USUARIO`),
  KEY `STATUS` (`STATUS`)
) ENGINE=InnoDB AUTO_INCREMENT=620 DEFAULT CHARSET=utf8;

--
-- Dumping data for table `pt_ponto`
--

/*!40000 ALTER TABLE `pt_ponto` DISABLE KEYS */;
INSERT INTO `pt_ponto` (`COD_PONTO`,`ID_USUARIO`,`COD_EMPRESA`,`DATA_DIA`,`DATA_MES`,`DATA_ANO`,`HORA_IN`,`HORA_OUT`,`STATUS`,`OBS`) VALUES 
 (1,'aless','GAU',4,6,2018,'08:30:00','12:30:00','REALIZADO',''),
 (2,'aless','GAU',4,6,2018,'13:30:00','18:20:00','REALIZADO',''),
 (3,'aless',NULL,5,6,2018,NULL,NULL,'REALIZADO','Falta: Inserção automática pelo sistema'),
 (4,'aless',NULL,6,6,2018,NULL,NULL,'REALIZADO','Falta: Inserção automática pelo sistema'),
 (5,'aless',NULL,7,6,2018,NULL,NULL,'REALIZADO','Falta: Inserção automática pelo sistema'),
 (6,'aless',NULL,8,6,2018,NULL,NULL,'REALIZADO','Falta: Inserção automática pelo sistema'),
 (7,'aless',NULL,11,6,2018,NULL,NULL,'REALIZADO','Falta: Inserção automática pelo sistema'),
 (8,'aless',NULL,12,6,2018,NULL,NULL,'REALIZADO','Falta: Inserção automática pelo sistema'),
 (9,'aless',NULL,13,6,2018,NULL,NULL,'REALIZADO','Falta: Inserção automática pelo sistema'),
 (10,'aless',NULL,14,6,2018,NULL,NULL,'REALIZADO','Falta: Inserção automática pelo sistema'),
 (11,'aless',NULL,15,6,2018,NULL,NULL,'REALIZADO','Falta: Inserção automática pelo sistema'),
 (12,'aless',NULL,18,6,2018,NULL,NULL,'REALIZADO','Falta: Inserção automática pelo sistema'),
 (13,'aless',NULL,19,6,2018,NULL,NULL,'REALIZADO','Falta: Inserção automática pelo sistema'),
 (14,'aless',NULL,20,6,2018,NULL,NULL,'REALIZADO','Falta: Inserção automática pelo sistema'),
 (15,'aless',NULL,21,6,2018,NULL,NULL,'REALIZADO','Falta: Inserção automática pelo sistema'),
 (16,'aless',NULL,22,6,2018,NULL,NULL,'REALIZADO','Falta: Inserção automática pelo sistema'),
 (17,'aless',NULL,25,6,2018,NULL,NULL,'REALIZADO','Falta: Inserção automática pelo sistema'),
 (18,'aless',NULL,26,6,2018,NULL,NULL,'REALIZADO','Falta: Inserção automática pelo sistema'),
 (19,'aless',NULL,27,6,2018,NULL,NULL,'REALIZADO','Falta: Inserção automática pelo sistema'),
 (20,'aless',NULL,28,6,2018,NULL,NULL,'REALIZADO','Falta: Inserção automática pelo sistema'),
 (21,'aless',NULL,29,6,2018,NULL,NULL,'REALIZADO','Falta: Inserção automática pelo sistema'),
 (22,'aless',NULL,2,7,2018,NULL,NULL,'REALIZADO','Falta: Inserção automática pelo sistema'),
 (23,'aless',NULL,3,7,2018,NULL,NULL,'REALIZADO','Falta: Inserção automática pelo sistema'),
 (24,'aless',NULL,4,7,2018,NULL,NULL,'REALIZADO','Falta: Inserção automática pelo sistema'),
 (25,'aless',NULL,5,7,2018,NULL,NULL,'REALIZADO','Falta: Inserção automática pelo sistema'),
 (26,'aless',NULL,6,7,2018,NULL,NULL,'REALIZADO','Falta: Inserção automática pelo sistema'),
 (27,'aless',NULL,9,7,2018,NULL,NULL,'REALIZADO','Falta: Inserção automática pelo sistema'),
 (28,'aless',NULL,10,7,2018,NULL,NULL,'REALIZADO','Falta: Inserção automática pelo sistema'),
 (29,'aless',NULL,11,7,2018,NULL,NULL,'REALIZADO','Falta: Inserção automática pelo sistema'),
 (30,'aless',NULL,12,7,2018,NULL,NULL,'REALIZADO','Falta: Inserção automática pelo sistema'),
 (31,'aless',NULL,13,7,2018,NULL,NULL,'REALIZADO','Falta: Inserção automática pelo sistema'),
 (32,'aless',NULL,16,7,2018,NULL,NULL,'REALIZADO','Falta: Inserção automática pelo sistema'),
 (33,'aless',NULL,17,7,2018,NULL,NULL,'REALIZADO','Falta: Inserção automática pelo sistema'),
 (34,'aless',NULL,18,7,2018,NULL,NULL,'REALIZADO','Falta: Inserção automática pelo sistema'),
 (35,'aless',NULL,19,7,2018,NULL,NULL,'REALIZADO','Falta: Inserção automática pelo sistema'),
 (36,'aless',NULL,20,7,2018,NULL,NULL,'REALIZADO','Falta: Inserção automática pelo sistema'),
 (37,'aless',NULL,23,7,2018,NULL,NULL,'REALIZADO','Falta: Inserção automática pelo sistema'),
 (38,'aless',NULL,24,7,2018,NULL,NULL,'REALIZADO','Falta: Inserção automática pelo sistema'),
 (39,'aless',NULL,25,7,2018,NULL,NULL,'REALIZADO','Falta: Inserção automática pelo sistema'),
 (40,'aless',NULL,26,7,2018,NULL,NULL,'REALIZADO','Falta: Inserção automática pelo sistema'),
 (41,'aless',NULL,27,7,2018,NULL,NULL,'REALIZADO','Falta: Inserção automática pelo sistema'),
 (42,'aless',NULL,30,7,2018,NULL,NULL,'REALIZADO','Falta: Inserção automática pelo sistema'),
 (43,'aless',NULL,31,7,2018,NULL,NULL,'REALIZADO','Falta: Inserção automática pelo sistema'),
 (44,'aless',NULL,1,8,2018,NULL,NULL,'REALIZADO','Falta: Inserção automática pelo sistema'),
 (45,'aless',NULL,2,8,2018,NULL,NULL,'REALIZADO','Falta: Inserção automática pelo sistema'),
 (46,'aless',NULL,3,8,2018,NULL,NULL,'REALIZADO','Falta: Inserção automática pelo sistema'),
 (47,'aless',NULL,6,8,2018,NULL,NULL,'REALIZADO','Falta: Inserção automática pelo sistema'),
 (48,'aless',NULL,7,8,2018,NULL,NULL,'REALIZADO','Falta: Inserção automática pelo sistema'),
 (49,'aless',NULL,8,8,2018,NULL,NULL,'REALIZADO','Falta: Inserção automática pelo sistema'),
 (50,'aless',NULL,9,8,2018,NULL,NULL,'REALIZADO','Falta: Inserção automática pelo sistema'),
 (51,'aless',NULL,10,8,2018,NULL,NULL,'REALIZADO','Falta: Inserção automática pelo sistema'),
 (52,'aless',NULL,13,8,2018,NULL,NULL,'REALIZADO','Falta: Inserção automática pelo sistema'),
 (53,'aless',NULL,14,8,2018,NULL,NULL,'REALIZADO','Falta: Inserção automática pelo sistema'),
 (54,'aless',NULL,15,8,2018,NULL,NULL,'REALIZADO','Falta: Inserção automática pelo sistema'),
 (55,'aless',NULL,16,8,2018,NULL,NULL,'REALIZADO','Falta: Inserção automática pelo sistema'),
 (56,'aless',NULL,17,8,2018,NULL,NULL,'REALIZADO','Falta: Inserção automática pelo sistema'),
 (57,'aless',NULL,20,8,2018,NULL,NULL,'REALIZADO','Falta: Inserção automática pelo sistema'),
 (58,'aless',NULL,21,8,2018,NULL,NULL,'REALIZADO','Falta: Inserção automática pelo sistema'),
 (59,'aless',NULL,22,8,2018,NULL,NULL,'REALIZADO','Falta: Inserção automática pelo sistema'),
 (60,'aless',NULL,23,8,2018,NULL,NULL,'REALIZADO','Falta: Inserção automática pelo sistema'),
 (61,'aless',NULL,24,8,2018,NULL,NULL,'REALIZADO','Falta: Inserção automática pelo sistema'),
 (62,'aless',NULL,27,8,2018,NULL,NULL,'REALIZADO','Falta: Inserção automática pelo sistema'),
 (63,'aless',NULL,28,8,2018,NULL,NULL,'REALIZADO','Falta: Inserção automática pelo sistema'),
 (64,'aless',NULL,29,8,2018,NULL,NULL,'REALIZADO','Falta: Inserção automática pelo sistema'),
 (65,'aless',NULL,30,8,2018,NULL,NULL,'REALIZADO','Falta: Inserção automática pelo sistema'),
 (66,'aless',NULL,31,8,2018,NULL,NULL,'REALIZADO','Falta: Inserção automática pelo sistema'),
 (67,'aless',NULL,3,9,2018,NULL,NULL,'REALIZADO','Falta: Inserção automática pelo sistema'),
 (68,'aless',NULL,4,9,2018,NULL,NULL,'REALIZADO','Falta: Inserção automática pelo sistema'),
 (69,'aless',NULL,5,9,2018,NULL,NULL,'REALIZADO','Falta: Inserção automática pelo sistema'),
 (70,'aless',NULL,6,9,2018,NULL,NULL,'REALIZADO','Falta: Inserção automática pelo sistema'),
 (71,'aless',NULL,10,9,2018,NULL,NULL,'REALIZADO','Falta: Inserção automática pelo sistema'),
 (72,'aless',NULL,11,9,2018,NULL,NULL,'REALIZADO','Falta: Inserção automática pelo sistema'),
 (73,'aless',NULL,12,9,2018,NULL,NULL,'REALIZADO','Falta: Inserção automática pelo sistema'),
 (74,'aless',NULL,13,9,2018,NULL,NULL,'REALIZADO','Falta: Inserção automática pelo sistema'),
 (75,'aless',NULL,14,9,2018,NULL,NULL,'REALIZADO','Falta: Inserção automática pelo sistema'),
 (76,'aless',NULL,17,9,2018,NULL,NULL,'REALIZADO','Falta: Inserção automática pelo sistema'),
 (77,'aless',NULL,18,9,2018,NULL,NULL,'REALIZADO','Falta: Inserção automática pelo sistema'),
 (78,'aless',NULL,19,9,2018,NULL,NULL,'REALIZADO','Falta: Inserção automática pelo sistema'),
 (79,'aless',NULL,21,9,2018,NULL,NULL,'REALIZADO','Falta: Inserção automática pelo sistema'),
 (80,'aless',NULL,24,9,2018,NULL,NULL,'REALIZADO','Falta: Inserção automática pelo sistema'),
 (81,'aless',NULL,25,9,2018,NULL,NULL,'REALIZADO','Falta: Inserção automática pelo sistema'),
 (82,'aless',NULL,26,9,2018,NULL,NULL,'REALIZADO','Falta: Inserção automática pelo sistema'),
 (83,'aless',NULL,27,9,2018,NULL,NULL,'REALIZADO','Falta: Inserção automática pelo sistema'),
 (84,'aless',NULL,28,9,2018,NULL,NULL,'REALIZADO','Falta: Inserção automática pelo sistema'),
 (85,'aless',NULL,1,10,2018,NULL,NULL,'REALIZADO','Falta: Inserção automática pelo sistema'),
 (86,'aless',NULL,2,10,2018,NULL,NULL,'REALIZADO','Falta: Inserção automática pelo sistema'),
 (87,'aless',NULL,3,10,2018,NULL,NULL,'REALIZADO','Falta: Inserção automática pelo sistema'),
 (88,'aless',NULL,4,10,2018,NULL,NULL,'REALIZADO','Falta: Inserção automática pelo sistema'),
 (89,'aless',NULL,5,10,2018,NULL,NULL,'REALIZADO','Falta: Inserção automática pelo sistema'),
 (90,'aless',NULL,8,10,2018,NULL,NULL,'REALIZADO','Falta: Inserção automática pelo sistema'),
 (91,'aless',NULL,9,10,2018,NULL,NULL,'REALIZADO','Falta: Inserção automática pelo sistema'),
 (92,'aless',NULL,10,10,2018,NULL,NULL,'REALIZADO','Falta: Inserção automática pelo sistema'),
 (93,'aless',NULL,11,10,2018,NULL,NULL,'REALIZADO','Falta: Inserção automática pelo sistema'),
 (94,'aless',NULL,15,10,2018,NULL,NULL,'REALIZADO','Falta: Inserção automática pelo sistema'),
 (95,'aless',NULL,16,10,2018,NULL,NULL,'REALIZADO','Falta: Inserção automática pelo sistema'),
 (96,'aless',NULL,17,10,2018,NULL,NULL,'REALIZADO','Falta: Inserção automática pelo sistema'),
 (97,'aless',NULL,18,10,2018,NULL,NULL,'REALIZADO','Falta: Inserção automática pelo sistema'),
 (98,'aless',NULL,19,10,2018,NULL,NULL,'REALIZADO','Falta: Inserção automática pelo sistema'),
 (99,'aless',NULL,22,10,2018,NULL,NULL,'REALIZADO','Falta: Inserção automática pelo sistema'),
 (100,'aless',NULL,23,10,2018,NULL,NULL,'REALIZADO','Falta: Inserção automática pelo sistema'),
 (101,'aless',NULL,24,10,2018,NULL,NULL,'REALIZADO','Falta: Inserção automática pelo sistema'),
 (102,'aless',NULL,25,10,2018,NULL,NULL,'REALIZADO','Falta: Inserção automática pelo sistema'),
 (103,'aless',NULL,26,10,2018,NULL,NULL,'REALIZADO','Falta: Inserção automática pelo sistema'),
 (104,'aless',NULL,29,10,2018,NULL,NULL,'REALIZADO','Falta: Inserção automática pelo sistema'),
 (105,'aless',NULL,30,10,2018,NULL,NULL,'REALIZADO','Falta: Inserção automática pelo sistema'),
 (106,'aless',NULL,31,10,2018,NULL,NULL,'REALIZADO','Falta: Inserção automática pelo sistema'),
 (107,'aless',NULL,1,11,2018,NULL,NULL,'REALIZADO','Falta: Inserção automática pelo sistema'),
 (108,'aless',NULL,5,11,2018,NULL,NULL,'REALIZADO','Falta: Inserção automática pelo sistema'),
 (109,'aless',NULL,6,11,2018,NULL,NULL,'REALIZADO','Falta: Inserção automática pelo sistema'),
 (110,'aless',NULL,7,11,2018,NULL,NULL,'REALIZADO','Falta: Inserção automática pelo sistema'),
 (111,'aless',NULL,8,11,2018,NULL,NULL,'REALIZADO','Falta: Inserção automática pelo sistema'),
 (112,'aless',NULL,9,11,2018,NULL,NULL,'REALIZADO','Falta: Inserção automática pelo sistema'),
 (113,'aless',NULL,12,11,2018,NULL,NULL,'REALIZADO','Falta: Inserção automática pelo sistema'),
 (114,'aless',NULL,13,11,2018,NULL,NULL,'REALIZADO','Falta: Inserção automática pelo sistema'),
 (115,'aless',NULL,14,11,2018,NULL,NULL,'REALIZADO','Falta: Inserção automática pelo sistema'),
 (116,'aless',NULL,16,11,2018,NULL,NULL,'REALIZADO','Falta: Inserção automática pelo sistema'),
 (117,'aless',NULL,19,11,2018,NULL,NULL,'REALIZADO','Falta: Inserção automática pelo sistema'),
 (118,'aless',NULL,20,11,2018,NULL,NULL,'REALIZADO','Falta: Inserção automática pelo sistema'),
 (119,'aless',NULL,21,11,2018,NULL,NULL,'REALIZADO','Falta: Inserção automática pelo sistema'),
 (120,'aless',NULL,22,11,2018,NULL,NULL,'REALIZADO','Falta: Inserção automática pelo sistema'),
 (121,'aless',NULL,23,11,2018,NULL,NULL,'REALIZADO','Falta: Inserção automática pelo sistema'),
 (122,'aless',NULL,26,11,2018,NULL,NULL,'REALIZADO','Falta: Inserção automática pelo sistema'),
 (123,'aless',NULL,27,11,2018,NULL,NULL,'REALIZADO','Falta: Inserção automática pelo sistema'),
 (124,'aless',NULL,28,11,2018,NULL,NULL,'REALIZADO','Falta: Inserção automática pelo sistema'),
 (125,'aless',NULL,29,11,2018,NULL,NULL,'REALIZADO','Falta: Inserção automática pelo sistema'),
 (126,'aless',NULL,30,11,2018,NULL,NULL,'REALIZADO','Falta: Inserção automática pelo sistema'),
 (127,'aless',NULL,3,12,2018,NULL,NULL,'REALIZADO','Falta: Inserção automática pelo sistema'),
 (128,'aless',NULL,4,12,2018,NULL,NULL,'REALIZADO','Falta: Inserção automática pelo sistema'),
 (129,'aless',NULL,5,12,2018,NULL,NULL,'REALIZADO','Falta: Inserção automática pelo sistema'),
 (130,'aless',NULL,6,12,2018,NULL,NULL,'REALIZADO','Falta: Inserção automática pelo sistema'),
 (131,'aless',NULL,7,12,2018,NULL,NULL,'REALIZADO','Falta: Inserção automática pelo sistema'),
 (132,'aless',NULL,10,12,2018,NULL,NULL,'REALIZADO','Falta: Inserção automática pelo sistema'),
 (133,'aless',NULL,11,12,2018,NULL,NULL,'REALIZADO','Falta: Inserção automática pelo sistema'),
 (134,'aless',NULL,12,12,2018,NULL,NULL,'REALIZADO','Falta: Inserção automática pelo sistema'),
 (135,'aless',NULL,13,12,2018,NULL,NULL,'REALIZADO','Falta: Inserção automática pelo sistema'),
 (136,'aless',NULL,14,12,2018,NULL,NULL,'REALIZADO','Falta: Inserção automática pelo sistema'),
 (137,'aless',NULL,17,12,2018,NULL,NULL,'REALIZADO','Falta: Inserção automática pelo sistema'),
 (138,'aless',NULL,18,12,2018,NULL,NULL,'REALIZADO','Falta: Inserção automática pelo sistema'),
 (139,'aless',NULL,19,12,2018,NULL,NULL,'REALIZADO','Falta: Inserção automática pelo sistema'),
 (140,'aless',NULL,20,12,2018,NULL,NULL,'REALIZADO','Falta: Inserção automática pelo sistema'),
 (141,'aless',NULL,21,12,2018,NULL,NULL,'REALIZADO','Falta: Inserção automática pelo sistema'),
 (142,'aless',NULL,24,12,2018,NULL,NULL,'REALIZADO','Falta: Inserção automática pelo sistema'),
 (143,'aless',NULL,26,12,2018,NULL,NULL,'REALIZADO','Falta: Inserção automática pelo sistema'),
 (144,'aless',NULL,27,12,2018,NULL,NULL,'REALIZADO','Falta: Inserção automática pelo sistema'),
 (145,'aless',NULL,28,12,2018,NULL,NULL,'REALIZADO','Falta: Inserção automática pelo sistema'),
 (146,'aless',NULL,31,12,2018,NULL,NULL,'REALIZADO','Falta: Inserção automática pelo sistema'),
 (147,'aless',NULL,2,1,2019,NULL,NULL,'REALIZADO','Falta: Inserção automática pelo sistema'),
 (148,'aless',NULL,3,1,2019,NULL,NULL,'REALIZADO','Falta: Inserção automática pelo sistema'),
 (149,'aless',NULL,4,1,2019,NULL,NULL,'REALIZADO','Falta: Inserção automática pelo sistema'),
 (150,'aless',NULL,7,1,2019,NULL,NULL,'REALIZADO','Falta: Inserção automática pelo sistema'),
 (151,'aless',NULL,8,1,2019,NULL,NULL,'REALIZADO','Falta: Inserção automática pelo sistema'),
 (152,'aless',NULL,9,1,2019,NULL,NULL,'REALIZADO','Falta: Inserção automática pelo sistema'),
 (153,'aless',NULL,10,1,2019,NULL,NULL,'REALIZADO','Falta: Inserção automática pelo sistema'),
 (154,'aless',NULL,11,1,2019,NULL,NULL,'REALIZADO','Falta: Inserção automática pelo sistema'),
 (155,'aless',NULL,14,1,2019,NULL,NULL,'REALIZADO','Falta: Inserção automática pelo sistema'),
 (156,'aless',NULL,15,1,2019,NULL,NULL,'REALIZADO','Falta: Inserção automática pelo sistema'),
 (157,'aless',NULL,16,1,2019,NULL,NULL,'REALIZADO','Falta: Inserção automática pelo sistema'),
 (158,'aless',NULL,17,1,2019,NULL,NULL,'REALIZADO','Falta: Inserção automática pelo sistema'),
 (159,'aless',NULL,18,1,2019,NULL,NULL,'REALIZADO','Falta: Inserção automática pelo sistema'),
 (160,'aless',NULL,21,1,2019,NULL,NULL,'REALIZADO','Falta: Inserção automática pelo sistema'),
 (161,'aless',NULL,22,1,2019,NULL,NULL,'REALIZADO','Falta: Inserção automática pelo sistema'),
 (162,'aless',NULL,23,1,2019,NULL,NULL,'REALIZADO','Falta: Inserção automática pelo sistema'),
 (163,'aless',NULL,24,1,2019,NULL,NULL,'REALIZADO','Falta: Inserção automática pelo sistema'),
 (164,'aless',NULL,25,1,2019,NULL,NULL,'REALIZADO','Falta: Inserção automática pelo sistema'),
 (165,'aless',NULL,28,1,2019,NULL,NULL,'REALIZADO','Falta: Inserção automática pelo sistema'),
 (166,'aless',NULL,29,1,2019,NULL,NULL,'REALIZADO','Falta: Inserção automática pelo sistema'),
 (167,'aless',NULL,30,1,2019,NULL,NULL,'REALIZADO','Falta: Inserção automática pelo sistema'),
 (168,'aless',NULL,31,1,2019,NULL,NULL,'REALIZADO','Falta: Inserção automática pelo sistema'),
 (169,'aless',NULL,1,2,2019,NULL,NULL,'REALIZADO','Falta: Inserção automática pelo sistema'),
 (170,'aless',NULL,4,2,2019,NULL,NULL,'REALIZADO','Falta: Inserção automática pelo sistema'),
 (171,'aless',NULL,5,2,2019,NULL,NULL,'REALIZADO','Falta: Inserção automática pelo sistema'),
 (172,'aless',NULL,6,2,2019,NULL,NULL,'REALIZADO','Falta: Inserção automática pelo sistema'),
 (173,'aless',NULL,7,2,2019,NULL,NULL,'REALIZADO','Falta: Inserção automática pelo sistema'),
 (174,'aless',NULL,8,2,2019,NULL,NULL,'REALIZADO','Falta: Inserção automática pelo sistema'),
 (175,'aless',NULL,11,2,2019,NULL,NULL,'REALIZADO','Falta: Inserção automática pelo sistema'),
 (176,'aless',NULL,12,2,2019,NULL,NULL,'REALIZADO','Falta: Inserção automática pelo sistema'),
 (177,'aless',NULL,13,2,2019,NULL,NULL,'REALIZADO','Falta: Inserção automática pelo sistema'),
 (178,'aless',NULL,14,2,2019,NULL,NULL,'REALIZADO','Falta: Inserção automática pelo sistema'),
 (179,'aless',NULL,15,2,2019,NULL,NULL,'REALIZADO','Falta: Inserção automática pelo sistema'),
 (180,'aless',NULL,18,2,2019,NULL,NULL,'REALIZADO','Falta: Inserção automática pelo sistema'),
 (181,'aless',NULL,19,2,2019,NULL,NULL,'REALIZADO','Falta: Inserção automática pelo sistema'),
 (182,'aless',NULL,20,2,2019,NULL,NULL,'REALIZADO','Falta: Inserção automática pelo sistema'),
 (183,'aless',NULL,21,2,2019,NULL,NULL,'REALIZADO','Falta: Inserção automática pelo sistema'),
 (184,'aless',NULL,22,2,2019,NULL,NULL,'REALIZADO','Falta: Inserção automática pelo sistema'),
 (185,'aless',NULL,25,2,2019,NULL,NULL,'REALIZADO','Falta: Inserção automática pelo sistema'),
 (186,'aless',NULL,26,2,2019,NULL,NULL,'REALIZADO','Falta: Inserção automática pelo sistema'),
 (187,'aless',NULL,27,2,2019,NULL,NULL,'REALIZADO','Falta: Inserção automática pelo sistema'),
 (188,'aless',NULL,28,2,2019,NULL,NULL,'REALIZADO','Falta: Inserção automática pelo sistema'),
 (189,'aless',NULL,1,3,2019,NULL,NULL,'REALIZADO','Falta: Inserção automática pelo sistema'),
 (190,'aless',NULL,4,3,2019,NULL,NULL,'REALIZADO','Falta: Inserção automática pelo sistema'),
 (191,'aless',NULL,5,3,2019,NULL,NULL,'REALIZADO','Falta: Inserção automática pelo sistema'),
 (192,'aless',NULL,6,3,2019,NULL,NULL,'REALIZADO','Falta: Inserção automática pelo sistema'),
 (193,'aless',NULL,7,3,2019,NULL,NULL,'REALIZADO','Falta: Inserção automática pelo sistema'),
 (194,'aless',NULL,8,3,2019,NULL,NULL,'REALIZADO','Falta: Inserção automática pelo sistema'),
 (195,'aless',NULL,11,3,2019,NULL,NULL,'REALIZADO','Falta: Inserção automática pelo sistema'),
 (196,'aless',NULL,12,3,2019,NULL,NULL,'REALIZADO','Falta: Inserção automática pelo sistema'),
 (197,'aless',NULL,13,3,2019,NULL,NULL,'REALIZADO','Falta: Inserção automática pelo sistema'),
 (198,'aless',NULL,14,3,2019,NULL,NULL,'REALIZADO','Falta: Inserção automática pelo sistema'),
 (199,'aless',NULL,15,3,2019,NULL,NULL,'REALIZADO','Falta: Inserção automática pelo sistema'),
 (200,'aless',NULL,18,3,2019,NULL,NULL,'REALIZADO','Falta: Inserção automática pelo sistema'),
 (201,'aless',NULL,19,3,2019,NULL,NULL,'REALIZADO','Falta: Inserção automática pelo sistema'),
 (202,'aless',NULL,20,3,2019,NULL,NULL,'REALIZADO','Falta: Inserção automática pelo sistema'),
 (203,'aless',NULL,21,3,2019,NULL,NULL,'REALIZADO','Falta: Inserção automática pelo sistema'),
 (204,'aless',NULL,22,3,2019,NULL,NULL,'REALIZADO','Falta: Inserção automática pelo sistema'),
 (205,'aless',NULL,25,3,2019,NULL,NULL,'REALIZADO','Falta: Inserção automática pelo sistema'),
 (206,'aless',NULL,26,3,2019,NULL,NULL,'REALIZADO','Falta: Inserção automática pelo sistema'),
 (207,'aless',NULL,27,3,2019,NULL,NULL,'REALIZADO','Falta: Inserção automática pelo sistema'),
 (208,'aless',NULL,28,3,2019,NULL,NULL,'REALIZADO','Falta: Inserção automática pelo sistema'),
 (209,'aless',NULL,29,3,2019,NULL,NULL,'REALIZADO','Falta: Inserção automática pelo sistema'),
 (210,'aless',NULL,1,4,2019,NULL,NULL,'REALIZADO','Falta: Inserção automática pelo sistema'),
 (211,'aless',NULL,2,4,2019,NULL,NULL,'REALIZADO','Falta: Inserção automática pelo sistema'),
 (212,'aless',NULL,3,4,2019,NULL,NULL,'REALIZADO','Falta: Inserção automática pelo sistema'),
 (213,'aless',NULL,4,4,2019,NULL,NULL,'REALIZADO','Falta: Inserção automática pelo sistema'),
 (214,'aless',NULL,5,4,2019,NULL,NULL,'REALIZADO','Falta: Inserção automática pelo sistema'),
 (215,'aless',NULL,8,4,2019,NULL,NULL,'REALIZADO','Falta: Inserção automática pelo sistema'),
 (216,'aless',NULL,9,4,2019,NULL,NULL,'REALIZADO','Falta: Inserção automática pelo sistema'),
 (217,'aless',NULL,10,4,2019,NULL,NULL,'REALIZADO','Falta: Inserção automática pelo sistema'),
 (218,'aless',NULL,11,4,2019,NULL,NULL,'REALIZADO','Falta: Inserção automática pelo sistema'),
 (219,'aless',NULL,12,4,2019,NULL,NULL,'REALIZADO','Falta: Inserção automática pelo sistema'),
 (220,'aless',NULL,15,4,2019,NULL,NULL,'REALIZADO','Falta: Inserção automática pelo sistema'),
 (221,'aless',NULL,16,4,2019,NULL,NULL,'REALIZADO','Falta: Inserção automática pelo sistema'),
 (222,'aless',NULL,17,4,2019,NULL,NULL,'REALIZADO','Falta: Inserção automática pelo sistema'),
 (223,'aless',NULL,18,4,2019,NULL,NULL,'REALIZADO','Falta: Inserção automática pelo sistema'),
 (224,'aless',NULL,19,4,2019,NULL,NULL,'REALIZADO','Falta: Inserção automática pelo sistema'),
 (225,'aless',NULL,22,4,2019,NULL,NULL,'REALIZADO','Falta: Inserção automática pelo sistema'),
 (226,'aless',NULL,23,4,2019,NULL,NULL,'REALIZADO','Falta: Inserção automática pelo sistema'),
 (227,'aless',NULL,24,4,2019,NULL,NULL,'REALIZADO','Falta: Inserção automática pelo sistema'),
 (228,'aless',NULL,25,4,2019,NULL,NULL,'REALIZADO','Falta: Inserção automática pelo sistema'),
 (229,'aless',NULL,26,4,2019,NULL,NULL,'REALIZADO','Falta: Inserção automática pelo sistema'),
 (230,'aless',NULL,29,4,2019,NULL,NULL,'REALIZADO','Falta: Inserção automática pelo sistema'),
 (231,'aless',NULL,30,4,2019,NULL,NULL,'REALIZADO','Falta: Inserção automática pelo sistema'),
 (232,'aless',NULL,2,5,2019,NULL,NULL,'REALIZADO','Falta: Inserção automática pelo sistema'),
 (233,'aless',NULL,3,5,2019,NULL,NULL,'REALIZADO','Falta: Inserção automática pelo sistema'),
 (234,'aless',NULL,6,5,2019,NULL,NULL,'REALIZADO','Falta: Inserção automática pelo sistema'),
 (235,'aless',NULL,7,5,2019,NULL,NULL,'REALIZADO','Falta: Inserção automática pelo sistema'),
 (236,'aless',NULL,8,5,2019,NULL,NULL,'REALIZADO','Falta: Inserção automática pelo sistema'),
 (237,'aless',NULL,9,5,2019,NULL,NULL,'REALIZADO','Falta: Inserção automática pelo sistema'),
 (238,'aless',NULL,10,5,2019,NULL,NULL,'REALIZADO','Falta: Inserção automática pelo sistema'),
 (239,'aless',NULL,13,5,2019,NULL,NULL,'REALIZADO','Falta: Inserção automática pelo sistema'),
 (240,'aless',NULL,14,5,2019,NULL,NULL,'REALIZADO','Falta: Inserção automática pelo sistema'),
 (241,'aless',NULL,15,5,2019,NULL,NULL,'REALIZADO','Falta: Inserção automática pelo sistema'),
 (242,'aless',NULL,16,5,2019,NULL,NULL,'REALIZADO','Falta: Inserção automática pelo sistema'),
 (243,'aless',NULL,17,5,2019,NULL,NULL,'REALIZADO','Falta: Inserção automática pelo sistema'),
 (244,'aless',NULL,20,5,2019,NULL,NULL,'REALIZADO','Falta: Inserção automática pelo sistema'),
 (245,'aless',NULL,21,5,2019,NULL,NULL,'REALIZADO','Falta: Inserção automática pelo sistema'),
 (246,'aless',NULL,22,5,2019,NULL,NULL,'REALIZADO','Falta: Inserção automática pelo sistema'),
 (247,'aless',NULL,23,5,2019,NULL,NULL,'REALIZADO','Falta: Inserção automática pelo sistema'),
 (248,'aless',NULL,24,5,2019,NULL,NULL,'REALIZADO','Falta: Inserção automática pelo sistema'),
 (249,'aless',NULL,27,5,2019,NULL,NULL,'REALIZADO','Falta: Inserção automática pelo sistema'),
 (250,'aless',NULL,28,5,2019,NULL,NULL,'REALIZADO','Falta: Inserção automática pelo sistema'),
 (251,'aless',NULL,29,5,2019,NULL,NULL,'REALIZADO','Falta: Inserção automática pelo sistema'),
 (252,'aless',NULL,30,5,2019,NULL,NULL,'REALIZADO','Falta: Inserção automática pelo sistema'),
 (253,'aless',NULL,31,5,2019,NULL,NULL,'REALIZADO','Falta: Inserção automática pelo sistema'),
 (254,'aless',NULL,3,6,2019,NULL,NULL,'REALIZADO','Falta: Inserção automática pelo sistema'),
 (255,'aless',NULL,4,6,2019,NULL,NULL,'REALIZADO','Falta: Inserção automática pelo sistema'),
 (256,'aless',NULL,5,6,2019,NULL,NULL,'REALIZADO','Falta: Inserção automática pelo sistema'),
 (257,'aless',NULL,6,6,2019,NULL,NULL,'REALIZADO','Falta: Inserção automática pelo sistema'),
 (258,'aless',NULL,7,6,2019,NULL,NULL,'REALIZADO','Falta: Inserção automática pelo sistema'),
 (259,'aless',NULL,10,6,2019,NULL,NULL,'REALIZADO','Falta: Inserção automática pelo sistema'),
 (260,'aless',NULL,11,6,2019,NULL,NULL,'REALIZADO','Falta: Inserção automática pelo sistema'),
 (261,'aless',NULL,12,6,2019,NULL,NULL,'REALIZADO','Falta: Inserção automática pelo sistema'),
 (262,'aless',NULL,13,6,2019,NULL,NULL,'REALIZADO','Falta: Inserção automática pelo sistema'),
 (263,'aless',NULL,14,6,2019,NULL,NULL,'REALIZADO','Falta: Inserção automática pelo sistema'),
 (264,'aless',NULL,17,6,2019,NULL,NULL,'REALIZADO','Falta: Inserção automática pelo sistema'),
 (265,'aless',NULL,18,6,2019,NULL,NULL,'REALIZADO','Falta: Inserção automática pelo sistema'),
 (266,'aless',NULL,19,6,2019,NULL,NULL,'REALIZADO','Falta: Inserção automática pelo sistema'),
 (267,'aless',NULL,20,6,2019,NULL,NULL,'REALIZADO','Falta: Inserção automática pelo sistema'),
 (268,'aless',NULL,21,6,2019,NULL,NULL,'REALIZADO','Falta: Inserção automática pelo sistema'),
 (269,'aless',NULL,24,6,2019,NULL,NULL,'REALIZADO','Falta: Inserção automática pelo sistema'),
 (270,'aless',NULL,25,6,2019,NULL,NULL,'REALIZADO','Falta: Inserção automática pelo sistema'),
 (271,'aless',NULL,26,6,2019,NULL,NULL,'REALIZADO','Falta: Inserção automática pelo sistema'),
 (272,'aless',NULL,27,6,2019,NULL,NULL,'REALIZADO','Falta: Inserção automática pelo sistema'),
 (273,'aless',NULL,28,6,2019,NULL,NULL,'REALIZADO','Falta: Inserção automática pelo sistema'),
 (274,'aless',NULL,1,7,2019,NULL,NULL,'REALIZADO','Falta: Inserção automática pelo sistema'),
 (275,'aless',NULL,2,7,2019,NULL,NULL,'REALIZADO','Falta: Inserção automática pelo sistema'),
 (276,'aless',NULL,3,7,2019,NULL,NULL,'REALIZADO','Falta: Inserção automática pelo sistema'),
 (277,'aless',NULL,4,7,2019,NULL,NULL,'REALIZADO','Falta: Inserção automática pelo sistema'),
 (278,'aless',NULL,5,7,2019,NULL,NULL,'REALIZADO','Falta: Inserção automática pelo sistema'),
 (279,'aless',NULL,8,7,2019,NULL,NULL,'REALIZADO','Falta: Inserção automática pelo sistema'),
 (280,'aless',NULL,9,7,2019,NULL,NULL,'REALIZADO','Falta: Inserção automática pelo sistema'),
 (281,'aless',NULL,10,7,2019,NULL,NULL,'REALIZADO','Falta: Inserção automática pelo sistema'),
 (282,'aless',NULL,11,7,2019,NULL,NULL,'REALIZADO','Falta: Inserção automática pelo sistema'),
 (283,'aless',NULL,12,7,2019,NULL,NULL,'REALIZADO','Falta: Inserção automática pelo sistema'),
 (284,'aless',NULL,15,7,2019,NULL,NULL,'REALIZADO','Falta: Inserção automática pelo sistema'),
 (285,'aless',NULL,16,7,2019,NULL,NULL,'REALIZADO','Falta: Inserção automática pelo sistema'),
 (286,'aless',NULL,17,7,2019,NULL,NULL,'REALIZADO','Falta: Inserção automática pelo sistema'),
 (287,'aless',NULL,18,7,2019,NULL,NULL,'REALIZADO','Falta: Inserção automática pelo sistema'),
 (288,'aless',NULL,19,7,2019,NULL,NULL,'REALIZADO','Falta: Inserção automática pelo sistema'),
 (289,'aless',NULL,22,7,2019,NULL,NULL,'REALIZADO','Falta: Inserção automática pelo sistema'),
 (290,'aless',NULL,23,7,2019,NULL,NULL,'REALIZADO','Falta: Inserção automática pelo sistema'),
 (291,'aless',NULL,24,7,2019,NULL,NULL,'REALIZADO','Falta: Inserção automática pelo sistema'),
 (292,'aless',NULL,25,7,2019,NULL,NULL,'REALIZADO','Falta: Inserção automática pelo sistema'),
 (293,'aless',NULL,26,7,2019,NULL,NULL,'REALIZADO','Falta: Inserção automática pelo sistema'),
 (294,'aless',NULL,29,7,2019,NULL,NULL,'REALIZADO','Falta: Inserção automática pelo sistema'),
 (295,'aless',NULL,30,7,2019,NULL,NULL,'REALIZADO','Falta: Inserção automática pelo sistema'),
 (296,'aless',NULL,31,7,2019,NULL,NULL,'REALIZADO','Falta: Inserção automática pelo sistema'),
 (297,'aless',NULL,1,8,2019,NULL,NULL,'REALIZADO','Falta: Inserção automática pelo sistema'),
 (298,'aless',NULL,2,8,2019,NULL,NULL,'REALIZADO','Falta: Inserção automática pelo sistema'),
 (299,'aless',NULL,5,8,2019,NULL,NULL,'REALIZADO','Falta: Inserção automática pelo sistema'),
 (300,'aless',NULL,6,8,2019,NULL,NULL,'REALIZADO','Falta: Inserção automática pelo sistema'),
 (301,'aless',NULL,7,8,2019,NULL,NULL,'REALIZADO','Falta: Inserção automática pelo sistema'),
 (302,'aless',NULL,8,8,2019,NULL,NULL,'REALIZADO','Falta: Inserção automática pelo sistema'),
 (303,'aless',NULL,9,8,2019,NULL,NULL,'REALIZADO','Falta: Inserção automática pelo sistema'),
 (304,'aless',NULL,12,8,2019,NULL,NULL,'REALIZADO','Falta: Inserção automática pelo sistema'),
 (305,'aless',NULL,13,8,2019,NULL,NULL,'REALIZADO','Falta: Inserção automática pelo sistema'),
 (306,'aless',NULL,14,8,2019,NULL,NULL,'REALIZADO','Falta: Inserção automática pelo sistema'),
 (307,'aless',NULL,15,8,2019,NULL,NULL,'REALIZADO','Falta: Inserção automática pelo sistema'),
 (308,'aless',NULL,16,8,2019,NULL,NULL,'REALIZADO','Falta: Inserção automática pelo sistema'),
 (309,'aless',NULL,19,8,2019,NULL,NULL,'REALIZADO','Falta: Inserção automática pelo sistema'),
 (310,'aless',NULL,20,8,2019,NULL,NULL,'REALIZADO','Falta: Inserção automática pelo sistema'),
 (311,'aless',NULL,21,8,2019,NULL,NULL,'REALIZADO','Falta: Inserção automática pelo sistema'),
 (312,'aless',NULL,22,8,2019,NULL,NULL,'REALIZADO','Falta: Inserção automática pelo sistema'),
 (313,'aless',NULL,23,8,2019,NULL,NULL,'REALIZADO','Falta: Inserção automática pelo sistema'),
 (314,'aless',NULL,26,8,2019,NULL,NULL,'REALIZADO','Falta: Inserção automática pelo sistema'),
 (315,'aless',NULL,27,8,2019,NULL,NULL,'REALIZADO','Falta: Inserção automática pelo sistema'),
 (316,'aless',NULL,28,8,2019,NULL,NULL,'REALIZADO','Falta: Inserção automática pelo sistema'),
 (317,'aless',NULL,29,8,2019,NULL,NULL,'REALIZADO','Falta: Inserção automática pelo sistema'),
 (318,'aless',NULL,30,8,2019,NULL,NULL,'REALIZADO','Falta: Inserção automática pelo sistema'),
 (319,'aless',NULL,2,9,2019,NULL,NULL,'REALIZADO','Falta: Inserção automática pelo sistema'),
 (320,'aless',NULL,3,9,2019,NULL,NULL,'REALIZADO','Falta: Inserção automática pelo sistema'),
 (321,'aless',NULL,4,9,2019,NULL,NULL,'REALIZADO','Falta: Inserção automática pelo sistema'),
 (322,'aless',NULL,5,9,2019,NULL,NULL,'REALIZADO','Falta: Inserção automática pelo sistema'),
 (323,'aless',NULL,6,9,2019,NULL,NULL,'REALIZADO','Falta: Inserção automática pelo sistema'),
 (324,'aless',NULL,9,9,2019,NULL,NULL,'REALIZADO','Falta: Inserção automática pelo sistema'),
 (325,'aless',NULL,10,9,2019,NULL,NULL,'REALIZADO','Falta: Inserção automática pelo sistema'),
 (326,'aless',NULL,11,9,2019,NULL,NULL,'REALIZADO','Falta: Inserção automática pelo sistema'),
 (327,'aless',NULL,12,9,2019,NULL,NULL,'REALIZADO','Falta: Inserção automática pelo sistema'),
 (328,'aless',NULL,13,9,2019,NULL,NULL,'REALIZADO','Falta: Inserção automática pelo sistema'),
 (329,'aless',NULL,16,9,2019,NULL,NULL,'REALIZADO','Falta: Inserção automática pelo sistema'),
 (330,'aless',NULL,17,9,2019,NULL,NULL,'REALIZADO','Falta: Inserção automática pelo sistema'),
 (331,'aless',NULL,18,9,2019,NULL,NULL,'REALIZADO','Falta: Inserção automática pelo sistema'),
 (332,'aless',NULL,19,9,2019,NULL,NULL,'REALIZADO','Falta: Inserção automática pelo sistema'),
 (333,'aless',NULL,23,9,2019,NULL,NULL,'REALIZADO','Falta: Inserção automática pelo sistema'),
 (334,'aless',NULL,24,9,2019,NULL,NULL,'REALIZADO','Falta: Inserção automática pelo sistema'),
 (335,'aless',NULL,25,9,2019,NULL,NULL,'REALIZADO','Falta: Inserção automática pelo sistema'),
 (336,'aless',NULL,26,9,2019,NULL,NULL,'REALIZADO','Falta: Inserção automática pelo sistema'),
 (337,'aless',NULL,27,9,2019,NULL,NULL,'REALIZADO','Falta: Inserção automática pelo sistema'),
 (338,'aless',NULL,30,9,2019,NULL,NULL,'REALIZADO','Falta: Inserção automática pelo sistema'),
 (339,'aless',NULL,1,10,2019,NULL,NULL,'REALIZADO','Falta: Inserção automática pelo sistema'),
 (340,'aless',NULL,2,10,2019,NULL,NULL,'REALIZADO','Falta: Inserção automática pelo sistema'),
 (341,'aless',NULL,3,10,2019,NULL,NULL,'REALIZADO','Falta: Inserção automática pelo sistema'),
 (342,'aless',NULL,4,10,2019,NULL,NULL,'REALIZADO','Falta: Inserção automática pelo sistema'),
 (343,'aless',NULL,7,10,2019,NULL,NULL,'REALIZADO','Falta: Inserção automática pelo sistema'),
 (344,'aless',NULL,8,10,2019,NULL,NULL,'REALIZADO','Falta: Inserção automática pelo sistema'),
 (345,'aless',NULL,9,10,2019,NULL,NULL,'REALIZADO','Falta: Inserção automática pelo sistema'),
 (346,'aless',NULL,10,10,2019,NULL,NULL,'REALIZADO','Falta: Inserção automática pelo sistema'),
 (347,'aless',NULL,11,10,2019,NULL,NULL,'REALIZADO','Falta: Inserção automática pelo sistema'),
 (348,'aless',NULL,14,10,2019,NULL,NULL,'REALIZADO','Falta: Inserção automática pelo sistema'),
 (349,'aless',NULL,15,10,2019,NULL,NULL,'REALIZADO','Falta: Inserção automática pelo sistema'),
 (350,'aless',NULL,16,10,2019,NULL,NULL,'REALIZADO','Falta: Inserção automática pelo sistema'),
 (351,'aless',NULL,17,10,2019,NULL,NULL,'REALIZADO','Falta: Inserção automática pelo sistema'),
 (352,'aless',NULL,18,10,2019,NULL,NULL,'REALIZADO','Falta: Inserção automática pelo sistema'),
 (353,'aless',NULL,21,10,2019,NULL,NULL,'REALIZADO','Falta: Inserção automática pelo sistema'),
 (354,'aless',NULL,22,10,2019,NULL,NULL,'REALIZADO','Falta: Inserção automática pelo sistema'),
 (355,'aless',NULL,23,10,2019,NULL,NULL,'REALIZADO','Falta: Inserção automática pelo sistema'),
 (356,'aless',NULL,24,10,2019,NULL,NULL,'REALIZADO','Falta: Inserção automática pelo sistema'),
 (357,'aless',NULL,25,10,2019,NULL,NULL,'REALIZADO','Falta: Inserção automática pelo sistema'),
 (358,'aless',NULL,28,10,2019,NULL,NULL,'REALIZADO','Falta: Inserção automática pelo sistema'),
 (359,'aless',NULL,29,10,2019,NULL,NULL,'REALIZADO','Falta: Inserção automática pelo sistema'),
 (360,'aless',NULL,30,10,2019,NULL,NULL,'REALIZADO','Falta: Inserção automática pelo sistema'),
 (361,'aless',NULL,31,10,2019,NULL,NULL,'REALIZADO','Falta: Inserção automática pelo sistema'),
 (362,'aless',NULL,1,11,2019,NULL,NULL,'REALIZADO','Falta: Inserção automática pelo sistema'),
 (363,'aless',NULL,4,11,2019,NULL,NULL,'REALIZADO','Falta: Inserção automática pelo sistema'),
 (364,'aless',NULL,5,11,2019,NULL,NULL,'REALIZADO','Falta: Inserção automática pelo sistema'),
 (365,'aless',NULL,6,11,2019,NULL,NULL,'REALIZADO','Falta: Inserção automática pelo sistema'),
 (366,'aless',NULL,7,11,2019,NULL,NULL,'REALIZADO','Falta: Inserção automática pelo sistema'),
 (367,'aless',NULL,8,11,2019,NULL,NULL,'REALIZADO','Falta: Inserção automática pelo sistema'),
 (368,'aless',NULL,11,11,2019,NULL,NULL,'REALIZADO','Falta: Inserção automática pelo sistema'),
 (369,'aless',NULL,12,11,2019,NULL,NULL,'REALIZADO','Falta: Inserção automática pelo sistema'),
 (370,'aless',NULL,13,11,2019,NULL,NULL,'REALIZADO','Falta: Inserção automática pelo sistema'),
 (371,'aless',NULL,14,11,2019,NULL,NULL,'REALIZADO','Falta: Inserção automática pelo sistema'),
 (372,'aless',NULL,18,11,2019,NULL,NULL,'REALIZADO','Falta: Inserção automática pelo sistema'),
 (373,'aless',NULL,19,11,2019,NULL,NULL,'REALIZADO','Falta: Inserção automática pelo sistema'),
 (374,'aless',NULL,20,11,2019,NULL,NULL,'REALIZADO','Falta: Inserção automática pelo sistema'),
 (375,'aless',NULL,21,11,2019,NULL,NULL,'REALIZADO','Falta: Inserção automática pelo sistema'),
 (376,'aless',NULL,22,11,2019,NULL,NULL,'REALIZADO','Falta: Inserção automática pelo sistema'),
 (377,'aless',NULL,25,11,2019,NULL,NULL,'REALIZADO','Falta: Inserção automática pelo sistema'),
 (378,'aless',NULL,26,11,2019,NULL,NULL,'REALIZADO','Falta: Inserção automática pelo sistema'),
 (379,'aless',NULL,27,11,2019,NULL,NULL,'REALIZADO','Falta: Inserção automática pelo sistema'),
 (380,'aless',NULL,28,11,2019,NULL,NULL,'REALIZADO','Falta: Inserção automática pelo sistema'),
 (381,'aless',NULL,29,11,2019,NULL,NULL,'REALIZADO','Falta: Inserção automática pelo sistema'),
 (382,'aless',NULL,2,12,2019,NULL,NULL,'REALIZADO','Falta: Inserção automática pelo sistema'),
 (383,'aless',NULL,3,12,2019,NULL,NULL,'REALIZADO','Falta: Inserção automática pelo sistema'),
 (384,'aless',NULL,4,12,2019,NULL,NULL,'REALIZADO','Falta: Inserção automática pelo sistema'),
 (385,'aless',NULL,5,12,2019,NULL,NULL,'REALIZADO','Falta: Inserção automática pelo sistema'),
 (386,'aless',NULL,6,12,2019,NULL,NULL,'REALIZADO','Falta: Inserção automática pelo sistema'),
 (387,'aless',NULL,9,12,2019,NULL,NULL,'REALIZADO','Falta: Inserção automática pelo sistema'),
 (388,'aless',NULL,10,12,2019,NULL,NULL,'REALIZADO','Falta: Inserção automática pelo sistema'),
 (389,'aless',NULL,11,12,2019,NULL,NULL,'REALIZADO','Falta: Inserção automática pelo sistema'),
 (390,'aless',NULL,12,12,2019,NULL,NULL,'REALIZADO','Falta: Inserção automática pelo sistema'),
 (391,'aless',NULL,13,12,2019,NULL,NULL,'REALIZADO','Falta: Inserção automática pelo sistema'),
 (392,'aless',NULL,16,12,2019,NULL,NULL,'REALIZADO','Falta: Inserção automática pelo sistema'),
 (393,'aless',NULL,17,12,2019,NULL,NULL,'REALIZADO','Falta: Inserção automática pelo sistema'),
 (394,'aless',NULL,18,12,2019,NULL,NULL,'REALIZADO','Falta: Inserção automática pelo sistema'),
 (395,'aless',NULL,19,12,2019,NULL,NULL,'REALIZADO','Falta: Inserção automática pelo sistema'),
 (396,'aless',NULL,20,12,2019,NULL,NULL,'REALIZADO','Falta: Inserção automática pelo sistema'),
 (397,'aless',NULL,23,12,2019,NULL,NULL,'REALIZADO','Falta: Inserção automática pelo sistema'),
 (398,'aless',NULL,24,12,2019,NULL,NULL,'REALIZADO','Falta: Inserção automática pelo sistema'),
 (399,'aless',NULL,26,12,2019,NULL,NULL,'REALIZADO','Falta: Inserção automática pelo sistema'),
 (400,'aless',NULL,27,12,2019,NULL,NULL,'REALIZADO','Falta: Inserção automática pelo sistema'),
 (401,'aless',NULL,30,12,2019,NULL,NULL,'REALIZADO','Falta: Inserção automática pelo sistema'),
 (402,'aless',NULL,31,12,2019,NULL,NULL,'REALIZADO','Falta: Inserção automática pelo sistema'),
 (403,'aless',NULL,2,1,2020,NULL,NULL,'REALIZADO','Falta: Inserção automática pelo sistema'),
 (404,'aless',NULL,3,1,2020,NULL,NULL,'REALIZADO','Falta: Inserção automática pelo sistema'),
 (405,'aless',NULL,6,1,2020,NULL,NULL,'REALIZADO','Falta: Inserção automática pelo sistema'),
 (406,'aless',NULL,7,1,2020,NULL,NULL,'REALIZADO','Falta: Inserção automática pelo sistema'),
 (407,'aless',NULL,8,1,2020,NULL,NULL,'REALIZADO','Falta: Inserção automática pelo sistema'),
 (408,'aless',NULL,9,1,2020,NULL,NULL,'REALIZADO','Falta: Inserção automática pelo sistema'),
 (409,'aless',NULL,10,1,2020,NULL,NULL,'REALIZADO','Falta: Inserção automática pelo sistema'),
 (410,'aless',NULL,13,1,2020,NULL,NULL,'REALIZADO','Falta: Inserção automática pelo sistema'),
 (411,'aless',NULL,14,1,2020,NULL,NULL,'REALIZADO','Falta: Inserção automática pelo sistema'),
 (412,'aless',NULL,15,1,2020,NULL,NULL,'REALIZADO','Falta: Inserção automática pelo sistema'),
 (413,'aless',NULL,16,1,2020,NULL,NULL,'REALIZADO','Falta: Inserção automática pelo sistema'),
 (414,'aless',NULL,17,1,2020,NULL,NULL,'REALIZADO','Falta: Inserção automática pelo sistema'),
 (415,'aless',NULL,20,1,2020,NULL,NULL,'REALIZADO','Falta: Inserção automática pelo sistema'),
 (416,'aless',NULL,21,1,2020,NULL,NULL,'REALIZADO','Falta: Inserção automática pelo sistema'),
 (417,'aless',NULL,22,1,2020,NULL,NULL,'REALIZADO','Falta: Inserção automática pelo sistema'),
 (418,'aless',NULL,23,1,2020,NULL,NULL,'REALIZADO','Falta: Inserção automática pelo sistema'),
 (419,'aless',NULL,24,1,2020,NULL,NULL,'REALIZADO','Falta: Inserção automática pelo sistema'),
 (420,'aless',NULL,27,1,2020,NULL,NULL,'REALIZADO','Falta: Inserção automática pelo sistema'),
 (421,'aless',NULL,28,1,2020,NULL,NULL,'REALIZADO','Falta: Inserção automática pelo sistema'),
 (422,'aless',NULL,29,1,2020,NULL,NULL,'REALIZADO','Falta: Inserção automática pelo sistema'),
 (423,'aless',NULL,30,1,2020,NULL,NULL,'REALIZADO','Falta: Inserção automática pelo sistema'),
 (424,'aless',NULL,31,1,2020,NULL,NULL,'REALIZADO','Falta: Inserção automática pelo sistema'),
 (425,'aless',NULL,3,2,2020,NULL,NULL,'REALIZADO','Falta: Inserção automática pelo sistema'),
 (426,'aless',NULL,4,2,2020,NULL,NULL,'REALIZADO','Falta: Inserção automática pelo sistema'),
 (427,'aless',NULL,5,2,2020,NULL,NULL,'REALIZADO','Falta: Inserção automática pelo sistema'),
 (428,'aless',NULL,6,2,2020,NULL,NULL,'REALIZADO','Falta: Inserção automática pelo sistema'),
 (429,'aless',NULL,7,2,2020,NULL,NULL,'REALIZADO','Falta: Inserção automática pelo sistema'),
 (430,'aless',NULL,10,2,2020,NULL,NULL,'REALIZADO','Falta: Inserção automática pelo sistema'),
 (431,'aless',NULL,11,2,2020,NULL,NULL,'REALIZADO','Falta: Inserção automática pelo sistema'),
 (432,'aless',NULL,12,2,2020,NULL,NULL,'REALIZADO','Falta: Inserção automática pelo sistema'),
 (433,'aless',NULL,13,2,2020,NULL,NULL,'REALIZADO','Falta: Inserção automática pelo sistema'),
 (434,'aless',NULL,14,2,2020,NULL,NULL,'REALIZADO','Falta: Inserção automática pelo sistema'),
 (435,'aless',NULL,17,2,2020,NULL,NULL,'REALIZADO','Falta: Inserção automática pelo sistema'),
 (436,'aless',NULL,18,2,2020,NULL,NULL,'REALIZADO','Falta: Inserção automática pelo sistema'),
 (437,'aless',NULL,19,2,2020,NULL,NULL,'REALIZADO','Falta: Inserção automática pelo sistema'),
 (438,'aless',NULL,20,2,2020,NULL,NULL,'REALIZADO','Falta: Inserção automática pelo sistema'),
 (439,'aless',NULL,21,2,2020,NULL,NULL,'REALIZADO','Falta: Inserção automática pelo sistema'),
 (440,'aless',NULL,24,2,2020,NULL,NULL,'REALIZADO','Falta: Inserção automática pelo sistema'),
 (441,'aless',NULL,25,2,2020,NULL,NULL,'REALIZADO','Falta: Inserção automática pelo sistema'),
 (442,'aless',NULL,26,2,2020,NULL,NULL,'REALIZADO','Falta: Inserção automática pelo sistema'),
 (443,'aless',NULL,27,2,2020,NULL,NULL,'REALIZADO','Falta: Inserção automática pelo sistema'),
 (444,'aless',NULL,28,2,2020,NULL,NULL,'REALIZADO','Falta: Inserção automática pelo sistema'),
 (445,'aless',NULL,2,3,2020,NULL,NULL,'REALIZADO','Falta: Inserção automática pelo sistema'),
 (446,'aless',NULL,3,3,2020,NULL,NULL,'REALIZADO','Falta: Inserção automática pelo sistema'),
 (447,'aless',NULL,4,3,2020,NULL,NULL,'REALIZADO','Falta: Inserção automática pelo sistema'),
 (448,'aless',NULL,5,3,2020,NULL,NULL,'REALIZADO','Falta: Inserção automática pelo sistema'),
 (449,'aless',NULL,6,3,2020,NULL,NULL,'REALIZADO','Falta: Inserção automática pelo sistema'),
 (450,'aless',NULL,9,3,2020,NULL,NULL,'REALIZADO','Falta: Inserção automática pelo sistema'),
 (451,'aless',NULL,10,3,2020,NULL,NULL,'REALIZADO','Falta: Inserção automática pelo sistema'),
 (452,'aless',NULL,11,3,2020,NULL,NULL,'REALIZADO','Falta: Inserção automática pelo sistema'),
 (453,'aless',NULL,12,3,2020,NULL,NULL,'REALIZADO','Falta: Inserção automática pelo sistema'),
 (454,'aless',NULL,13,3,2020,NULL,NULL,'REALIZADO','Falta: Inserção automática pelo sistema'),
 (455,'aless',NULL,16,3,2020,NULL,NULL,'REALIZADO','Falta: Inserção automática pelo sistema'),
 (456,'aless',NULL,17,3,2020,NULL,NULL,'REALIZADO','Falta: Inserção automática pelo sistema'),
 (457,'aless',NULL,18,3,2020,NULL,NULL,'REALIZADO','Falta: Inserção automática pelo sistema'),
 (458,'aless',NULL,19,3,2020,NULL,NULL,'REALIZADO','Falta: Inserção automática pelo sistema'),
 (459,'aless',NULL,20,3,2020,NULL,NULL,'REALIZADO','Falta: Inserção automática pelo sistema'),
 (460,'aless',NULL,23,3,2020,NULL,NULL,'REALIZADO','Falta: Inserção automática pelo sistema'),
 (461,'aless',NULL,24,3,2020,NULL,NULL,'REALIZADO','Falta: Inserção automática pelo sistema'),
 (462,'aless',NULL,25,3,2020,NULL,NULL,'REALIZADO','Falta: Inserção automática pelo sistema'),
 (463,'aless',NULL,26,3,2020,NULL,NULL,'REALIZADO','Falta: Inserção automática pelo sistema'),
 (464,'aless',NULL,27,3,2020,NULL,NULL,'REALIZADO','Falta: Inserção automática pelo sistema'),
 (465,'aless',NULL,30,3,2020,NULL,NULL,'REALIZADO','Falta: Inserção automática pelo sistema'),
 (466,'aless',NULL,31,3,2020,NULL,NULL,'REALIZADO','Falta: Inserção automática pelo sistema'),
 (467,'aless',NULL,1,4,2020,NULL,NULL,'REALIZADO','Falta: Inserção automática pelo sistema'),
 (468,'aless',NULL,2,4,2020,NULL,NULL,'REALIZADO','Falta: Inserção automática pelo sistema'),
 (469,'aless',NULL,3,4,2020,NULL,NULL,'REALIZADO','Falta: Inserção automática pelo sistema'),
 (470,'aless',NULL,6,4,2020,NULL,NULL,'REALIZADO','Falta: Inserção automática pelo sistema'),
 (471,'aless',NULL,7,4,2020,NULL,NULL,'REALIZADO','Falta: Inserção automática pelo sistema'),
 (472,'aless',NULL,8,4,2020,NULL,NULL,'REALIZADO','Falta: Inserção automática pelo sistema'),
 (473,'aless',NULL,9,4,2020,NULL,NULL,'REALIZADO','Falta: Inserção automática pelo sistema'),
 (474,'aless',NULL,10,4,2020,NULL,NULL,'REALIZADO','Falta: Inserção automática pelo sistema'),
 (475,'aless',NULL,13,4,2020,NULL,NULL,'REALIZADO','Falta: Inserção automática pelo sistema'),
 (476,'aless',NULL,14,4,2020,NULL,NULL,'REALIZADO','Falta: Inserção automática pelo sistema'),
 (477,'aless',NULL,15,4,2020,NULL,NULL,'REALIZADO','Falta: Inserção automática pelo sistema'),
 (478,'aless',NULL,16,4,2020,NULL,NULL,'REALIZADO','Falta: Inserção automática pelo sistema'),
 (479,'aless',NULL,17,4,2020,NULL,NULL,'REALIZADO','Falta: Inserção automática pelo sistema'),
 (480,'aless',NULL,20,4,2020,NULL,NULL,'REALIZADO','Falta: Inserção automática pelo sistema'),
 (481,'aless',NULL,22,4,2020,NULL,NULL,'REALIZADO','Falta: Inserção automática pelo sistema'),
 (482,'aless',NULL,23,4,2020,NULL,NULL,'REALIZADO','Falta: Inserção automática pelo sistema'),
 (483,'aless',NULL,24,4,2020,NULL,NULL,'REALIZADO','Falta: Inserção automática pelo sistema'),
 (484,'aless',NULL,27,4,2020,NULL,NULL,'REALIZADO','Falta: Inserção automática pelo sistema'),
 (485,'aless',NULL,28,4,2020,NULL,NULL,'REALIZADO','Falta: Inserção automática pelo sistema'),
 (486,'aless',NULL,29,4,2020,NULL,NULL,'REALIZADO','Falta: Inserção automática pelo sistema'),
 (487,'aless',NULL,30,4,2020,NULL,NULL,'REALIZADO','Falta: Inserção automática pelo sistema'),
 (488,'aless',NULL,4,5,2020,NULL,NULL,'REALIZADO','Falta: Inserção automática pelo sistema'),
 (489,'aless',NULL,5,5,2020,NULL,NULL,'REALIZADO','Falta: Inserção automática pelo sistema'),
 (490,'aless',NULL,6,5,2020,NULL,NULL,'REALIZADO','Falta: Inserção automática pelo sistema'),
 (491,'aless',NULL,7,5,2020,NULL,NULL,'REALIZADO','Falta: Inserção automática pelo sistema'),
 (492,'aless',NULL,8,5,2020,NULL,NULL,'REALIZADO','Falta: Inserção automática pelo sistema'),
 (493,'aless',NULL,11,5,2020,NULL,NULL,'REALIZADO','Falta: Inserção automática pelo sistema'),
 (494,'aless',NULL,12,5,2020,NULL,NULL,'REALIZADO','Falta: Inserção automática pelo sistema'),
 (495,'aless',NULL,13,5,2020,NULL,NULL,'REALIZADO','Falta: Inserção automática pelo sistema'),
 (496,'aless',NULL,14,5,2020,NULL,NULL,'REALIZADO','Falta: Inserção automática pelo sistema'),
 (497,'aless',NULL,15,5,2020,NULL,NULL,'REALIZADO','Falta: Inserção automática pelo sistema'),
 (498,'aless',NULL,18,5,2020,NULL,NULL,'REALIZADO','Falta: Inserção automática pelo sistema'),
 (499,'aless',NULL,19,5,2020,NULL,NULL,'REALIZADO','Falta: Inserção automática pelo sistema'),
 (500,'aless',NULL,20,5,2020,NULL,NULL,'REALIZADO','Falta: Inserção automática pelo sistema'),
 (501,'aless',NULL,21,5,2020,NULL,NULL,'REALIZADO','Falta: Inserção automática pelo sistema'),
 (502,'aless',NULL,22,5,2020,NULL,NULL,'REALIZADO','Falta: Inserção automática pelo sistema'),
 (503,'aless',NULL,25,5,2020,NULL,NULL,'REALIZADO','Falta: Inserção automática pelo sistema'),
 (504,'aless',NULL,26,5,2020,NULL,NULL,'REALIZADO','Falta: Inserção automática pelo sistema'),
 (505,'aless',NULL,27,5,2020,NULL,NULL,'REALIZADO','Falta: Inserção automática pelo sistema'),
 (506,'aless',NULL,28,5,2020,NULL,NULL,'REALIZADO','Falta: Inserção automática pelo sistema'),
 (507,'aless',NULL,29,5,2020,NULL,NULL,'REALIZADO','Falta: Inserção automática pelo sistema'),
 (508,'aless',NULL,1,6,2020,NULL,NULL,'REALIZADO','Falta: Inserção automática pelo sistema'),
 (509,'aless',NULL,2,6,2020,NULL,NULL,'REALIZADO','Falta: Inserção automática pelo sistema'),
 (510,'aless',NULL,3,6,2020,NULL,NULL,'REALIZADO','Falta: Inserção automática pelo sistema'),
 (511,'aless',NULL,4,6,2020,NULL,NULL,'REALIZADO','Falta: Inserção automática pelo sistema'),
 (512,'aless',NULL,5,6,2020,NULL,NULL,'REALIZADO','Falta: Inserção automática pelo sistema'),
 (513,'aless',NULL,8,6,2020,NULL,NULL,'REALIZADO','Falta: Inserção automática pelo sistema'),
 (514,'aless',NULL,9,6,2020,NULL,NULL,'REALIZADO','Falta: Inserção automática pelo sistema'),
 (515,'aless',NULL,10,6,2020,NULL,NULL,'REALIZADO','Falta: Inserção automática pelo sistema'),
 (516,'aless',NULL,11,6,2020,NULL,NULL,'REALIZADO','Falta: Inserção automática pelo sistema'),
 (517,'aless',NULL,12,6,2020,NULL,NULL,'REALIZADO','Falta: Inserção automática pelo sistema'),
 (518,'aless',NULL,15,6,2020,NULL,NULL,'REALIZADO','Falta: Inserção automática pelo sistema'),
 (519,'aless',NULL,16,6,2020,NULL,NULL,'REALIZADO','Falta: Inserção automática pelo sistema'),
 (520,'aless',NULL,17,6,2020,NULL,NULL,'REALIZADO','Falta: Inserção automática pelo sistema'),
 (521,'aless',NULL,18,6,2020,NULL,NULL,'REALIZADO','Falta: Inserção automática pelo sistema'),
 (522,'aless',NULL,19,6,2020,NULL,NULL,'REALIZADO','Falta: Inserção automática pelo sistema'),
 (523,'aless',NULL,22,6,2020,NULL,NULL,'REALIZADO','Falta: Inserção automática pelo sistema'),
 (524,'aless',NULL,23,6,2020,NULL,NULL,'REALIZADO','Falta: Inserção automática pelo sistema'),
 (525,'aless',NULL,24,6,2020,NULL,NULL,'REALIZADO','Falta: Inserção automática pelo sistema'),
 (526,'aless',NULL,25,6,2020,NULL,NULL,'REALIZADO','Falta: Inserção automática pelo sistema'),
 (527,'aless',NULL,26,6,2020,NULL,NULL,'REALIZADO','Falta: Inserção automática pelo sistema'),
 (528,'aless',NULL,29,6,2020,NULL,NULL,'REALIZADO','Falta: Inserção automática pelo sistema'),
 (529,'aless',NULL,30,6,2020,NULL,NULL,'REALIZADO','Falta: Inserção automática pelo sistema'),
 (530,'aless',NULL,1,7,2020,NULL,NULL,'REALIZADO','Falta: Inserção automática pelo sistema'),
 (531,'aless',NULL,2,7,2020,NULL,NULL,'REALIZADO','Falta: Inserção automática pelo sistema'),
 (532,'aless',NULL,3,7,2020,NULL,NULL,'REALIZADO','Falta: Inserção automática pelo sistema'),
 (533,'aless',NULL,6,7,2020,NULL,NULL,'REALIZADO','Falta: Inserção automática pelo sistema'),
 (534,'aless',NULL,7,7,2020,NULL,NULL,'REALIZADO','Falta: Inserção automática pelo sistema'),
 (535,'aless',NULL,8,7,2020,NULL,NULL,'REALIZADO','Falta: Inserção automática pelo sistema'),
 (536,'aless',NULL,9,7,2020,NULL,NULL,'REALIZADO','Falta: Inserção automática pelo sistema'),
 (537,'aless',NULL,10,7,2020,NULL,NULL,'REALIZADO','Falta: Inserção automática pelo sistema'),
 (538,'aless',NULL,13,7,2020,NULL,NULL,'REALIZADO','Falta: Inserção automática pelo sistema'),
 (539,'aless',NULL,14,7,2020,NULL,NULL,'REALIZADO','Falta: Inserção automática pelo sistema'),
 (540,'aless',NULL,15,7,2020,NULL,NULL,'REALIZADO','Falta: Inserção automática pelo sistema'),
 (541,'aless',NULL,16,7,2020,NULL,NULL,'REALIZADO','Falta: Inserção automática pelo sistema'),
 (542,'aless',NULL,17,7,2020,NULL,NULL,'REALIZADO','Falta: Inserção automática pelo sistema'),
 (543,'aless',NULL,20,7,2020,NULL,NULL,'REALIZADO','Falta: Inserção automática pelo sistema'),
 (544,'aless',NULL,21,7,2020,NULL,NULL,'REALIZADO','Falta: Inserção automática pelo sistema'),
 (545,'aless',NULL,22,7,2020,NULL,NULL,'REALIZADO','Falta: Inserção automática pelo sistema'),
 (546,'aless',NULL,23,7,2020,NULL,NULL,'REALIZADO','Falta: Inserção automática pelo sistema'),
 (547,'aless',NULL,24,7,2020,NULL,NULL,'REALIZADO','Falta: Inserção automática pelo sistema'),
 (548,'aless',NULL,27,7,2020,NULL,NULL,'REALIZADO','Falta: Inserção automática pelo sistema'),
 (549,'aless',NULL,28,7,2020,NULL,NULL,'REALIZADO','Falta: Inserção automática pelo sistema'),
 (550,'aless',NULL,29,7,2020,NULL,NULL,'REALIZADO','Falta: Inserção automática pelo sistema'),
 (551,'aless',NULL,30,7,2020,NULL,NULL,'REALIZADO','Falta: Inserção automática pelo sistema'),
 (552,'aless',NULL,31,7,2020,NULL,NULL,'REALIZADO','Falta: Inserção automática pelo sistema'),
 (553,'aless',NULL,3,8,2020,NULL,NULL,'REALIZADO','Falta: Inserção automática pelo sistema'),
 (554,'aless',NULL,4,8,2020,NULL,NULL,'REALIZADO','Falta: Inserção automática pelo sistema'),
 (555,'aless',NULL,5,8,2020,NULL,NULL,'REALIZADO','Falta: Inserção automática pelo sistema'),
 (556,'aless',NULL,6,8,2020,NULL,NULL,'REALIZADO','Falta: Inserção automática pelo sistema'),
 (557,'aless',NULL,7,8,2020,NULL,NULL,'REALIZADO','Falta: Inserção automática pelo sistema'),
 (558,'aless',NULL,10,8,2020,NULL,NULL,'REALIZADO','Falta: Inserção automática pelo sistema'),
 (559,'aless',NULL,11,8,2020,NULL,NULL,'REALIZADO','Falta: Inserção automática pelo sistema'),
 (560,'aless',NULL,12,8,2020,NULL,NULL,'REALIZADO','Falta: Inserção automática pelo sistema'),
 (561,'aless',NULL,13,8,2020,NULL,NULL,'REALIZADO','Falta: Inserção automática pelo sistema'),
 (562,'aless',NULL,14,8,2020,NULL,NULL,'REALIZADO','Falta: Inserção automática pelo sistema'),
 (563,'aless',NULL,17,8,2020,NULL,NULL,'REALIZADO','Falta: Inserção automática pelo sistema'),
 (564,'aless',NULL,18,8,2020,NULL,NULL,'REALIZADO','Falta: Inserção automática pelo sistema'),
 (565,'aless',NULL,19,8,2020,NULL,NULL,'REALIZADO','Falta: Inserção automática pelo sistema'),
 (566,'aless',NULL,20,8,2020,NULL,NULL,'REALIZADO','Falta: Inserção automática pelo sistema'),
 (567,'aless',NULL,21,8,2020,NULL,NULL,'REALIZADO','Falta: Inserção automática pelo sistema'),
 (568,'aless',NULL,24,8,2020,NULL,NULL,'REALIZADO','Falta: Inserção automática pelo sistema'),
 (569,'aless',NULL,25,8,2020,NULL,NULL,'REALIZADO','Falta: Inserção automática pelo sistema'),
 (570,'aless',NULL,26,8,2020,NULL,NULL,'REALIZADO','Falta: Inserção automática pelo sistema'),
 (571,'aless',NULL,27,8,2020,NULL,NULL,'REALIZADO','Falta: Inserção automática pelo sistema'),
 (572,'aless',NULL,28,8,2020,NULL,NULL,'REALIZADO','Falta: Inserção automática pelo sistema'),
 (573,'aless',NULL,31,8,2020,NULL,NULL,'REALIZADO','Falta: Inserção automática pelo sistema'),
 (574,'aless',NULL,1,9,2020,NULL,NULL,'REALIZADO','Falta: Inserção automática pelo sistema'),
 (575,'aless',NULL,2,9,2020,NULL,NULL,'REALIZADO','Falta: Inserção automática pelo sistema'),
 (576,'aless',NULL,3,9,2020,NULL,NULL,'REALIZADO','Falta: Inserção automática pelo sistema'),
 (577,'aless',NULL,4,9,2020,NULL,NULL,'REALIZADO','Falta: Inserção automática pelo sistema'),
 (578,'aless',NULL,8,9,2020,NULL,NULL,'REALIZADO','Falta: Inserção automática pelo sistema'),
 (579,'aless',NULL,9,9,2020,NULL,NULL,'REALIZADO','Falta: Inserção automática pelo sistema'),
 (580,'aless',NULL,10,9,2020,NULL,NULL,'REALIZADO','Falta: Inserção automática pelo sistema'),
 (581,'aless',NULL,11,9,2020,NULL,NULL,'REALIZADO','Falta: Inserção automática pelo sistema'),
 (582,'aless',NULL,14,9,2020,NULL,NULL,'REALIZADO','Falta: Inserção automática pelo sistema'),
 (583,'aless',NULL,15,9,2020,NULL,NULL,'REALIZADO','Falta: Inserção automática pelo sistema'),
 (584,'aless',NULL,16,9,2020,NULL,NULL,'REALIZADO','Falta: Inserção automática pelo sistema'),
 (585,'aless',NULL,17,9,2020,NULL,NULL,'REALIZADO','Falta: Inserção automática pelo sistema'),
 (586,'aless',NULL,18,9,2020,NULL,NULL,'REALIZADO','Falta: Inserção automática pelo sistema'),
 (587,'aless',NULL,21,9,2020,NULL,NULL,'REALIZADO','Falta: Inserção automática pelo sistema'),
 (588,'aless',NULL,22,9,2020,NULL,NULL,'REALIZADO','Falta: Inserção automática pelo sistema'),
 (589,'aless',NULL,23,9,2020,NULL,NULL,'REALIZADO','Falta: Inserção automática pelo sistema'),
 (590,'aless',NULL,24,9,2020,NULL,NULL,'REALIZADO','Falta: Inserção automática pelo sistema'),
 (591,'aless',NULL,25,9,2020,NULL,NULL,'REALIZADO','Falta: Inserção automática pelo sistema'),
 (592,'aless',NULL,28,9,2020,NULL,NULL,'REALIZADO','Falta: Inserção automática pelo sistema'),
 (593,'aless',NULL,29,9,2020,NULL,NULL,'REALIZADO','Falta: Inserção automática pelo sistema'),
 (594,'aless',NULL,30,9,2020,NULL,NULL,'REALIZADO','Falta: Inserção automática pelo sistema'),
 (595,'aless',NULL,1,10,2020,NULL,NULL,'REALIZADO','Falta: Inserção automática pelo sistema'),
 (596,'aless',NULL,2,10,2020,NULL,NULL,'REALIZADO','Falta: Inserção automática pelo sistema'),
 (597,'aless',NULL,5,10,2020,NULL,NULL,'REALIZADO','Falta: Inserção automática pelo sistema'),
 (598,'aless',NULL,6,10,2020,NULL,NULL,'REALIZADO','Falta: Inserção automática pelo sistema'),
 (599,'aless',NULL,7,10,2020,NULL,NULL,'REALIZADO','Falta: Inserção automática pelo sistema'),
 (600,'aless',NULL,8,10,2020,NULL,NULL,'REALIZADO','Falta: Inserção automática pelo sistema'),
 (601,'aless',NULL,9,10,2020,NULL,NULL,'REALIZADO','Falta: Inserção automática pelo sistema'),
 (602,'aless',NULL,13,10,2020,NULL,NULL,'REALIZADO','Falta: Inserção automática pelo sistema'),
 (603,'aless',NULL,14,10,2020,NULL,NULL,'REALIZADO','Falta: Inserção automática pelo sistema'),
 (604,'aless',NULL,15,10,2020,NULL,NULL,'REALIZADO','Falta: Inserção automática pelo sistema'),
 (605,'aless',NULL,16,10,2020,NULL,NULL,'REALIZADO','Falta: Inserção automática pelo sistema'),
 (606,'aless',NULL,19,10,2020,NULL,NULL,'REALIZADO','Falta: Inserção automática pelo sistema'),
 (607,'aless',NULL,20,10,2020,NULL,NULL,'REALIZADO','Falta: Inserção automática pelo sistema'),
 (608,'aless',NULL,21,10,2020,NULL,NULL,'REALIZADO','Falta: Inserção automática pelo sistema'),
 (609,'aless',NULL,22,10,2020,NULL,NULL,'REALIZADO','Falta: Inserção automática pelo sistema'),
 (610,'aless',NULL,23,10,2020,NULL,NULL,'REALIZADO','Falta: Inserção automática pelo sistema'),
 (611,'aless',NULL,26,10,2020,NULL,NULL,'REALIZADO','Falta: Inserção automática pelo sistema'),
 (612,'aless',NULL,27,10,2020,NULL,NULL,'REALIZADO','Falta: Inserção automática pelo sistema'),
 (613,'aless',NULL,28,10,2020,NULL,NULL,'REALIZADO','Falta: Inserção automática pelo sistema'),
 (614,'aless',NULL,29,10,2020,NULL,NULL,'REALIZADO','Falta: Inserção automática pelo sistema'),
 (615,'aless',NULL,30,10,2020,NULL,NULL,'REALIZADO','Falta: Inserção automática pelo sistema'),
 (616,'aless',NULL,3,11,2020,NULL,NULL,'REALIZADO','Falta: Inserção automática pelo sistema'),
 (617,'aless',NULL,4,11,2020,NULL,NULL,'REALIZADO','Falta: Inserção automática pelo sistema'),
 (618,'aless',NULL,5,11,2020,NULL,NULL,'REALIZADO','Falta: Inserção automática pelo sistema'),
 (619,'aless',NULL,6,11,2020,NULL,NULL,'REALIZADO','Falta: Inserção automática pelo sistema');
/*!40000 ALTER TABLE `pt_ponto` ENABLE KEYS */;


--
-- Definition of table `pt_total_dia`
--

DROP TABLE IF EXISTS `pt_total_dia`;
CREATE TABLE `pt_total_dia` (
  `COD_TOTAL_DIA` int(10) NOT NULL AUTO_INCREMENT,
  `ID_USUARIO` varchar(10) DEFAULT NULL,
  `DATA_DIA` int(10) DEFAULT NULL,
  `DATA_MES` int(10) DEFAULT NULL,
  `DATA_ANO` int(10) DEFAULT NULL,
  `TOTAL` varchar(50) DEFAULT NULL,
  PRIMARY KEY (`COD_TOTAL_DIA`),
  KEY `DATA_ANO` (`DATA_ANO`),
  KEY `DATA_DIA` (`DATA_DIA`),
  KEY `DATA_MES` (`DATA_MES`),
  KEY `ID_USUARIO` (`ID_USUARIO`)
) ENGINE=InnoDB AUTO_INCREMENT=619 DEFAULT CHARSET=utf8;

--
-- Dumping data for table `pt_total_dia`
--

/*!40000 ALTER TABLE `pt_total_dia` DISABLE KEYS */;
INSERT INTO `pt_total_dia` (`COD_TOTAL_DIA`,`ID_USUARIO`,`DATA_DIA`,`DATA_MES`,`DATA_ANO`,`TOTAL`) VALUES 
 (1,'aless',4,6,2018,'08:50:00'),
 (2,'aless',5,6,2018,'00:00:00'),
 (3,'aless',6,6,2018,'00:00:00'),
 (4,'aless',7,6,2018,'00:00:00'),
 (5,'aless',8,6,2018,'00:00:00'),
 (6,'aless',11,6,2018,'00:00:00'),
 (7,'aless',12,6,2018,'00:00:00'),
 (8,'aless',13,6,2018,'00:00:00'),
 (9,'aless',14,6,2018,'00:00:00'),
 (10,'aless',15,6,2018,'00:00:00'),
 (11,'aless',18,6,2018,'00:00:00'),
 (12,'aless',19,6,2018,'00:00:00'),
 (13,'aless',20,6,2018,'00:00:00'),
 (14,'aless',21,6,2018,'00:00:00'),
 (15,'aless',22,6,2018,'00:00:00'),
 (16,'aless',25,6,2018,'00:00:00'),
 (17,'aless',26,6,2018,'00:00:00'),
 (18,'aless',27,6,2018,'00:00:00'),
 (19,'aless',28,6,2018,'00:00:00'),
 (20,'aless',29,6,2018,'00:00:00'),
 (21,'aless',2,7,2018,'00:00:00'),
 (22,'aless',3,7,2018,'00:00:00'),
 (23,'aless',4,7,2018,'00:00:00'),
 (24,'aless',5,7,2018,'00:00:00'),
 (25,'aless',6,7,2018,'00:00:00'),
 (26,'aless',9,7,2018,'00:00:00'),
 (27,'aless',10,7,2018,'00:00:00'),
 (28,'aless',11,7,2018,'00:00:00'),
 (29,'aless',12,7,2018,'00:00:00'),
 (30,'aless',13,7,2018,'00:00:00'),
 (31,'aless',16,7,2018,'00:00:00'),
 (32,'aless',17,7,2018,'00:00:00'),
 (33,'aless',18,7,2018,'00:00:00'),
 (34,'aless',19,7,2018,'00:00:00'),
 (35,'aless',20,7,2018,'00:00:00'),
 (36,'aless',23,7,2018,'00:00:00'),
 (37,'aless',24,7,2018,'00:00:00'),
 (38,'aless',25,7,2018,'00:00:00'),
 (39,'aless',26,7,2018,'00:00:00'),
 (40,'aless',27,7,2018,'00:00:00'),
 (41,'aless',30,7,2018,'00:00:00'),
 (42,'aless',31,7,2018,'00:00:00'),
 (43,'aless',1,8,2018,'00:00:00'),
 (44,'aless',2,8,2018,'00:00:00'),
 (45,'aless',3,8,2018,'00:00:00'),
 (46,'aless',6,8,2018,'00:00:00'),
 (47,'aless',7,8,2018,'00:00:00'),
 (48,'aless',8,8,2018,'00:00:00'),
 (49,'aless',9,8,2018,'00:00:00'),
 (50,'aless',10,8,2018,'00:00:00'),
 (51,'aless',13,8,2018,'00:00:00'),
 (52,'aless',14,8,2018,'00:00:00'),
 (53,'aless',15,8,2018,'00:00:00'),
 (54,'aless',16,8,2018,'00:00:00'),
 (55,'aless',17,8,2018,'00:00:00'),
 (56,'aless',20,8,2018,'00:00:00'),
 (57,'aless',21,8,2018,'00:00:00'),
 (58,'aless',22,8,2018,'00:00:00'),
 (59,'aless',23,8,2018,'00:00:00'),
 (60,'aless',24,8,2018,'00:00:00'),
 (61,'aless',27,8,2018,'00:00:00'),
 (62,'aless',28,8,2018,'00:00:00'),
 (63,'aless',29,8,2018,'00:00:00'),
 (64,'aless',30,8,2018,'00:00:00'),
 (65,'aless',31,8,2018,'00:00:00'),
 (66,'aless',3,9,2018,'00:00:00'),
 (67,'aless',4,9,2018,'00:00:00'),
 (68,'aless',5,9,2018,'00:00:00'),
 (69,'aless',6,9,2018,'00:00:00'),
 (70,'aless',10,9,2018,'00:00:00'),
 (71,'aless',11,9,2018,'00:00:00'),
 (72,'aless',12,9,2018,'00:00:00'),
 (73,'aless',13,9,2018,'00:00:00'),
 (74,'aless',14,9,2018,'00:00:00'),
 (75,'aless',17,9,2018,'00:00:00'),
 (76,'aless',18,9,2018,'00:00:00'),
 (77,'aless',19,9,2018,'00:00:00'),
 (78,'aless',21,9,2018,'00:00:00'),
 (79,'aless',24,9,2018,'00:00:00'),
 (80,'aless',25,9,2018,'00:00:00'),
 (81,'aless',26,9,2018,'00:00:00'),
 (82,'aless',27,9,2018,'00:00:00'),
 (83,'aless',28,9,2018,'00:00:00'),
 (84,'aless',1,10,2018,'00:00:00'),
 (85,'aless',2,10,2018,'00:00:00'),
 (86,'aless',3,10,2018,'00:00:00'),
 (87,'aless',4,10,2018,'00:00:00'),
 (88,'aless',5,10,2018,'00:00:00'),
 (89,'aless',8,10,2018,'00:00:00'),
 (90,'aless',9,10,2018,'00:00:00'),
 (91,'aless',10,10,2018,'00:00:00'),
 (92,'aless',11,10,2018,'00:00:00'),
 (93,'aless',15,10,2018,'00:00:00'),
 (94,'aless',16,10,2018,'00:00:00'),
 (95,'aless',17,10,2018,'00:00:00'),
 (96,'aless',18,10,2018,'00:00:00'),
 (97,'aless',19,10,2018,'00:00:00'),
 (98,'aless',22,10,2018,'00:00:00'),
 (99,'aless',23,10,2018,'00:00:00'),
 (100,'aless',24,10,2018,'00:00:00'),
 (101,'aless',25,10,2018,'00:00:00'),
 (102,'aless',26,10,2018,'00:00:00'),
 (103,'aless',29,10,2018,'00:00:00'),
 (104,'aless',30,10,2018,'00:00:00'),
 (105,'aless',31,10,2018,'00:00:00'),
 (106,'aless',1,11,2018,'00:00:00'),
 (107,'aless',5,11,2018,'00:00:00'),
 (108,'aless',6,11,2018,'00:00:00'),
 (109,'aless',7,11,2018,'00:00:00'),
 (110,'aless',8,11,2018,'00:00:00'),
 (111,'aless',9,11,2018,'00:00:00'),
 (112,'aless',12,11,2018,'00:00:00'),
 (113,'aless',13,11,2018,'00:00:00'),
 (114,'aless',14,11,2018,'00:00:00'),
 (115,'aless',16,11,2018,'00:00:00'),
 (116,'aless',19,11,2018,'00:00:00'),
 (117,'aless',20,11,2018,'00:00:00'),
 (118,'aless',21,11,2018,'00:00:00'),
 (119,'aless',22,11,2018,'00:00:00'),
 (120,'aless',23,11,2018,'00:00:00'),
 (121,'aless',26,11,2018,'00:00:00'),
 (122,'aless',27,11,2018,'00:00:00'),
 (123,'aless',28,11,2018,'00:00:00'),
 (124,'aless',29,11,2018,'00:00:00'),
 (125,'aless',30,11,2018,'00:00:00'),
 (126,'aless',3,12,2018,'00:00:00'),
 (127,'aless',4,12,2018,'00:00:00'),
 (128,'aless',5,12,2018,'00:00:00'),
 (129,'aless',6,12,2018,'00:00:00'),
 (130,'aless',7,12,2018,'00:00:00'),
 (131,'aless',10,12,2018,'00:00:00'),
 (132,'aless',11,12,2018,'00:00:00'),
 (133,'aless',12,12,2018,'00:00:00'),
 (134,'aless',13,12,2018,'00:00:00'),
 (135,'aless',14,12,2018,'00:00:00'),
 (136,'aless',17,12,2018,'00:00:00'),
 (137,'aless',18,12,2018,'00:00:00'),
 (138,'aless',19,12,2018,'00:00:00'),
 (139,'aless',20,12,2018,'00:00:00'),
 (140,'aless',21,12,2018,'00:00:00'),
 (141,'aless',24,12,2018,'00:00:00'),
 (142,'aless',26,12,2018,'00:00:00'),
 (143,'aless',27,12,2018,'00:00:00'),
 (144,'aless',28,12,2018,'00:00:00'),
 (145,'aless',31,12,2018,'00:00:00'),
 (146,'aless',2,1,2019,'00:00:00'),
 (147,'aless',3,1,2019,'00:00:00'),
 (148,'aless',4,1,2019,'00:00:00'),
 (149,'aless',7,1,2019,'00:00:00'),
 (150,'aless',8,1,2019,'00:00:00'),
 (151,'aless',9,1,2019,'00:00:00'),
 (152,'aless',10,1,2019,'00:00:00'),
 (153,'aless',11,1,2019,'00:00:00'),
 (154,'aless',14,1,2019,'00:00:00'),
 (155,'aless',15,1,2019,'00:00:00'),
 (156,'aless',16,1,2019,'00:00:00'),
 (157,'aless',17,1,2019,'00:00:00'),
 (158,'aless',18,1,2019,'00:00:00'),
 (159,'aless',21,1,2019,'00:00:00'),
 (160,'aless',22,1,2019,'00:00:00'),
 (161,'aless',23,1,2019,'00:00:00'),
 (162,'aless',24,1,2019,'00:00:00'),
 (163,'aless',25,1,2019,'00:00:00'),
 (164,'aless',28,1,2019,'00:00:00'),
 (165,'aless',29,1,2019,'00:00:00'),
 (166,'aless',30,1,2019,'00:00:00'),
 (167,'aless',31,1,2019,'00:00:00'),
 (168,'aless',1,2,2019,'00:00:00'),
 (169,'aless',4,2,2019,'00:00:00'),
 (170,'aless',5,2,2019,'00:00:00'),
 (171,'aless',6,2,2019,'00:00:00'),
 (172,'aless',7,2,2019,'00:00:00'),
 (173,'aless',8,2,2019,'00:00:00'),
 (174,'aless',11,2,2019,'00:00:00'),
 (175,'aless',12,2,2019,'00:00:00'),
 (176,'aless',13,2,2019,'00:00:00'),
 (177,'aless',14,2,2019,'00:00:00'),
 (178,'aless',15,2,2019,'00:00:00'),
 (179,'aless',18,2,2019,'00:00:00'),
 (180,'aless',19,2,2019,'00:00:00'),
 (181,'aless',20,2,2019,'00:00:00'),
 (182,'aless',21,2,2019,'00:00:00'),
 (183,'aless',22,2,2019,'00:00:00'),
 (184,'aless',25,2,2019,'00:00:00'),
 (185,'aless',26,2,2019,'00:00:00'),
 (186,'aless',27,2,2019,'00:00:00'),
 (187,'aless',28,2,2019,'00:00:00'),
 (188,'aless',1,3,2019,'00:00:00'),
 (189,'aless',4,3,2019,'00:00:00'),
 (190,'aless',5,3,2019,'00:00:00'),
 (191,'aless',6,3,2019,'00:00:00'),
 (192,'aless',7,3,2019,'00:00:00'),
 (193,'aless',8,3,2019,'00:00:00'),
 (194,'aless',11,3,2019,'00:00:00'),
 (195,'aless',12,3,2019,'00:00:00'),
 (196,'aless',13,3,2019,'00:00:00'),
 (197,'aless',14,3,2019,'00:00:00'),
 (198,'aless',15,3,2019,'00:00:00'),
 (199,'aless',18,3,2019,'00:00:00'),
 (200,'aless',19,3,2019,'00:00:00'),
 (201,'aless',20,3,2019,'00:00:00'),
 (202,'aless',21,3,2019,'00:00:00'),
 (203,'aless',22,3,2019,'00:00:00'),
 (204,'aless',25,3,2019,'00:00:00'),
 (205,'aless',26,3,2019,'00:00:00'),
 (206,'aless',27,3,2019,'00:00:00'),
 (207,'aless',28,3,2019,'00:00:00'),
 (208,'aless',29,3,2019,'00:00:00'),
 (209,'aless',1,4,2019,'00:00:00'),
 (210,'aless',2,4,2019,'00:00:00'),
 (211,'aless',3,4,2019,'00:00:00'),
 (212,'aless',4,4,2019,'00:00:00'),
 (213,'aless',5,4,2019,'00:00:00'),
 (214,'aless',8,4,2019,'00:00:00'),
 (215,'aless',9,4,2019,'00:00:00'),
 (216,'aless',10,4,2019,'00:00:00'),
 (217,'aless',11,4,2019,'00:00:00'),
 (218,'aless',12,4,2019,'00:00:00'),
 (219,'aless',15,4,2019,'00:00:00'),
 (220,'aless',16,4,2019,'00:00:00'),
 (221,'aless',17,4,2019,'00:00:00'),
 (222,'aless',18,4,2019,'00:00:00'),
 (223,'aless',19,4,2019,'00:00:00'),
 (224,'aless',22,4,2019,'00:00:00'),
 (225,'aless',23,4,2019,'00:00:00'),
 (226,'aless',24,4,2019,'00:00:00'),
 (227,'aless',25,4,2019,'00:00:00'),
 (228,'aless',26,4,2019,'00:00:00'),
 (229,'aless',29,4,2019,'00:00:00'),
 (230,'aless',30,4,2019,'00:00:00'),
 (231,'aless',2,5,2019,'00:00:00'),
 (232,'aless',3,5,2019,'00:00:00'),
 (233,'aless',6,5,2019,'00:00:00'),
 (234,'aless',7,5,2019,'00:00:00'),
 (235,'aless',8,5,2019,'00:00:00'),
 (236,'aless',9,5,2019,'00:00:00'),
 (237,'aless',10,5,2019,'00:00:00'),
 (238,'aless',13,5,2019,'00:00:00'),
 (239,'aless',14,5,2019,'00:00:00'),
 (240,'aless',15,5,2019,'00:00:00'),
 (241,'aless',16,5,2019,'00:00:00'),
 (242,'aless',17,5,2019,'00:00:00'),
 (243,'aless',20,5,2019,'00:00:00'),
 (244,'aless',21,5,2019,'00:00:00'),
 (245,'aless',22,5,2019,'00:00:00'),
 (246,'aless',23,5,2019,'00:00:00'),
 (247,'aless',24,5,2019,'00:00:00'),
 (248,'aless',27,5,2019,'00:00:00'),
 (249,'aless',28,5,2019,'00:00:00'),
 (250,'aless',29,5,2019,'00:00:00'),
 (251,'aless',30,5,2019,'00:00:00'),
 (252,'aless',31,5,2019,'00:00:00'),
 (253,'aless',3,6,2019,'00:00:00'),
 (254,'aless',4,6,2019,'00:00:00'),
 (255,'aless',5,6,2019,'00:00:00'),
 (256,'aless',6,6,2019,'00:00:00'),
 (257,'aless',7,6,2019,'00:00:00'),
 (258,'aless',10,6,2019,'00:00:00'),
 (259,'aless',11,6,2019,'00:00:00'),
 (260,'aless',12,6,2019,'00:00:00'),
 (261,'aless',13,6,2019,'00:00:00'),
 (262,'aless',14,6,2019,'00:00:00'),
 (263,'aless',17,6,2019,'00:00:00'),
 (264,'aless',18,6,2019,'00:00:00'),
 (265,'aless',19,6,2019,'00:00:00'),
 (266,'aless',20,6,2019,'00:00:00'),
 (267,'aless',21,6,2019,'00:00:00'),
 (268,'aless',24,6,2019,'00:00:00'),
 (269,'aless',25,6,2019,'00:00:00'),
 (270,'aless',26,6,2019,'00:00:00'),
 (271,'aless',27,6,2019,'00:00:00'),
 (272,'aless',28,6,2019,'00:00:00'),
 (273,'aless',1,7,2019,'00:00:00'),
 (274,'aless',2,7,2019,'00:00:00'),
 (275,'aless',3,7,2019,'00:00:00'),
 (276,'aless',4,7,2019,'00:00:00'),
 (277,'aless',5,7,2019,'00:00:00'),
 (278,'aless',8,7,2019,'00:00:00'),
 (279,'aless',9,7,2019,'00:00:00'),
 (280,'aless',10,7,2019,'00:00:00'),
 (281,'aless',11,7,2019,'00:00:00'),
 (282,'aless',12,7,2019,'00:00:00'),
 (283,'aless',15,7,2019,'00:00:00'),
 (284,'aless',16,7,2019,'00:00:00'),
 (285,'aless',17,7,2019,'00:00:00'),
 (286,'aless',18,7,2019,'00:00:00'),
 (287,'aless',19,7,2019,'00:00:00'),
 (288,'aless',22,7,2019,'00:00:00'),
 (289,'aless',23,7,2019,'00:00:00'),
 (290,'aless',24,7,2019,'00:00:00'),
 (291,'aless',25,7,2019,'00:00:00'),
 (292,'aless',26,7,2019,'00:00:00'),
 (293,'aless',29,7,2019,'00:00:00'),
 (294,'aless',30,7,2019,'00:00:00'),
 (295,'aless',31,7,2019,'00:00:00'),
 (296,'aless',1,8,2019,'00:00:00'),
 (297,'aless',2,8,2019,'00:00:00'),
 (298,'aless',5,8,2019,'00:00:00'),
 (299,'aless',6,8,2019,'00:00:00'),
 (300,'aless',7,8,2019,'00:00:00'),
 (301,'aless',8,8,2019,'00:00:00'),
 (302,'aless',9,8,2019,'00:00:00'),
 (303,'aless',12,8,2019,'00:00:00'),
 (304,'aless',13,8,2019,'00:00:00'),
 (305,'aless',14,8,2019,'00:00:00'),
 (306,'aless',15,8,2019,'00:00:00'),
 (307,'aless',16,8,2019,'00:00:00'),
 (308,'aless',19,8,2019,'00:00:00'),
 (309,'aless',20,8,2019,'00:00:00'),
 (310,'aless',21,8,2019,'00:00:00'),
 (311,'aless',22,8,2019,'00:00:00'),
 (312,'aless',23,8,2019,'00:00:00'),
 (313,'aless',26,8,2019,'00:00:00'),
 (314,'aless',27,8,2019,'00:00:00'),
 (315,'aless',28,8,2019,'00:00:00'),
 (316,'aless',29,8,2019,'00:00:00'),
 (317,'aless',30,8,2019,'00:00:00'),
 (318,'aless',2,9,2019,'00:00:00'),
 (319,'aless',3,9,2019,'00:00:00'),
 (320,'aless',4,9,2019,'00:00:00'),
 (321,'aless',5,9,2019,'00:00:00'),
 (322,'aless',6,9,2019,'00:00:00'),
 (323,'aless',9,9,2019,'00:00:00'),
 (324,'aless',10,9,2019,'00:00:00'),
 (325,'aless',11,9,2019,'00:00:00'),
 (326,'aless',12,9,2019,'00:00:00'),
 (327,'aless',13,9,2019,'00:00:00'),
 (328,'aless',16,9,2019,'00:00:00'),
 (329,'aless',17,9,2019,'00:00:00'),
 (330,'aless',18,9,2019,'00:00:00'),
 (331,'aless',19,9,2019,'00:00:00'),
 (332,'aless',23,9,2019,'00:00:00'),
 (333,'aless',24,9,2019,'00:00:00'),
 (334,'aless',25,9,2019,'00:00:00'),
 (335,'aless',26,9,2019,'00:00:00'),
 (336,'aless',27,9,2019,'00:00:00'),
 (337,'aless',30,9,2019,'00:00:00'),
 (338,'aless',1,10,2019,'00:00:00'),
 (339,'aless',2,10,2019,'00:00:00'),
 (340,'aless',3,10,2019,'00:00:00'),
 (341,'aless',4,10,2019,'00:00:00'),
 (342,'aless',7,10,2019,'00:00:00'),
 (343,'aless',8,10,2019,'00:00:00'),
 (344,'aless',9,10,2019,'00:00:00'),
 (345,'aless',10,10,2019,'00:00:00'),
 (346,'aless',11,10,2019,'00:00:00'),
 (347,'aless',14,10,2019,'00:00:00'),
 (348,'aless',15,10,2019,'00:00:00'),
 (349,'aless',16,10,2019,'00:00:00'),
 (350,'aless',17,10,2019,'00:00:00'),
 (351,'aless',18,10,2019,'00:00:00'),
 (352,'aless',21,10,2019,'00:00:00'),
 (353,'aless',22,10,2019,'00:00:00'),
 (354,'aless',23,10,2019,'00:00:00'),
 (355,'aless',24,10,2019,'00:00:00'),
 (356,'aless',25,10,2019,'00:00:00'),
 (357,'aless',28,10,2019,'00:00:00'),
 (358,'aless',29,10,2019,'00:00:00'),
 (359,'aless',30,10,2019,'00:00:00'),
 (360,'aless',31,10,2019,'00:00:00'),
 (361,'aless',1,11,2019,'00:00:00'),
 (362,'aless',4,11,2019,'00:00:00'),
 (363,'aless',5,11,2019,'00:00:00'),
 (364,'aless',6,11,2019,'00:00:00'),
 (365,'aless',7,11,2019,'00:00:00'),
 (366,'aless',8,11,2019,'00:00:00'),
 (367,'aless',11,11,2019,'00:00:00'),
 (368,'aless',12,11,2019,'00:00:00'),
 (369,'aless',13,11,2019,'00:00:00'),
 (370,'aless',14,11,2019,'00:00:00'),
 (371,'aless',18,11,2019,'00:00:00'),
 (372,'aless',19,11,2019,'00:00:00'),
 (373,'aless',20,11,2019,'00:00:00'),
 (374,'aless',21,11,2019,'00:00:00'),
 (375,'aless',22,11,2019,'00:00:00'),
 (376,'aless',25,11,2019,'00:00:00'),
 (377,'aless',26,11,2019,'00:00:00'),
 (378,'aless',27,11,2019,'00:00:00'),
 (379,'aless',28,11,2019,'00:00:00'),
 (380,'aless',29,11,2019,'00:00:00'),
 (381,'aless',2,12,2019,'00:00:00'),
 (382,'aless',3,12,2019,'00:00:00'),
 (383,'aless',4,12,2019,'00:00:00'),
 (384,'aless',5,12,2019,'00:00:00'),
 (385,'aless',6,12,2019,'00:00:00'),
 (386,'aless',9,12,2019,'00:00:00'),
 (387,'aless',10,12,2019,'00:00:00'),
 (388,'aless',11,12,2019,'00:00:00'),
 (389,'aless',12,12,2019,'00:00:00'),
 (390,'aless',13,12,2019,'00:00:00'),
 (391,'aless',16,12,2019,'00:00:00'),
 (392,'aless',17,12,2019,'00:00:00'),
 (393,'aless',18,12,2019,'00:00:00'),
 (394,'aless',19,12,2019,'00:00:00'),
 (395,'aless',20,12,2019,'00:00:00'),
 (396,'aless',23,12,2019,'00:00:00'),
 (397,'aless',24,12,2019,'00:00:00'),
 (398,'aless',26,12,2019,'00:00:00'),
 (399,'aless',27,12,2019,'00:00:00'),
 (400,'aless',30,12,2019,'00:00:00'),
 (401,'aless',31,12,2019,'00:00:00'),
 (402,'aless',2,1,2020,'00:00:00'),
 (403,'aless',3,1,2020,'00:00:00'),
 (404,'aless',6,1,2020,'00:00:00'),
 (405,'aless',7,1,2020,'00:00:00'),
 (406,'aless',8,1,2020,'00:00:00'),
 (407,'aless',9,1,2020,'00:00:00'),
 (408,'aless',10,1,2020,'00:00:00'),
 (409,'aless',13,1,2020,'00:00:00'),
 (410,'aless',14,1,2020,'00:00:00'),
 (411,'aless',15,1,2020,'00:00:00'),
 (412,'aless',16,1,2020,'00:00:00'),
 (413,'aless',17,1,2020,'00:00:00'),
 (414,'aless',20,1,2020,'00:00:00'),
 (415,'aless',21,1,2020,'00:00:00'),
 (416,'aless',22,1,2020,'00:00:00'),
 (417,'aless',23,1,2020,'00:00:00'),
 (418,'aless',24,1,2020,'00:00:00'),
 (419,'aless',27,1,2020,'00:00:00'),
 (420,'aless',28,1,2020,'00:00:00'),
 (421,'aless',29,1,2020,'00:00:00'),
 (422,'aless',30,1,2020,'00:00:00'),
 (423,'aless',31,1,2020,'00:00:00'),
 (424,'aless',3,2,2020,'00:00:00'),
 (425,'aless',4,2,2020,'00:00:00'),
 (426,'aless',5,2,2020,'00:00:00'),
 (427,'aless',6,2,2020,'00:00:00'),
 (428,'aless',7,2,2020,'00:00:00'),
 (429,'aless',10,2,2020,'00:00:00'),
 (430,'aless',11,2,2020,'00:00:00'),
 (431,'aless',12,2,2020,'00:00:00'),
 (432,'aless',13,2,2020,'00:00:00'),
 (433,'aless',14,2,2020,'00:00:00'),
 (434,'aless',17,2,2020,'00:00:00'),
 (435,'aless',18,2,2020,'00:00:00'),
 (436,'aless',19,2,2020,'00:00:00'),
 (437,'aless',20,2,2020,'00:00:00'),
 (438,'aless',21,2,2020,'00:00:00'),
 (439,'aless',24,2,2020,'00:00:00'),
 (440,'aless',25,2,2020,'00:00:00'),
 (441,'aless',26,2,2020,'00:00:00'),
 (442,'aless',27,2,2020,'00:00:00'),
 (443,'aless',28,2,2020,'00:00:00'),
 (444,'aless',2,3,2020,'00:00:00'),
 (445,'aless',3,3,2020,'00:00:00'),
 (446,'aless',4,3,2020,'00:00:00'),
 (447,'aless',5,3,2020,'00:00:00'),
 (448,'aless',6,3,2020,'00:00:00'),
 (449,'aless',9,3,2020,'00:00:00'),
 (450,'aless',10,3,2020,'00:00:00'),
 (451,'aless',11,3,2020,'00:00:00'),
 (452,'aless',12,3,2020,'00:00:00'),
 (453,'aless',13,3,2020,'00:00:00'),
 (454,'aless',16,3,2020,'00:00:00'),
 (455,'aless',17,3,2020,'00:00:00'),
 (456,'aless',18,3,2020,'00:00:00'),
 (457,'aless',19,3,2020,'00:00:00'),
 (458,'aless',20,3,2020,'00:00:00'),
 (459,'aless',23,3,2020,'00:00:00'),
 (460,'aless',24,3,2020,'00:00:00'),
 (461,'aless',25,3,2020,'00:00:00'),
 (462,'aless',26,3,2020,'00:00:00'),
 (463,'aless',27,3,2020,'00:00:00'),
 (464,'aless',30,3,2020,'00:00:00'),
 (465,'aless',31,3,2020,'00:00:00'),
 (466,'aless',1,4,2020,'00:00:00'),
 (467,'aless',2,4,2020,'00:00:00'),
 (468,'aless',3,4,2020,'00:00:00'),
 (469,'aless',6,4,2020,'00:00:00'),
 (470,'aless',7,4,2020,'00:00:00'),
 (471,'aless',8,4,2020,'00:00:00'),
 (472,'aless',9,4,2020,'00:00:00'),
 (473,'aless',10,4,2020,'00:00:00'),
 (474,'aless',13,4,2020,'00:00:00'),
 (475,'aless',14,4,2020,'00:00:00'),
 (476,'aless',15,4,2020,'00:00:00'),
 (477,'aless',16,4,2020,'00:00:00'),
 (478,'aless',17,4,2020,'00:00:00'),
 (479,'aless',20,4,2020,'00:00:00'),
 (480,'aless',22,4,2020,'00:00:00'),
 (481,'aless',23,4,2020,'00:00:00'),
 (482,'aless',24,4,2020,'00:00:00'),
 (483,'aless',27,4,2020,'00:00:00'),
 (484,'aless',28,4,2020,'00:00:00'),
 (485,'aless',29,4,2020,'00:00:00'),
 (486,'aless',30,4,2020,'00:00:00'),
 (487,'aless',4,5,2020,'00:00:00'),
 (488,'aless',5,5,2020,'00:00:00'),
 (489,'aless',6,5,2020,'00:00:00'),
 (490,'aless',7,5,2020,'00:00:00'),
 (491,'aless',8,5,2020,'00:00:00'),
 (492,'aless',11,5,2020,'00:00:00'),
 (493,'aless',12,5,2020,'00:00:00'),
 (494,'aless',13,5,2020,'00:00:00'),
 (495,'aless',14,5,2020,'00:00:00'),
 (496,'aless',15,5,2020,'00:00:00'),
 (497,'aless',18,5,2020,'00:00:00'),
 (498,'aless',19,5,2020,'00:00:00'),
 (499,'aless',20,5,2020,'00:00:00'),
 (500,'aless',21,5,2020,'00:00:00'),
 (501,'aless',22,5,2020,'00:00:00'),
 (502,'aless',25,5,2020,'00:00:00'),
 (503,'aless',26,5,2020,'00:00:00'),
 (504,'aless',27,5,2020,'00:00:00'),
 (505,'aless',28,5,2020,'00:00:00'),
 (506,'aless',29,5,2020,'00:00:00'),
 (507,'aless',1,6,2020,'00:00:00'),
 (508,'aless',2,6,2020,'00:00:00'),
 (509,'aless',3,6,2020,'00:00:00'),
 (510,'aless',4,6,2020,'00:00:00'),
 (511,'aless',5,6,2020,'00:00:00'),
 (512,'aless',8,6,2020,'00:00:00'),
 (513,'aless',9,6,2020,'00:00:00'),
 (514,'aless',10,6,2020,'00:00:00'),
 (515,'aless',11,6,2020,'00:00:00'),
 (516,'aless',12,6,2020,'00:00:00'),
 (517,'aless',15,6,2020,'00:00:00'),
 (518,'aless',16,6,2020,'00:00:00'),
 (519,'aless',17,6,2020,'00:00:00'),
 (520,'aless',18,6,2020,'00:00:00'),
 (521,'aless',19,6,2020,'00:00:00'),
 (522,'aless',22,6,2020,'00:00:00'),
 (523,'aless',23,6,2020,'00:00:00'),
 (524,'aless',24,6,2020,'00:00:00'),
 (525,'aless',25,6,2020,'00:00:00'),
 (526,'aless',26,6,2020,'00:00:00'),
 (527,'aless',29,6,2020,'00:00:00'),
 (528,'aless',30,6,2020,'00:00:00'),
 (529,'aless',1,7,2020,'00:00:00'),
 (530,'aless',2,7,2020,'00:00:00'),
 (531,'aless',3,7,2020,'00:00:00'),
 (532,'aless',6,7,2020,'00:00:00'),
 (533,'aless',7,7,2020,'00:00:00'),
 (534,'aless',8,7,2020,'00:00:00'),
 (535,'aless',9,7,2020,'00:00:00'),
 (536,'aless',10,7,2020,'00:00:00'),
 (537,'aless',13,7,2020,'00:00:00'),
 (538,'aless',14,7,2020,'00:00:00'),
 (539,'aless',15,7,2020,'00:00:00'),
 (540,'aless',16,7,2020,'00:00:00'),
 (541,'aless',17,7,2020,'00:00:00'),
 (542,'aless',20,7,2020,'00:00:00'),
 (543,'aless',21,7,2020,'00:00:00'),
 (544,'aless',22,7,2020,'00:00:00'),
 (545,'aless',23,7,2020,'00:00:00'),
 (546,'aless',24,7,2020,'00:00:00'),
 (547,'aless',27,7,2020,'00:00:00'),
 (548,'aless',28,7,2020,'00:00:00'),
 (549,'aless',29,7,2020,'00:00:00'),
 (550,'aless',30,7,2020,'00:00:00'),
 (551,'aless',31,7,2020,'00:00:00'),
 (552,'aless',3,8,2020,'00:00:00'),
 (553,'aless',4,8,2020,'00:00:00'),
 (554,'aless',5,8,2020,'00:00:00'),
 (555,'aless',6,8,2020,'00:00:00'),
 (556,'aless',7,8,2020,'00:00:00'),
 (557,'aless',10,8,2020,'00:00:00'),
 (558,'aless',11,8,2020,'00:00:00'),
 (559,'aless',12,8,2020,'00:00:00'),
 (560,'aless',13,8,2020,'00:00:00'),
 (561,'aless',14,8,2020,'00:00:00'),
 (562,'aless',17,8,2020,'00:00:00'),
 (563,'aless',18,8,2020,'00:00:00'),
 (564,'aless',19,8,2020,'00:00:00'),
 (565,'aless',20,8,2020,'00:00:00'),
 (566,'aless',21,8,2020,'00:00:00'),
 (567,'aless',24,8,2020,'00:00:00'),
 (568,'aless',25,8,2020,'00:00:00'),
 (569,'aless',26,8,2020,'00:00:00'),
 (570,'aless',27,8,2020,'00:00:00'),
 (571,'aless',28,8,2020,'00:00:00'),
 (572,'aless',31,8,2020,'00:00:00'),
 (573,'aless',1,9,2020,'00:00:00'),
 (574,'aless',2,9,2020,'00:00:00'),
 (575,'aless',3,9,2020,'00:00:00'),
 (576,'aless',4,9,2020,'00:00:00'),
 (577,'aless',8,9,2020,'00:00:00'),
 (578,'aless',9,9,2020,'00:00:00'),
 (579,'aless',10,9,2020,'00:00:00'),
 (580,'aless',11,9,2020,'00:00:00'),
 (581,'aless',14,9,2020,'00:00:00'),
 (582,'aless',15,9,2020,'00:00:00'),
 (583,'aless',16,9,2020,'00:00:00'),
 (584,'aless',17,9,2020,'00:00:00'),
 (585,'aless',18,9,2020,'00:00:00'),
 (586,'aless',21,9,2020,'00:00:00'),
 (587,'aless',22,9,2020,'00:00:00'),
 (588,'aless',23,9,2020,'00:00:00'),
 (589,'aless',24,9,2020,'00:00:00'),
 (590,'aless',25,9,2020,'00:00:00'),
 (591,'aless',28,9,2020,'00:00:00'),
 (592,'aless',29,9,2020,'00:00:00'),
 (593,'aless',30,9,2020,'00:00:00'),
 (594,'aless',1,10,2020,'00:00:00'),
 (595,'aless',2,10,2020,'00:00:00'),
 (596,'aless',5,10,2020,'00:00:00'),
 (597,'aless',6,10,2020,'00:00:00'),
 (598,'aless',7,10,2020,'00:00:00'),
 (599,'aless',8,10,2020,'00:00:00'),
 (600,'aless',9,10,2020,'00:00:00'),
 (601,'aless',13,10,2020,'00:00:00'),
 (602,'aless',14,10,2020,'00:00:00'),
 (603,'aless',15,10,2020,'00:00:00'),
 (604,'aless',16,10,2020,'00:00:00'),
 (605,'aless',19,10,2020,'00:00:00'),
 (606,'aless',20,10,2020,'00:00:00'),
 (607,'aless',21,10,2020,'00:00:00'),
 (608,'aless',22,10,2020,'00:00:00'),
 (609,'aless',23,10,2020,'00:00:00'),
 (610,'aless',26,10,2020,'00:00:00'),
 (611,'aless',27,10,2020,'00:00:00'),
 (612,'aless',28,10,2020,'00:00:00'),
 (613,'aless',29,10,2020,'00:00:00'),
 (614,'aless',30,10,2020,'00:00:00'),
 (615,'aless',3,11,2020,'00:00:00'),
 (616,'aless',4,11,2020,'00:00:00'),
 (617,'aless',5,11,2020,'00:00:00'),
 (618,'aless',6,11,2020,'00:00:00');
/*!40000 ALTER TABLE `pt_total_dia` ENABLE KEYS */;


--
-- Definition of table `pt_total_dia_empresa`
--

DROP TABLE IF EXISTS `pt_total_dia_empresa`;
CREATE TABLE `pt_total_dia_empresa` (
  `COD_TOTAL_DIA_EMPRESA` int(10) NOT NULL AUTO_INCREMENT,
  `COD_EMPRESA` varchar(50) DEFAULT NULL,
  `ID_USUARIO` varchar(10) DEFAULT NULL,
  `DATA_DIA` int(10) DEFAULT NULL,
  `DATA_MES` int(10) DEFAULT NULL,
  `DATA_ANO` int(10) DEFAULT NULL,
  `TOTAL` varchar(50) DEFAULT NULL,
  PRIMARY KEY (`COD_TOTAL_DIA_EMPRESA`),
  KEY `DATA_ANO` (`DATA_ANO`),
  KEY `DATA_DIA` (`DATA_DIA`),
  KEY `DATA_MES` (`DATA_MES`),
  KEY `ID_USUARIO` (`ID_USUARIO`)
) ENGINE=InnoDB AUTO_INCREMENT=2 DEFAULT CHARSET=utf8;

--
-- Dumping data for table `pt_total_dia_empresa`
--

/*!40000 ALTER TABLE `pt_total_dia_empresa` DISABLE KEYS */;
INSERT INTO `pt_total_dia_empresa` (`COD_TOTAL_DIA_EMPRESA`,`COD_EMPRESA`,`ID_USUARIO`,`DATA_DIA`,`DATA_MES`,`DATA_ANO`,`TOTAL`) VALUES 
 (1,'GAU','aless',4,6,2018,'08:50:00');
/*!40000 ALTER TABLE `pt_total_dia_empresa` ENABLE KEYS */;


--
-- Definition of table `recado`
--

DROP TABLE IF EXISTS `recado`;
CREATE TABLE `recado` (
  `COD_RECADO` int(10) NOT NULL AUTO_INCREMENT,
  `ID_USUARIO_TO` varchar(50) DEFAULT NULL,
  `TEXTO` longtext,
  `SYS_DTT_INS` datetime DEFAULT NULL,
  `SYS_ID_USUARIO_INS` varchar(50) DEFAULT NULL,
  `SYS_DTT_VIEW` datetime DEFAULT NULL,
  PRIMARY KEY (`COD_RECADO`),
  KEY `ID_USUARIO` (`ID_USUARIO_TO`),
  KEY `SYS_ID_USUARIO_INS` (`SYS_ID_USUARIO_INS`)
) ENGINE=InnoDB DEFAULT CHARSET=utf8;

--
-- Dumping data for table `recado`
--

/*!40000 ALTER TABLE `recado` DISABLE KEYS */;
/*!40000 ALTER TABLE `recado` ENABLE KEYS */;


--
-- Definition of table `sv_categoria`
--

DROP TABLE IF EXISTS `sv_categoria`;
CREATE TABLE `sv_categoria` (
  `COD_CATEGORIA` int(10) NOT NULL AUTO_INCREMENT,
  `NOME` varchar(50) DEFAULT NULL,
  `DESCRICAO` varchar(255) DEFAULT NULL,
  `DT_INATIVO` datetime DEFAULT NULL,
  PRIMARY KEY (`COD_CATEGORIA`),
  KEY `DT_INATIVO` (`DT_INATIVO`),
  KEY `NOME` (`NOME`)
) ENGINE=InnoDB AUTO_INCREMENT=15 DEFAULT CHARSET=utf8;

--
-- Dumping data for table `sv_categoria`
--

/*!40000 ALTER TABLE `sv_categoria` DISABLE KEYS */;
INSERT INTO `sv_categoria` (`COD_CATEGORIA`,`NOME`,`DESCRICAO`,`DT_INATIVO`) VALUES 
 (3,'Produtos',NULL,NULL),
 (5,'Sistemas Desktop',NULL,NULL),
 (8,'Específicos',NULL,NULL),
 (9,'Web Systems',NULL,NULL),
 (10,'Outros',NULL,NULL),
 (13,'Desenvolvimento',NULL,NULL),
 (14,'Web',NULL,NULL);
/*!40000 ALTER TABLE `sv_categoria` ENABLE KEYS */;


--
-- Definition of table `sv_servico`
--

DROP TABLE IF EXISTS `sv_servico`;
CREATE TABLE `sv_servico` (
  `COD_SERVICO` int(10) NOT NULL AUTO_INCREMENT,
  `COD_CATEGORIA` int(10) DEFAULT NULL,
  `TITULO` varchar(255) DEFAULT NULL,
  `DESCRICAO` varchar(255) DEFAULT NULL,
  `OBS` longtext,
  `VALOR` double(15,5) DEFAULT NULL,
  `DT_INATIVO` datetime DEFAULT NULL,
  `ALIQ_ISSQN` double(15,3) DEFAULT NULL,
  PRIMARY KEY (`COD_SERVICO`)
) ENGINE=InnoDB AUTO_INCREMENT=134 DEFAULT CHARSET=utf8;

--
-- Dumping data for table `sv_servico`
--

/*!40000 ALTER TABLE `sv_servico` DISABLE KEYS */;
INSERT INTO `sv_servico` (`COD_SERVICO`,`COD_CATEGORIA`,`TITULO`,`DESCRICAO`,`OBS`,`VALOR`,`DT_INATIVO`,`ALIQ_ISSQN`) VALUES 
 (14,11,'Busca / Entrega de Equipamento','Busca / Entrega de Equipamento',NULL,50.00000,'2010-03-08 00:00:00',NULL),
 (15,11,'Consultoria em HW/SW (hora)','Consultoria em Hardware e Software',NULL,120.00000,'2010-03-08 00:00:00',NULL),
 (20,11,'Curso / Treinamento','Curso / Treinamento',NULL,100.00000,'2010-03-08 00:00:00',NULL),
 (22,12,'Terc. CPD-3CPD011205R99-01-12m','Contrato de Tercerização de CPD (hora)',NULL,0.00000,'2010-03-08 00:00:00',NULL),
 (30,14,'Prestação de Serviços','Prestação de Serviços','Serviços diversos em programação Web.',0.00000,'2010-03-08 00:00:00',NULL),
 (31,8,'Plano Promo AFCEEE - Manutenção e Administração de Site','Plano Promo AFCEEE - Manutenção e Administração de Site','Plano que prevê a disponibilidade de 5 horas mensais para programação e/ou atualização de conteúdo.',370.00000,'2010-03-08 00:00:00',NULL),
 (32,14,'Manutenção de Conteúdo Site Plano 65 (Promo)','Manutenção de Conteúdo Site Plano 65 (Promo)','Prevê disponibilidade de 2hs mensais para cadastramento de conteúdo no site.',65.00000,'2010-03-08 00:00:00',NULL),
 (33,14,'Manutenção de Conteúdo Site Plano 70 (Promo)','Manutenção de Conteúdo Site Plano 70 (Promo)','Prevê disponibilidade de 2hs mensais para cadastramento de conteúdo no site.',70.00000,'2010-03-08 00:00:00',NULL),
 (34,14,'Manutenção de Conteúdo Site Plano 100','Manutenção de Conteúdo Site Plano 100','Prevê disponibilidade de 3hs mensais para cadastramento de conteúdo no site.',100.00000,'2010-03-08 00:00:00',NULL),
 (35,14,'Manutenção de Conteúdo Site Plano 120','Manutenção de Conteúdo Site Plano 120','Prevê disponibilidade de 3hs mensais para cadastramento de conteúdo no site.',120.00000,'2010-03-08 00:00:00',NULL),
 (36,14,'Manutenção de Conteúdo Site Plano 140','Manutenção de Conteúdo Site Plano 140','Prevê disponibilidade de 4hs mensais para cadastramento de conteúdo no site.',140.00000,'2010-03-08 00:00:00',NULL),
 (37,14,'Hospedagem de Site Plano 30 (100MB)','Hospedagem de Site Plano 30 (100MB)','Transferência mensal de 3GB. O espaço de cada conta de e-mail está limitado ao espaço disponível do plano escolhido. Para cada MB excedido diariamente é cobrado o valor de R$ 0,10.',30.00000,'2010-03-08 00:00:00',NULL),
 (38,14,'Hospedagem de Site Plano 35 (150MB)','Hospedagem de Site Plano 35 (150MB)','Transferência mensal de 5GB. O espaço de cada conta de e-mail está limitado ao espaço disponível do plano escolhido. Para cada MB excedido diariamente é cobrado o valor de R$ 0,10.',35.00000,'2010-03-08 00:00:00',NULL),
 (39,14,'Hospedagem de Site Plano 40 (200MB)','Hospedagem de Site Plano 40 (200MB)','Transferência mensal de 7GB. O espaço de cada conta de e-mail está limitado ao espaço disponível do plano escolhido. Para cada MB excedido diariamente é cobrado o valor de R$ 0,10.',40.00000,'2010-03-08 00:00:00',NULL),
 (40,14,'Hospedagem de Site Plano 55 (300MB)','Hospedagem de Site Plano 55 (300MB)','Transferência mensal de 10GB. O espaço de cada conta de e-mail está limitado ao espaço disponível do plano escolhido. Para cada MB excedido diariamente é cobrado o valor de R$ 0,10.',55.00000,'2010-03-08 00:00:00',NULL),
 (41,14,'Hospedagem de Site Plano 20 (Promo)','Hospedagem de Site Plano 20 (Promo)','O espaço de cada conta de e-mail está limitado ao espaço disponível do plano escolhido. Para cada MB excedido diariamente é cobrado o valor de R$ 0,10. Taxas de transferência mensal, verificar no contrato (JJChaves - 2GB).\r\n',20.00000,'2010-03-08 00:00:00',NULL),
 (42,14,'Hospedagem de Site Plano 25 (Promo)','Hospedagem de Site Plano 25 (Promo)','O espaço de cada conta de e-mail está limitado ao espaço disponível do plano escolhido. Para cada MB excedido diariamente é cobrado o valor de R$ 0,10. Taxas de transferência mensal, verificar no contrato do cliente.\r\n',25.00000,'2010-03-08 00:00:00',NULL),
 (43,14,'Hospedagem de Site Plano 30 (Promo)','Hospedagem de Site Plano 30 (Promo)','O espaço de cada conta de e-mail está limitado ao espaço disponível do plano escolhido. Para cada MB excedido diariamente é cobrado o valor de R$ 0,10. Taxas de transferência mensal, verificar no contrato do cliente.\r\n',30.00000,'2010-03-08 00:00:00',NULL),
 (44,14,'Hospedagem de Site Plano 40 (Promo)','Hospedagem de Site Plano 40 (Promo)','O espaço de cada conta de e-mail está limitado ao espaço disponível do plano escolhido. Para cada MB excedido diariamente é cobrado o valor de R$ 0,10. Taxas de transferência mensal, verificar no contrato do cliente.\r\n',40.00000,'2010-03-08 00:00:00',NULL),
 (45,14,'Hospedagem de Site Plano 45 (Promo)','Hospedagem de Site Plano 45 (Promo)','O espaço de cada conta de e-mail está limitado ao espaço disponível do plano escolhido. Para cada MB excedido diariamente é cobrado o valor de R$ 0,10. Taxas de transferência mensal, verificar no contrato do cliente.\r\n',45.00000,'2010-03-08 00:00:00',NULL),
 (46,14,'Hospedagem de Site (Limite Excedido - MB por dia)','Hospedagem de Site (Limite Excedido - MB por dia)',NULL,0.10000,'2010-03-08 00:00:00',NULL),
 (48,9,'athCSM Licenciamento Plano 40 (Promo)','athCSM Licenciamento Plano 40 (Promo)','Valor referente ao licenciamento em conjunto com hospedagem e/ou preço especial para cliente.',40.00000,'2010-03-08 00:00:00',NULL),
 (49,9,'athCSM Licenciamento Plano 45 (Promo)','athCSM Licenciamento Plano 45 (Promo)','Valor referente ao licenciamento em conjunto com hospedagem e/ou preço especial para cliente.',45.00000,'2010-03-08 00:00:00',NULL),
 (50,9,'athCSM Licenciamento Plano 50','athCSM Licenciamento Plano 50','Referente ao licenciamento do athCSM antigo. Para a nova versão do athCSM - valores NOVOS.',50.00000,'2010-03-08 00:00:00',NULL),
 (51,9,'athCSM Licenciamento Plano 50 (Promo)','athCSM Licenciamento Plano 50 (Promo)','Valor referente ao licenciamento em conjunto com hospedagem e/ou preço especial para cliente.',50.00000,'2010-03-08 00:00:00',NULL),
 (52,9,'athCSM Licenciamento Plano 60 (Promo)','athCSM Licenciamento Plano 60 (Promo)','Valor referente ao licenciamento em conjunto com hospedagem e/ou preço especial para cliente.',60.00000,'2010-03-08 00:00:00',NULL),
 (53,9,'athCSM Licenciamento Plano 65 (Promo)','athCSM Licenciamento Plano 65 (Promo)','Valor referente ao licenciamento em conjunto com hospedagem e/ou preço especial para cliente.',65.00000,'2010-03-08 00:00:00',NULL),
 (54,9,'athCSM Licenciamento Plano 70','athCSM Licenciamento Plano 70','Referente ao licenciamento do athCSM antigo. Para a nova versão do athCSM - valores NOVOS.',70.00000,'2010-03-08 00:00:00',NULL),
 (55,9,'athCSM Licenciamento Plano 70 (Promo)','athCSM Licenciamento Plano 70 (Promo)','Valor referente ao licenciamento em conjunto com hospedagem e/ou preço especial para cliente.',70.00000,'2010-03-08 00:00:00',NULL),
 (57,9,'athCSM Licenciamento Plano 75','athCSM Licenciamento Plano 75','Referente ao licenciamento do athCSM antigo. Para a nova versão do athCSM - valores NOVOS.',75.00000,'2010-03-08 00:00:00',NULL),
 (58,9,'athCSM Licenciamento Plano 80 (Promo)','athCSM Licenciamento Plano 80 (Promo)','Valor referente ao licenciamento em conjunto com hospedagem e/ou preço especial para cliente.',80.00000,'2010-03-08 00:00:00',NULL),
 (59,9,'athCSM Licenciamento Plano 150','athCSM Licenciamento Plano 150','Preço específico para o Cantinho da Lione (Shopping da Criançada).',150.00000,'2010-03-08 00:00:00',NULL),
 (60,9,'orcaNET Licenciamento Plano 150 Servidor Semi-Dedicado','orcaNET Licenciamento Plano 150 Servidor Semi-Dedicado','Plano Específico para a Balearic.',150.00000,'2010-03-08 00:00:00',NULL),
 (61,9,'athCSM.eC Licenciamento Plano 65 (Promo)','athCSM.eC Licenciamento Plano 65 (Promo)','Plano Específico para o Meu Vinho (Jordan).',65.00000,'2010-03-08 00:00:00',NULL),
 (62,9,'athCSM.eC Licenciamento Plano 80 (Promo)','athCSM.eC Licenciamento Plano 80 (Promo)','Plano específico para Winestore (Barbara).',80.00000,'2010-03-08 00:00:00',NULL),
 (63,9,'athCSM.eC Licenciamento Plano 70 (Promo)','athCSM.eC Licenciamento Plano 70 (Promo)','Plano específico para a Editora Cinco Continentes.',70.00000,'2010-03-08 00:00:00',NULL),
 (64,8,'Plano Promo IdeiaCADS - Hosp. Site/Licto athCSM e CADM','Plano Promo IdeiaCADS - Hosp. Site/Licto athCSM e CADM',NULL,90.00000,'2010-03-08 00:00:00',NULL),
 (65,8,'Plano Promo SKO - Administração de Site','Plano Promo SKO - Administração de Site','Plano Específico para SKO.',20.00000,'2010-03-08 00:00:00',NULL),
 (67,8,'Plano Promo Bolsa de Arte - Administração de Site','Plano Promo Bolsa de Arte - Administração de Site','Plano Específico para Bolsa de Arte.',20.00000,'2010-03-08 00:00:00',NULL),
 (68,8,'Plano Promo Chur. Barranco - Licencimento athCSM','Plano Promo Chur. Barranco - Licencimento athCSM','Plano Específico para Churrascaria Barrando.',25.00000,'2010-03-08 00:00:00',NULL),
 (69,8,'Plano Promo Patinação CM - Hosp. Site/Licencimento athCSM','Plano Promo Patinação CM - Hosp. Site/Licencimento athCSM','Plano específico para a Corpo e Movimento (Tatiane - esposa Neto).',28.00000,'2010-03-08 00:00:00',NULL),
 (72,5,'Athemis Licenciamento Plano 110','Athemis Licenciamento Plano 110','Plano de licenciamento Athemis por máquina.',110.00000,'2010-03-08 00:00:00',NULL),
 (73,5,'Athemis Licenciamento Plano 150','Athemis Licenciamento Plano 150','Plano de licenciamento Athemis por máquina.',150.00000,'2010-03-08 00:00:00',NULL),
 (74,5,'Athemis.Sidharta Licenciamento Plano 110','Athemis.Sidharta Licenciamento Plano 110','Plano de licenciamento Sidarta por máquina.',110.00000,'2010-03-08 00:00:00',NULL),
 (75,13,'Desenvolvimento de Site','Desenvolvimento de Site','Valor a ser definido.',0.00000,'2010-03-08 00:00:00',NULL),
 (76,13,'Desenvolvimento de Sistema','Desenvolvimento de Sistema','Valor a ser definido.',0.00000,'2010-03-08 00:00:00',NULL),
 (77,13,'Desenvolvimento','Desenvolvimento','Valor a ser definido. Qualquer tipo de desenvolvimento (animação, vídeo, fotos, etc) casos especiais.',0.00000,'2010-03-08 00:00:00',NULL),
 (78,10,'Contrato de Manutenção de Hardware (disponibilidade 4hs/mês)','Contrato de Manutenção de Hardware (disponibilidade 4hs/mês)',NULL,180.00000,'2010-03-08 00:00:00',NULL),
 (79,10,'Contrato de Manutenção de Software','Contrato de Manutenção de Software','Valor a definir.',0.00000,'2010-03-08 00:00:00',NULL),
 (80,10,'Contrato de Manutenção de Hardware/Software','Contrato de Manutenção de Hardware/Software','Plano específico para Montreal.',1200.00000,'2010-03-08 00:00:00',NULL),
 (81,10,'Tercerização de CPD - 3CPD011205R99-01-12m - Gauchafarma','Tercerização de CPD - 3CPD011205R99-01-12m - Gauchafarma','Valor a definir. Serviço específico para Gauchafama (por enquanto).',0.00000,'2010-03-08 00:00:00',NULL),
 (82,10,'Curso / Treinamento','Curso / Treinamento',NULL,100.00000,'2010-03-08 00:00:00',NULL),
 (83,10,'Assessoria em Programação','Assessoria em Programação','Valor a definir.',0.00000,'2010-03-08 00:00:00',NULL),
 (84,10,'Administração de Banco de Dados (DBA)','Administração de Banco de Dados (DBA)','Valor a definir.',0.00000,'2010-03-08 00:00:00',NULL),
 (85,10,'Consultoria em Software/Hardware (hora)','Consultoria em Software/Hardware (hora)','Valor hora para clientes. Primeira hora valor integral.',80.00000,'2010-03-08 00:00:00',NULL),
 (86,10,'Contrato de Manutenção de HW (Hora Adicional)','Contrato de Manutenção de HW (Hora Adicional)','Valor hora adicional.',60.00000,'2010-03-08 00:00:00',NULL),
 (87,14,'Hospedagem de e-mails Plano Anual','Hospedagem de e-mails Plano Anual','Hospedagem de emails específico CADS.',280.00000,'2010-03-08 00:00:00',NULL),
 (88,14,'Hospedagem de Site (sem uso de emails) Promo','Hospedagem de Site (sem uso de emails) Promo','Plano específico para o Movimento Grêmio Novo.',15.00000,'2010-03-08 00:00:00',NULL),
 (89,8,'Plano Promo Mulher Clínica - Hosp. Site/Licencimento athCSM','Plano Promo Mulher Clínica - Hosp. Site/Licencimento athCSM','Plano específico Mulher Clinica.',50.00000,'2010-03-08 00:00:00',NULL),
 (90,10,'Consultoria em Software/Hardware Promo (hora)','Consultoria em Software/Hardware Promo (hora)',NULL,0.00000,'2010-03-08 00:00:00',NULL),
 (91,14,'Hospedagem de Site (Serv. Internacional)','Hospedagem de Site (Serv. Internacional)','Conta Servidor Internacional Athenas - NetworkSolutions',0.00000,'2010-03-08 00:00:00',NULL),
 (92,9,'athCSM Licenciamento Plano 85 (Promo)','athCSM Licenciamento Plano 85 (Promo)','Valor referente ao licenciamento em conjunto com hospedagem e/ou preço especial para cliente.',85.00000,'2010-03-08 00:00:00',NULL),
 (95,8,'Plano Promo Planeta Mergulho - Hosp. Site/Licencimento athCSM','Plano Promo Planeta Mergulho - Hosp. Site/Licencimento athCSM','Plano específico Planeta Mergulho (Niara) - 150MB.',60.00000,'2010-03-08 00:00:00',NULL),
 (97,8,'Plano Promo Jaschter - Hosp/Licto - Semestral','Plano Promo Jaschter - Hosp/Licto - Semestral','Plano específico para Dr. Fábio.',564.00000,'2010-03-08 00:00:00',NULL),
 (98,8,'Plano Anual Administração/Suporte de Site','Plano Anual Administração/Suporte de Site','Plano específico para Gilson Esteves (conforme acordo).',250.00000,'2010-03-08 00:00:00',NULL),
 (99,8,'Plano Promo Círc. da Luz Hosp/Licto athCSM','Plano Promo Círc. da Luz Hosp/Licto athCSM','Plano especial para o Círculo',55.00000,'2010-03-08 00:00:00',NULL),
 (100,5,'Athemis Licenciamento Plano 100','Athemis Licenciamento Plano 100','Plano Promocional para a Fonini e Amaral (minimo 5 maquinas)',100.00000,'2010-03-08 00:00:00',NULL),
 (101,8,'Plano Promo Cabral - Hosp/Adm Site','Plano Promo Cabral - Hosp/Adm Site','Plano específico para a Cabral Arquitetos',50.00000,'2010-03-08 00:00:00',NULL),
 (102,9,'athCSM Licenciamento Plano 100 (Promo)','athCSM Licenciamento Plano 100 (Promo)','Valor referente ao licenciamento em conjunto com hospedagem e/ou preço especial para cliente.',100.00000,'2010-03-08 00:00:00',NULL),
 (103,9,'athCSM Licenciamento Plano 115','athCSM Licenciamento Plano 115','Valor referente ao licenciamento em conjunto com hospedagem e/ou preço especial para cliente.',115.00000,'2010-03-08 00:00:00',NULL),
 (104,9,'Plano Promo Agência Point - Hosp. Site/Licencimento sistema','Plano Promo Agência Point - Hosp. Site/Licencimento sistema','Plano Específico para Agência Point.',115.00000,'2010-03-08 00:00:00',NULL),
 (105,8,'Plano Promo Redemac - Hosp. Site/Licto athCSM e Redeconn/4hs manut./Serv. Semi-Dedicado','Plano Promo Redemac - Hosp. Site/Licto athCSM e Redeconn/4hs manut./Serv. Semi-Dedicado','Plano Específico para a Redemac. Contempla hospedagem do site, licenciamento athCSM(+ mód. newsletter), licenciamento Redeconn Serv. Semi-Dedicado, recursos de servidor, disponibilidade de 4hs mês para programação e manutenção do Redeconn e Site.',450.00000,'2010-03-08 00:00:00',NULL),
 (106,14,'Hospedagem de e-mails Plano Anual (10 contas adicionais)','Hospedagem de e-mails Plano Anual (10 contas adicionais)','Plano adicional para a CADS',150.00000,'2010-03-08 00:00:00',NULL),
 (107,14,'Plano Promocional B2Brazil (suporte,DBA,tunning,hospedagem)','Plano Promocional B2Brazil (suporte,DBA,tunning,hospedagem)','Plano específico para B2Brazil (Gardiner)',530.00000,'2010-03-08 00:00:00',NULL),
 (109,3,'Plano Semetral E-mail marketing 7500 créditos','Plano Semetral E-mail marketing 7500 créditos','7500 créditos/mês - Plano Semestral',160.00000,'2010-03-08 00:00:00',NULL),
 (110,8,'Plano Promo Pisoclean - Hosp/Licto athCSM - Pisoclean e Concreto','Plano Promo Pisoclean - Hosp/Licto athCSM - Pisoclean e Concreto','Plano específico Pisoclean (Rodrigo). ',105.00000,'2010-03-08 00:00:00',NULL),
 (111,14,'Hospedagem de Site Plano 40 (150MB)','Hospedagem de Site Plano 40 (150MB)','Transferência mensal de 5GB. O espaço de cada conta de e-mail está limitado ao espaço disponível do plano escolhido. Para cada MB excedido diariamente é cobrado o valor de R$ 0,10.',40.00000,'2010-03-08 00:00:00',NULL),
 (112,8,'Plano Promo Irwin (Licto Sistema Web + 5hs manutenção)','Plano Promo Irwin (Licto Sistema Web + 5hs manutenção)','Plano específico para Irwin',320.00000,'2010-03-08 00:00:00',NULL),
 (113,5,'Athemis Licenciamento Plano 125','Athemis Licenciamento Plano 125','Plano de licenciamento Athemis por máquina.',125.00000,'2010-03-08 00:00:00',NULL),
 (114,3,'Plano Semetral E-mail marketing email adicional','Plano Semetral E-mail marketing email adicional',NULL,0.02000,'2010-03-08 00:00:00',NULL),
 (115,9,'athCSM Licenciamento Plano 55 (Promo)','athCSM Licenciamento Plano 55 (Promo)',NULL,55.00000,'2010-03-08 00:00:00',NULL),
 (116,9,'Virtual Boss Licenciamento 320 (Promo)','Virtual Boss Licenciamento 320 (Promo)','Plano atual parceria Girardi',0.00000,'2010-03-08 00:00:00',NULL),
 (117,8,'Plano Promo Masson/Confiança - Lcto athCSM4','Plano Promo Masson/Confiança - Lcto athCSM4',NULL,130.00000,'2010-03-08 00:00:00',NULL),
 (119,9,'athCSM.eC Licenciamento Plano 105 (Promo)','athCSM.eC Licenciamento Plano 105 (Promo)',NULL,105.00000,'2010-03-08 00:00:00',NULL),
 (120,8,'Pacote Androshape (host + private + registro + anuidade)','Pacote Androshape (host + private + registro)','andrshape',0.00000,'2010-03-08 00:00:00',NULL),
 (121,3,'02798 - Licenciamento ou cessão de direito de uso de programas de computador, inlusive distribuição','02798 - Licenciamento ou cessão de direito de uso de programas de computador, inlusive distribuição',NULL,0.00000,NULL,NULL),
 (122,3,'02917 - Suporte técnico em informática, instalação, configuração e mantenção de programas','02917 - Suporte técnico em informática, instalação, configuração e mantenção de programas',NULL,0.00000,NULL,NULL),
 (124,10,'LOCAÇÃO DE EQUIPAMENTO DE INFORMATICA','LOCAÇÃO DE EQUIPAMENTO DE INFORMATICA',NULL,0.00000,NULL,NULL),
 (125,3,'VESTUARIO.07-12-2012','CAMISETA M - 39,90\r\nCALçA JEAN 69,90',NULL,129.80000,NULL,NULL),
 (126,3,'COND.TORRE da GLÓRIA','Serviço de administração do condomínio TORRE da GLÒPRIA','0001 - CONDOMÍNIO (~ 112,54)\r\n0002 - FDO RESERVA (~ 11,26)\r\n0004 - DME (~ 41,19)\r\n0005 - CEEE (~ 7,88)\r\n0014 - TX BANCO (~ 1,40)\r\n0061 - BOX (~ 8,02)',184.29000,NULL,NULL),
 (127,3,'FINANCIAMENTO MT03',NULL,NULL,17000.00000,NULL,NULL),
 (128,3,'TELEFONIA MOBILE (CLARO)',NULL,'Plano CLARO CONTORLE 1260 mensal',160.00000,NULL,0.000),
 (129,3,'LUZ',NULL,NULL,80.00000,NULL,NULL),
 (130,13,'PROLABORE',NULL,NULL,5000.00000,NULL,NULL),
 (131,10,'INTERNET/TV/FONE','NetVirtual','NET TV 61,94\r\nNET VIRTUAL 61,83\r\nNET Fone 37,89',161.66000,NULL,NULL),
 (132,3,'TELEFONIA MOBILE (TIM)',NULL,NULL,29.90000,NULL,NULL),
 (133,10,'TELEFONIA MOBILE (VIVO)',NULL,NULL,100.00000,NULL,NULL);
/*!40000 ALTER TABLE `sv_servico` ENABLE KEYS */;


--
-- Definition of table `sys_app_direito`
--

DROP TABLE IF EXISTS `sys_app_direito`;
CREATE TABLE `sys_app_direito` (
  `COD_APP_DIREITO` int(10) NOT NULL AUTO_INCREMENT,
  `ID_APP` varchar(250) DEFAULT NULL,
  `ID_DIREITO` varchar(50) DEFAULT NULL,
  PRIMARY KEY (`COD_APP_DIREITO`),
  KEY `DIREITO_ID` (`ID_DIREITO`),
  KEY `ID_MODULO` (`ID_APP`),
  KEY `SYS_DIREITOSYS_APP_DIREITO` (`ID_DIREITO`)
) ENGINE=InnoDB AUTO_INCREMENT=259 DEFAULT CHARSET=utf8;

--
-- Dumping data for table `sys_app_direito`
--

/*!40000 ALTER TABLE `sys_app_direito` DISABLE KEYS */;
INSERT INTO `sys_app_direito` (`COD_APP_DIREITO`,`ID_APP`,`ID_DIREITO`) VALUES 
 (2,'modulo_USUARIO','INS'),
 (3,'modulo_USUARIO','UPD'),
 (4,'modulo_USUARIO','DEL'),
 (5,'modulo_USUARIO','VIEW'),
 (6,'modulo_TODOLIST','INS'),
 (7,'modulo_TODOLIST','UPD'),
 (8,'modulo_TODOLIST','DEL'),
 (9,'modulo_TODOLIST','VIEW'),
 (10,'modulo_PROCESSO','INS'),
 (11,'modulo_PROCESSO','UPD'),
 (12,'modulo_PROCESSO','DEL'),
 (13,'modulo_PROCESSO','VIEW'),
 (14,'modulo_PONTO','INS'),
 (15,'modulo_PONTO','UPD'),
 (16,'modulo_PONTO','DEL'),
 (17,'modulo_PONTO','VIEW'),
 (18,'modulo_MSG','INS'),
 (19,'modulo_MSG','UPD'),
 (20,'modulo_MSG','DEL'),
 (21,'modulo_MSG','VIEW'),
 (22,'modulo_ICONPAINEL','INS'),
 (23,'modulo_ICONPAINEL','UPD'),
 (24,'modulo_ICONPAINEL','DEL'),
 (25,'modulo_ICONPAINEL','VIEW'),
 (26,'modulo_COLABORADOR','INS'),
 (27,'modulo_COLABORADOR','UPD'),
 (28,'modulo_COLABORADOR','DEL'),
 (29,'modulo_COLABORADOR','VIEW'),
 (30,'modulo_CLIENTE','INS'),
 (31,'modulo_CLIENTE','UPD'),
 (32,'modulo_CLIENTE','DEL'),
 (33,'modulo_CLIENTE','VIEW'),
 (34,'modulo_BS','INS'),
 (35,'modulo_BS','UPD'),
 (36,'modulo_BS','DEL'),
 (37,'modulo_BS','VIEW'),
 (38,'modulo_FORNECEDOR','INS'),
 (39,'modulo_FORNECEDOR','UPD'),
 (40,'modulo_FORNECEDOR','DEL'),
 (41,'modulo_FORNECEDOR','VIEW'),
 (42,'modulo_ACCOUNT','INS'),
 (43,'modulo_ACCOUNT','UPD'),
 (44,'modulo_ACCOUNT','DEL'),
 (45,'modulo_ACCOUNT','VIEW'),
 (46,'modulo_AGENDA','INS'),
 (47,'modulo_AGENDA','UPD'),
 (48,'modulo_AGENDA','DEL'),
 (49,'modulo_AGENDA','VIEW'),
 (55,'modulo_BS','COPY'),
 (56,'modulo_USUARIO','UPD_DIR'),
 (57,'modulo_CONTRATO','INS'),
 (58,'modulo_CONTRATO','UPD'),
 (59,'modulo_CONTRATO','DEL'),
 (60,'modulo_CONTRATO','VIEW'),
 (61,'modulo_DBManager','FULL'),
 (63,'modulo_FIN_CONTAS','INS'),
 (64,'modulo_FIN_CONTAS','UPD'),
 (65,'modulo_FIN_CONTAS','DEL'),
 (66,'modulo_FIN_CONTAS','VIEW'),
 (68,'modulo_FIN_LCTOCONTA','INS'),
 (70,'modulo_FIN_LCTOCONTA','DEL'),
 (71,'modulo_FIN_LCTOCONTA','VIEW'),
 (72,'modulo_HORARIO','INS'),
 (73,'modulo_HORARIO','UPD'),
 (74,'modulo_HORARIO','DEL'),
 (75,'modulo_HORARIO','VIEW'),
 (76,'modulo_MENU','INS'),
 (77,'modulo_MENU','UPD'),
 (78,'modulo_MENU','DEL'),
 (79,'modulo_MENU','VIEW'),
 (80,'modulo_TODOLIST','INS_MULT'),
 (81,'modulo_AGENDA','INS_MULT'),
 (82,'modulo_TODOLIST','INS_RESP'),
 (83,'modulo_FILEEXPLORER','FULL'),
 (85,'modulo_BS','INS_RESP'),
 (86,'modulo_USUARIO','COPY'),
 (87,'modulo_RELAT_ASLW','INS'),
 (88,'modulo_RELAT_ASLW','UPD'),
 (89,'modulo_RELAT_ASLW','DEL'),
 (90,'modulo_RELAT_ASLW','VIEW'),
 (91,'modulo_RELAT_ASLW','EXEC'),
 (92,'modulo_FIN_PAINEL','VIEW'),
 (93,'modulo_FIN_CCUSTOS','INS'),
 (94,'modulo_FIN_CCUSTOS','UPD'),
 (95,'modulo_FIN_CCUSTOS','DEL'),
 (96,'modulo_FIN_CCUSTOS','VIEW'),
 (97,'modulo_FIN_FLUXOCAIXA','VIEW'),
 (98,'modulo_FIN_FLUXOCAIXA','INS'),
 (99,'modulo_FIN_FLUXOCAIXA','DEL'),
 (100,'modulo_FIN_PCONTAS','VIEW'),
 (101,'modulo_FIN_PCONTAS','INS'),
 (102,'modulo_FIN_PCONTAS','DEL'),
 (103,'modulo_FIN_PCONTAS','UPD'),
 (104,'modulo_FIN_TITULOS','DEL'),
 (105,'modulo_FIN_TITULOS','VIEW'),
 (106,'modulo_FIN_TITULOS','INS'),
 (107,'modulo_ICONPAINEL','COPY'),
 (108,'modulo_CATEGORIAS','VIEW'),
 (109,'modulo_CATEGORIAS','INS'),
 (110,'modulo_CATEGORIAS','DEL'),
 (111,'modulo_CATEGORIAS','UPD'),
 (112,'modulo_CATEGORIA_ASLW','VIEW'),
 (113,'modulo_CATEGORIA_ASLW','INS'),
 (114,'modulo_CATEGORIA_ASLW','DEL'),
 (115,'modulo_CATEGORIA_ASLW','UPD'),
 (116,'modulo_CATEGORIA_BS','VIEW'),
 (117,'modulo_CATEGORIA_BS','INS'),
 (118,'modulo_CATEGORIA_BS','DEL'),
 (119,'modulo_CATEGORIA_BS','UPD'),
 (120,'modulo_CATEGORIA_TL','VIEW'),
 (121,'modulo_CATEGORIA_TL','INS'),
 (122,'modulo_CATEGORIA_TL','DEL'),
 (123,'modulo_CATEGORIA_TL','UPD'),
 (124,'modulo_FIN_PREV_ORCA','VIEW'),
 (125,'modulo_FIN_PREV_ORCA','INS'),
 (126,'modulo_FIN_PREV_ORCA','UPD'),
 (127,'modulo_FIN_PREV_ORCA','DEL'),
 (128,'modulo_FIN_LIVRO_CX','VIEW'),
 (129,'modulo_FIN_PREV_REAL','VIEW'),
 (130,'modulo_FIN_BOLETO','VIEW'),
 (131,'modulo_FIN_BOLETO','INS'),
 (132,'modulo_FIN_BOLETO','UPD'),
 (133,'modulo_FIN_BOLETO','DEL'),
 (134,'modulo_FIN_SERVICO','INS'),
 (135,'modulo_FIN_SERVICO','UPD'),
 (136,'modulo_FIN_SERVICO','DEL'),
 (137,'modulo_FIN_SERVICO','VIEW'),
 (138,'modulo_FIN_NF','INS'),
 (139,'modulo_FIN_NF','VIEW'),
 (140,'modulo_FIN_NF','UPD'),
 (141,'modulo_FIN_NF','DEL'),
 (142,'modulo_FIN_NF_CFG','INS'),
 (143,'modulo_FIN_NF_CFG','UPD'),
 (144,'modulo_FIN_NF_CFG','DEL'),
 (145,'modulo_FIN_NF_CFG','VIEW'),
 (146,'modulo_PONTO_FOLGA','VIEW'),
 (147,'modulo_PONTO_FOLGA','INS'),
 (148,'modulo_PONTO_FOLGA','UPD'),
 (149,'modulo_PONTO_FOLGA','DEL'),
 (150,'modulo_INVENTARIO','INS'),
 (151,'modulo_INVENTARIO','UPD'),
 (152,'modulo_INVENTARIO','DEL'),
 (153,'modulo_INVENTARIO','VIEW'),
 (154,'modulo_FIN_LCTO_GERAIS','VIEW'),
 (155,'modulo_FIN_NF','PREVIEW'),
 (156,'modulo_FIN_NF','PRINT'),
 (158,'modulo_TODOLIST','UPD_ALL_TODO'),
 (159,'modulo_BS','UPD_ALL_BS'),
 (160,'modulo_PONTO_DESCONTO','INS'),
 (161,'modulo_PONTO_DESCONTO','UPD'),
 (162,'modulo_PONTO_DESCONTO','VIEW'),
 (163,'modulo_PONTO_DESCONTO','DEL'),
 (164,'modulo_PONTO_FERIADO','INS'),
 (165,'modulo_PONTO_FERIADO','UPD'),
 (166,'modulo_PONTO_FERIADO','VIEW'),
 (167,'modulo_PONTO_FERIADO','DEL'),
 (169,'modulo_TODOLIST','COPY'),
 (170,'modulo_CHAMADO','INS'),
 (171,'modulo_CHAMADO','VIEW'),
 (172,'modulo_CHAMADO','UPD'),
 (173,'modulo_CHAMADO','ATENDE'),
 (174,'modulo_ADM_CLASSES','INS'),
 (175,'modulo_ADM_CLASSES','UPD'),
 (176,'modulo_ADM_CLASSES','DEL'),
 (177,'modulo_ADM_CLASSES','VIEW'),
 (178,'modulo_ADM_COMPETENCIAS','INS'),
 (179,'modulo_ADM_COMPETENCIAS','UPD'),
 (180,'modulo_ADM_COMPETENCIAS','DEL'),
 (181,'modulo_ADM_COMPETENCIAS','VIEW'),
 (182,'modulo_ADM_CARGOS','INS'),
 (183,'modulo_ADM_CARGOS','UPD'),
 (184,'modulo_ADM_CARGOS','DEL'),
 (185,'modulo_ADM_CARGOS','VIEW'),
 (186,'modulo_FIN_TITULOS','UPD'),
 (187,'modulo_DBManager','RED_BUTTON'),
 (188,'modulo_CHAMADO','DEL'),
 (189,'modulo_RESPOSTA','VIEW'),
 (190,'modulo_COLABORADOR','DADOS_RH'),
 (191,'modulo_FIN_LCTOCONTA','UPD'),
 (192,'modulo_FIN_BALANCETE','VIEW'),
 (193,'modulo_FIN_TITULOS','INS_NO_MES'),
 (194,'modulo_FIN_TITULOS','DEL_NO_MES'),
 (195,'modulo_FIN_LCTOCONTA','INS_NO_MES'),
 (196,'modulo_FIN_LCTOCONTA','DEL_NO_MES'),
 (197,'modulo_FIN_EXTRATO','VIEW'),
 (198,'modulo_FIN_TITULOS','CALC_TAXAS'),
 (199,'modulo_FIN_TITULOS','RECALC_TAXAS'),
 (200,'modulo_CONTRATO','PROCESSA'),
 (201,'modulo_PEDIDO','INS'),
 (202,'modulo_PEDIDO','UPD'),
 (203,'modulo_PEDIDO','DEL'),
 (204,'modulo_PEDIDO','VIEW'),
 (205,'modulo_PEDIDO','FATURA'),
 (206,'modulo_MB_LIVRO','INS'),
 (207,'modulo_MB_LIVRO','UPD'),
 (208,'modulo_MB_LIVRO','DEL'),
 (209,'modulo_MB_LIVRO','VIEW'),
 (210,'modulo_MB_LIVRO','IMPORT'),
 (211,'modulo_MB_REVISTA','INS'),
 (212,'modulo_MB_REVISTA','UPD'),
 (213,'modulo_MB_REVISTA','DEL'),
 (214,'modulo_MB_REVISTA','VIEW'),
 (215,'modulo_MB_REVISTA','IMPORT'),
 (216,'modulo_MB_MANUAL','INS'),
 (217,'modulo_MB_MANUAL','UPD'),
 (218,'modulo_MB_MANUAL','DEL'),
 (219,'modulo_MB_MANUAL','VIEW'),
 (220,'modulo_MB_MANUAL','IMPORT'),
 (221,'modulo_MB_DISCO','INS'),
 (222,'modulo_MB_DISCO','UPD'),
 (223,'modulo_MB_DISCO','DEL'),
 (224,'modulo_MB_DISCO','VIEW'),
 (225,'modulo_MB_DISCO','IMPORT'),
 (226,'modulo_MB_VIDEO','INS'),
 (227,'modulo_MB_VIDEO','UPD'),
 (228,'modulo_MB_VIDEO','DEL'),
 (229,'modulo_MB_VIDEO','VIEW'),
 (230,'modulo_MB_VIDEO','IMPORT'),
 (231,'modulo_MB_DADO','INS'),
 (232,'modulo_MB_DADO','UPD'),
 (233,'modulo_MB_DADO','DEL'),
 (234,'modulo_MB_DADO','VIEW'),
 (235,'modulo_MB_DADO','IMPORT'),
 (236,'modulo_RESPOSTA','UPLOAD'),
 (237,'modulo_CHAMADO','DESBLOQUEIA'),
 (239,'modulo_FIN_TITULOS','PAGAR'),
 (240,'modulo_FIN_TITULOS','RECEBER'),
 (241,'modulo_FIN_FLUXOCAIXA','PAGAR'),
 (242,'modulo_FIN_FLUXOCAIXA','RECEBER'),
 (243,'modulo_FIN_TITULOS_ENT','VIEW'),
 (244,'modulo_PROJETO_BACKLOG','INS'),
 (245,'modulo_PROJETO_BACKLOG','UPD'),
 (246,'modulo_PROJETO_BACKLOG','DEL'),
 (247,'modulo_PROJETO_BACKLOG','VIEW'),
 (248,'modulo_CONTRATO','COPY'),
 (249,'modulo_PONTO','UPD_ALL_PONTO'),
 (250,'modulo_ENQUETE','VIEW'),
 (251,'modulo_ENQUETE','DEL'),
 (252,'modulo_ENQUETE','UPD'),
 (253,'modulo_ENQUETE','INS'),
 (254,'modulo_FIN_NFREPORT','VIEW'),
 (258,'modulo_IMPORTACAO','INS');
/*!40000 ALTER TABLE `sys_app_direito` ENABLE KEYS */;


--
-- Definition of table `sys_app_direito_usuario`
--

DROP TABLE IF EXISTS `sys_app_direito_usuario`;
CREATE TABLE `sys_app_direito_usuario` (
  `COD_APP_DIREITO_USUARIO` int(10) NOT NULL AUTO_INCREMENT,
  `COD_APP_DIREITO` int(10) DEFAULT NULL,
  `ID_USUARIO` varchar(50) DEFAULT NULL,
  PRIMARY KEY (`COD_APP_DIREITO_USUARIO`),
  KEY `COD_APP_DIREITO` (`COD_APP_DIREITO`),
  KEY `ID_USUARIO` (`ID_USUARIO`),
  KEY `SYS_APP_DIREITOSYS_APP_DIREITO_` (`COD_APP_DIREITO`)
) ENGINE=InnoDB AUTO_INCREMENT=19233 DEFAULT CHARSET=utf8;

--
-- Dumping data for table `sys_app_direito_usuario`
--

/*!40000 ALTER TABLE `sys_app_direito_usuario` DISABLE KEYS */;
INSERT INTO `sys_app_direito_usuario` (`COD_APP_DIREITO_USUARIO`,`COD_APP_DIREITO`,`ID_USUARIO`) VALUES 
 (252,42,'rodrigo'),
 (253,43,'rodrigo'),
 (254,44,'rodrigo'),
 (255,45,'rodrigo'),
 (266,46,'rodrigo'),
 (267,47,'rodrigo'),
 (268,48,'rodrigo'),
 (269,49,'rodrigo'),
 (270,81,'rodrigo'),
 (292,30,'rodrigo'),
 (293,31,'rodrigo'),
 (294,32,'rodrigo'),
 (295,33,'rodrigo'),
 (309,57,'rodrigo'),
 (310,58,'rodrigo'),
 (311,59,'rodrigo'),
 (312,60,'rodrigo'),
 (321,63,'rodrigo'),
 (322,64,'rodrigo'),
 (323,65,'rodrigo'),
 (324,66,'rodrigo'),
 (328,38,'rodrigo'),
 (329,39,'rodrigo'),
 (330,40,'rodrigo'),
 (331,41,'rodrigo'),
 (336,72,'rodrigo'),
 (337,73,'rodrigo'),
 (338,74,'rodrigo'),
 (339,75,'rodrigo'),
 (346,76,'rodrigo'),
 (347,77,'rodrigo'),
 (348,78,'rodrigo'),
 (349,79,'rodrigo'),
 (354,18,'rodrigo'),
 (355,19,'rodrigo'),
 (356,20,'rodrigo'),
 (357,21,'rodrigo'),
 (373,14,'rodrigo'),
 (374,15,'rodrigo'),
 (375,16,'rodrigo'),
 (376,17,'rodrigo'),
 (381,10,'rodrigo'),
 (382,11,'rodrigo'),
 (383,12,'rodrigo'),
 (384,13,'rodrigo'),
 (5302,42,'clvsutil'),
 (5303,43,'clvsutil'),
 (5304,44,'clvsutil'),
 (5305,45,'clvsutil'),
 (5306,46,'clvsutil'),
 (5307,47,'clvsutil'),
 (5308,48,'clvsutil'),
 (5309,49,'clvsutil'),
 (5310,81,'clvsutil'),
 (5311,34,'clvsutil'),
 (5312,35,'clvsutil'),
 (5313,36,'clvsutil'),
 (5314,37,'clvsutil'),
 (5315,55,'clvsutil'),
 (5316,85,'clvsutil'),
 (5317,113,'clvsutil'),
 (5318,115,'clvsutil'),
 (5319,114,'clvsutil'),
 (5320,112,'clvsutil'),
 (5321,117,'clvsutil'),
 (5322,119,'clvsutil'),
 (5323,118,'clvsutil'),
 (5324,116,'clvsutil'),
 (5325,121,'clvsutil'),
 (5326,123,'clvsutil'),
 (5327,122,'clvsutil'),
 (5328,120,'clvsutil'),
 (5329,109,'clvsutil'),
 (5330,111,'clvsutil'),
 (5331,110,'clvsutil'),
 (5332,108,'clvsutil'),
 (5333,84,'clvsutil'),
 (5334,30,'clvsutil'),
 (5335,31,'clvsutil'),
 (5336,32,'clvsutil'),
 (5337,33,'clvsutil'),
 (5342,57,'clvsutil'),
 (5343,58,'clvsutil'),
 (5344,59,'clvsutil'),
 (5345,60,'clvsutil'),
 (5346,61,'clvsutil'),
 (5348,83,'clvsutil'),
 (5349,131,'clvsutil'),
 (5350,132,'clvsutil'),
 (5351,133,'clvsutil'),
 (5352,130,'clvsutil'),
 (5353,93,'clvsutil'),
 (5354,94,'clvsutil'),
 (5355,95,'clvsutil'),
 (5356,96,'clvsutil'),
 (5357,63,'clvsutil'),
 (5358,64,'clvsutil'),
 (5359,65,'clvsutil'),
 (5360,66,'clvsutil'),
 (5361,98,'clvsutil'),
 (5362,99,'clvsutil'),
 (5363,97,'clvsutil'),
 (5364,68,'clvsutil'),
 (5365,70,'clvsutil'),
 (5366,71,'clvsutil'),
 (5367,128,'clvsutil'),
 (5368,138,'clvsutil'),
 (5369,140,'clvsutil'),
 (5370,141,'clvsutil'),
 (5371,139,'clvsutil'),
 (5372,142,'clvsutil'),
 (5373,143,'clvsutil'),
 (5374,144,'clvsutil'),
 (5375,145,'clvsutil'),
 (5376,92,'clvsutil'),
 (5377,101,'clvsutil'),
 (5378,103,'clvsutil'),
 (5379,102,'clvsutil'),
 (5380,100,'clvsutil'),
 (5381,125,'clvsutil'),
 (5382,126,'clvsutil'),
 (5383,127,'clvsutil'),
 (5384,124,'clvsutil'),
 (5385,129,'clvsutil'),
 (5386,134,'clvsutil'),
 (5387,135,'clvsutil'),
 (5388,136,'clvsutil'),
 (5389,137,'clvsutil'),
 (5390,106,'clvsutil'),
 (5391,104,'clvsutil'),
 (5392,105,'clvsutil'),
 (5393,38,'clvsutil'),
 (5394,39,'clvsutil'),
 (5395,40,'clvsutil'),
 (5396,41,'clvsutil'),
 (5397,72,'clvsutil'),
 (5398,73,'clvsutil'),
 (5399,74,'clvsutil'),
 (5400,75,'clvsutil'),
 (5401,22,'clvsutil'),
 (5402,23,'clvsutil'),
 (5403,24,'clvsutil'),
 (5404,25,'clvsutil'),
 (5405,107,'clvsutil'),
 (5406,76,'clvsutil'),
 (5407,77,'clvsutil'),
 (5408,78,'clvsutil'),
 (5409,79,'clvsutil'),
 (5410,18,'clvsutil'),
 (5411,19,'clvsutil'),
 (5412,20,'clvsutil'),
 (5413,21,'clvsutil'),
 (5414,14,'clvsutil'),
 (5415,15,'clvsutil'),
 (5416,16,'clvsutil'),
 (5417,17,'clvsutil'),
 (5418,147,'clvsutil'),
 (5419,148,'clvsutil'),
 (5420,149,'clvsutil'),
 (5421,146,'clvsutil'),
 (5422,10,'clvsutil'),
 (5423,11,'clvsutil'),
 (5424,12,'clvsutil'),
 (5425,13,'clvsutil'),
 (5426,87,'clvsutil'),
 (5427,88,'clvsutil'),
 (5428,89,'clvsutil'),
 (5429,90,'clvsutil'),
 (5430,91,'clvsutil'),
 (5431,6,'clvsutil'),
 (5432,7,'clvsutil'),
 (5433,8,'clvsutil'),
 (5434,9,'clvsutil'),
 (5435,82,'clvsutil'),
 (5436,80,'clvsutil'),
 (5437,2,'clvsutil'),
 (5438,3,'clvsutil'),
 (5440,5,'clvsutil'),
 (5441,86,'clvsutil'),
 (6319,41,'alan'),
 (6320,75,'alan'),
 (6321,22,'alan'),
 (6322,23,'alan'),
 (6323,24,'alan'),
 (6324,25,'alan'),
 (6325,79,'alan'),
 (6326,18,'alan'),
 (6327,19,'alan'),
 (6328,20,'alan'),
 (6329,21,'alan'),
 (6330,14,'alan'),
 (6331,15,'alan'),
 (6332,16,'alan'),
 (6333,17,'alan'),
 (6334,146,'alan'),
 (6336,90,'alan'),
 (6337,91,'alan'),
 (6380,14,'rmatos'),
 (6381,15,'rmatos'),
 (6382,16,'rmatos'),
 (6383,17,'rmatos'),
 (6999,22,'madison'),
 (7000,23,'madison'),
 (7001,24,'madison'),
 (7002,25,'madison'),
 (7015,38,'madison'),
 (7016,39,'madison'),
 (7017,40,'madison'),
 (7018,41,'madison'),
 (7042,72,'madison'),
 (7043,73,'madison'),
 (7044,74,'madison'),
 (7045,75,'madison'),
 (7074,104,'madison'),
 (7075,105,'madison'),
 (7076,106,'madison'),
 (7077,107,'madison'),
 (7104,134,'madison'),
 (7105,135,'madison'),
 (7106,136,'madison'),
 (7107,137,'madison'),
 (7430,150,'ezequiel'),
 (7431,151,'ezequiel'),
 (7432,152,'ezequiel'),
 (7433,153,'ezequiel'),
 (7442,6,'ezequiel'),
 (7443,7,'ezequiel'),
 (7444,8,'ezequiel'),
 (7445,9,'ezequiel'),
 (7446,82,'ezequiel'),
 (7447,80,'ezequiel'),
 (7448,5,'ezequiel'),
 (8751,83,'_athenas'),
 (8752,131,'_athenas'),
 (8753,132,'_athenas'),
 (8754,133,'_athenas'),
 (8755,130,'_athenas'),
 (8756,93,'_athenas'),
 (8757,94,'_athenas'),
 (8758,95,'_athenas'),
 (8759,96,'_athenas'),
 (8760,63,'_athenas'),
 (8761,64,'_athenas'),
 (8762,65,'_athenas'),
 (8763,66,'_athenas'),
 (8764,98,'_athenas'),
 (8765,99,'_athenas'),
 (8766,97,'_athenas'),
 (8767,154,'_athenas'),
 (8768,68,'_athenas'),
 (8769,70,'_athenas'),
 (8770,71,'_athenas'),
 (8771,128,'_athenas'),
 (8772,138,'_athenas'),
 (8773,140,'_athenas'),
 (8774,141,'_athenas'),
 (8775,139,'_athenas'),
 (8776,155,'_athenas'),
 (8777,156,'_athenas'),
 (8778,142,'_athenas'),
 (8779,143,'_athenas'),
 (8780,144,'_athenas'),
 (8781,145,'_athenas'),
 (8782,92,'_athenas'),
 (8783,101,'_athenas'),
 (8784,103,'_athenas'),
 (8785,102,'_athenas'),
 (8786,100,'_athenas'),
 (8787,125,'_athenas'),
 (8788,126,'_athenas'),
 (8789,127,'_athenas'),
 (8790,124,'_athenas'),
 (8791,129,'_athenas'),
 (8792,134,'_athenas'),
 (8793,135,'_athenas'),
 (8794,136,'_athenas'),
 (8795,137,'_athenas'),
 (8796,106,'_athenas'),
 (8797,104,'_athenas'),
 (8798,105,'_athenas'),
 (8799,38,'_athenas'),
 (8800,39,'_athenas'),
 (8801,40,'_athenas'),
 (8802,41,'_athenas'),
 (8803,72,'_athenas'),
 (8804,73,'_athenas'),
 (8805,74,'_athenas'),
 (8806,75,'_athenas'),
 (8807,22,'_athenas'),
 (8808,23,'_athenas'),
 (8809,24,'_athenas'),
 (8810,25,'_athenas'),
 (8811,107,'_athenas'),
 (8812,150,'_athenas'),
 (8813,151,'_athenas'),
 (8814,152,'_athenas'),
 (8815,153,'_athenas'),
 (8816,76,'_athenas'),
 (8817,77,'_athenas'),
 (8818,78,'_athenas'),
 (8819,79,'_athenas'),
 (8820,18,'_athenas'),
 (8821,19,'_athenas'),
 (8822,20,'_athenas'),
 (8823,21,'_athenas'),
 (8824,14,'_athenas'),
 (8825,15,'_athenas'),
 (8826,16,'_athenas'),
 (8827,17,'_athenas'),
 (8828,147,'_athenas'),
 (8829,148,'_athenas'),
 (8830,149,'_athenas'),
 (8831,146,'_athenas'),
 (8832,10,'_athenas'),
 (8833,11,'_athenas'),
 (8834,12,'_athenas'),
 (8835,13,'_athenas'),
 (8836,87,'_athenas'),
 (8837,88,'_athenas'),
 (8838,89,'_athenas'),
 (8839,90,'_athenas'),
 (8840,91,'_athenas'),
 (8841,6,'_athenas'),
 (8842,7,'_athenas'),
 (8843,8,'_athenas'),
 (8844,9,'_athenas'),
 (8845,82,'_athenas'),
 (8846,80,'_athenas'),
 (9763,84,'tatiana'),
 (9890,160,'_athenas'),
 (9891,161,'_athenas'),
 (9892,163,'_athenas'),
 (9893,162,'_athenas'),
 (9894,164,'_athenas'),
 (9895,165,'_athenas'),
 (9896,167,'_athenas'),
 (9897,166,'_athenas'),
 (9999,5,'edipo'),
 (10000,6,'edipo'),
 (10001,7,'edipo'),
 (10002,8,'edipo'),
 (10003,9,'edipo'),
 (10004,10,'edipo'),
 (10005,11,'edipo'),
 (10006,12,'edipo'),
 (10007,13,'edipo'),
 (10008,14,'edipo'),
 (10009,15,'edipo'),
 (10010,16,'edipo'),
 (10011,17,'edipo'),
 (10012,18,'edipo'),
 (10013,19,'edipo'),
 (10014,20,'edipo'),
 (10015,21,'edipo'),
 (10017,29,'edipo'),
 (10018,33,'edipo'),
 (10019,34,'edipo'),
 (10020,35,'edipo'),
 (10021,36,'edipo'),
 (10022,37,'edipo'),
 (10023,41,'edipo'),
 (10024,46,'edipo'),
 (10025,47,'edipo'),
 (10026,48,'edipo'),
 (10027,49,'edipo'),
 (10028,55,'edipo'),
 (10029,75,'edipo'),
 (10030,79,'edipo'),
 (10031,80,'edipo'),
 (10032,81,'edipo'),
 (10033,82,'edipo'),
 (10034,85,'edipo'),
 (10035,90,'edipo'),
 (10036,91,'edipo'),
 (10053,146,'edipo'),
 (10054,153,'edipo'),
 (10061,5,'everton'),
 (10062,6,'everton'),
 (10063,7,'everton'),
 (10064,8,'everton'),
 (10065,9,'everton'),
 (10066,10,'everton'),
 (10067,11,'everton'),
 (10068,12,'everton'),
 (10069,13,'everton'),
 (10070,14,'everton'),
 (10071,15,'everton'),
 (10072,16,'everton'),
 (10073,17,'everton'),
 (10074,18,'everton'),
 (10075,19,'everton'),
 (10076,20,'everton'),
 (10077,21,'everton'),
 (10079,29,'everton'),
 (10081,34,'everton'),
 (10082,35,'everton'),
 (10083,36,'everton'),
 (10084,37,'everton'),
 (10085,41,'everton'),
 (10090,55,'everton'),
 (10091,75,'everton'),
 (10092,79,'everton'),
 (10093,80,'everton'),
 (10095,82,'everton'),
 (10096,85,'everton'),
 (10097,90,'everton'),
 (10098,91,'everton'),
 (10115,146,'everton'),
 (10116,153,'everton'),
 (10137,5,'william'),
 (10138,6,'william'),
 (10139,7,'william'),
 (10140,8,'william'),
 (10141,9,'william'),
 (10142,10,'william'),
 (10143,11,'william'),
 (10144,12,'william'),
 (10145,13,'william'),
 (10146,14,'william'),
 (10147,15,'william'),
 (10148,16,'william'),
 (10149,17,'william'),
 (10150,18,'william'),
 (10151,19,'william'),
 (10152,20,'william'),
 (10153,21,'william'),
 (10155,29,'william'),
 (10156,33,'william'),
 (10157,34,'william'),
 (10158,35,'william'),
 (10159,36,'william'),
 (10160,37,'william'),
 (10161,41,'william'),
 (10166,55,'william'),
 (10167,75,'william'),
 (10168,79,'william'),
 (10169,80,'william'),
 (10171,82,'william'),
 (10172,85,'william'),
 (10173,90,'william'),
 (10174,91,'william'),
 (10191,146,'william'),
 (10192,153,'william'),
 (10455,113,'rodrigo'),
 (10456,115,'rodrigo'),
 (10457,114,'rodrigo'),
 (10458,112,'rodrigo'),
 (10459,117,'rodrigo'),
 (10460,119,'rodrigo'),
 (10461,118,'rodrigo'),
 (10462,116,'rodrigo'),
 (10463,34,'rodrigo'),
 (10464,35,'rodrigo'),
 (10465,36,'rodrigo'),
 (10466,37,'rodrigo'),
 (10467,55,'rodrigo'),
 (10468,85,'rodrigo'),
 (10469,159,'rodrigo'),
 (10470,109,'rodrigo'),
 (10471,111,'rodrigo'),
 (10472,110,'rodrigo'),
 (10473,108,'rodrigo'),
 (10474,121,'rodrigo'),
 (10475,123,'rodrigo'),
 (10476,122,'rodrigo'),
 (10477,120,'rodrigo'),
 (10478,131,'rodrigo'),
 (10479,132,'rodrigo'),
 (10480,133,'rodrigo'),
 (10481,130,'rodrigo'),
 (10482,93,'rodrigo'),
 (10483,94,'rodrigo'),
 (10484,95,'rodrigo'),
 (10485,96,'rodrigo'),
 (10486,98,'rodrigo'),
 (10487,99,'rodrigo'),
 (10488,97,'rodrigo'),
 (10489,154,'rodrigo'),
 (10490,128,'rodrigo'),
 (10491,138,'rodrigo'),
 (10492,140,'rodrigo'),
 (10493,141,'rodrigo'),
 (10494,139,'rodrigo'),
 (10495,155,'rodrigo'),
 (10496,156,'rodrigo'),
 (10497,142,'rodrigo'),
 (10498,143,'rodrigo'),
 (10499,144,'rodrigo'),
 (10500,145,'rodrigo'),
 (10501,92,'rodrigo'),
 (10508,134,'rodrigo'),
 (10509,135,'rodrigo'),
 (10510,136,'rodrigo'),
 (10511,137,'rodrigo'),
 (10512,129,'rodrigo'),
 (10521,150,'rodrigo'),
 (10522,151,'rodrigo'),
 (10523,152,'rodrigo'),
 (10524,153,'rodrigo'),
 (10525,160,'rodrigo'),
 (10526,161,'rodrigo'),
 (10527,163,'rodrigo'),
 (10528,162,'rodrigo'),
 (10529,164,'rodrigo'),
 (10530,165,'rodrigo'),
 (10531,167,'rodrigo'),
 (10532,166,'rodrigo'),
 (10533,147,'rodrigo'),
 (10534,148,'rodrigo'),
 (10535,149,'rodrigo'),
 (10536,146,'rodrigo'),
 (10663,5,'mauricio'),
 (10664,6,'mauricio'),
 (10665,7,'mauricio'),
 (10666,8,'mauricio'),
 (10667,9,'mauricio'),
 (10668,10,'mauricio'),
 (10669,11,'mauricio'),
 (10670,12,'mauricio'),
 (10671,13,'mauricio'),
 (10672,14,'mauricio'),
 (10673,15,'mauricio'),
 (10674,16,'mauricio'),
 (10675,17,'mauricio'),
 (10676,18,'mauricio'),
 (10677,19,'mauricio'),
 (10678,20,'mauricio'),
 (10679,21,'mauricio'),
 (10680,22,'mauricio'),
 (10681,23,'mauricio'),
 (10682,24,'mauricio'),
 (10683,25,'mauricio'),
 (10684,29,'mauricio'),
 (10685,33,'mauricio'),
 (10686,34,'mauricio'),
 (10687,35,'mauricio'),
 (10688,36,'mauricio'),
 (10689,37,'mauricio'),
 (10690,41,'mauricio'),
 (10691,46,'mauricio'),
 (10692,47,'mauricio'),
 (10693,48,'mauricio'),
 (10694,49,'mauricio'),
 (10695,55,'mauricio'),
 (10696,60,'mauricio'),
 (10697,80,'mauricio'),
 (10698,81,'mauricio'),
 (10699,82,'mauricio'),
 (10700,85,'mauricio'),
 (10701,90,'mauricio'),
 (10702,107,'mauricio'),
 (10703,150,'mauricio'),
 (10704,151,'mauricio'),
 (10705,152,'mauricio'),
 (10706,153,'mauricio'),
 (10708,159,'mauricio'),
 (10709,45,'madison'),
 (10710,46,'madison'),
 (10711,47,'madison'),
 (10712,48,'madison'),
 (10713,49,'madison'),
 (10714,81,'madison'),
 (10715,34,'madison'),
 (10716,35,'madison'),
 (10717,36,'madison'),
 (10718,37,'madison'),
 (10719,55,'madison'),
 (10720,85,'madison'),
 (10721,108,'madison'),
 (10722,120,'madison'),
 (10723,116,'madison'),
 (10724,112,'madison'),
 (10725,60,'madison'),
 (10726,29,'madison'),
 (10727,33,'madison'),
 (10730,18,'madison'),
 (10731,19,'madison'),
 (10732,20,'madison'),
 (10733,21,'madison'),
 (10734,14,'madison'),
 (10735,15,'madison'),
 (10736,16,'madison'),
 (10737,17,'madison'),
 (10738,166,'madison'),
 (10739,162,'madison'),
 (10740,146,'madison'),
 (10745,90,'madison'),
 (10746,13,'madison'),
 (10747,6,'madison'),
 (10748,7,'madison'),
 (10749,8,'madison'),
 (10750,9,'madison'),
 (10751,82,'madison'),
 (10752,80,'madison'),
 (10754,5,'madison'),
 (10814,41,'alessandro'),
 (10815,75,'alessandro'),
 (10816,22,'alessandro'),
 (10817,23,'alessandro'),
 (10818,24,'alessandro'),
 (10819,25,'alessandro'),
 (10820,107,'alessandro'),
 (10821,153,'alessandro'),
 (10822,79,'alessandro'),
 (10823,18,'alessandro'),
 (10824,19,'alessandro'),
 (10825,20,'alessandro'),
 (10826,21,'alessandro'),
 (10827,14,'alessandro'),
 (10828,15,'alessandro'),
 (10829,16,'alessandro'),
 (10830,17,'alessandro'),
 (10831,162,'alessandro'),
 (10832,166,'alessandro'),
 (10833,146,'alessandro'),
 (10834,10,'alessandro'),
 (10835,11,'alessandro'),
 (10836,12,'alessandro'),
 (10837,13,'alessandro'),
 (10838,90,'alessandro'),
 (10839,91,'alessandro'),
 (10840,6,'alessandro'),
 (10841,7,'alessandro'),
 (10842,8,'alessandro'),
 (10843,9,'alessandro'),
 (10844,82,'alessandro'),
 (10845,80,'alessandro'),
 (10847,5,'alessandro'),
 (10865,46,'alexandre'),
 (10866,47,'alexandre'),
 (10867,48,'alexandre'),
 (10868,49,'alexandre'),
 (10869,81,'alexandre'),
 (10870,34,'alexandre'),
 (10871,35,'alexandre'),
 (10872,36,'alexandre'),
 (10873,37,'alexandre'),
 (10874,55,'alexandre'),
 (10875,85,'alexandre'),
 (10876,112,'alexandre'),
 (10877,116,'alexandre'),
 (10878,120,'alexandre'),
 (10879,108,'alexandre'),
 (10880,33,'alexandre'),
 (10881,29,'alexandre'),
 (10882,41,'alexandre'),
 (10883,75,'alexandre'),
 (10884,22,'alexandre'),
 (10885,23,'alexandre'),
 (10886,24,'alexandre'),
 (10887,25,'alexandre'),
 (10888,107,'alexandre'),
 (10889,153,'alexandre'),
 (10890,79,'alexandre'),
 (10891,18,'alexandre'),
 (10892,19,'alexandre'),
 (10893,20,'alexandre'),
 (10894,21,'alexandre'),
 (10895,14,'alexandre'),
 (10896,15,'alexandre'),
 (10897,16,'alexandre'),
 (10898,17,'alexandre'),
 (10899,146,'alexandre'),
 (10900,10,'alexandre'),
 (10901,11,'alexandre'),
 (10902,12,'alexandre'),
 (10903,13,'alexandre'),
 (10904,90,'alexandre'),
 (10905,91,'alexandre'),
 (10906,6,'alexandre'),
 (10907,7,'alexandre'),
 (10908,8,'alexandre'),
 (10909,9,'alexandre'),
 (10910,82,'alexandre'),
 (10911,80,'alexandre'),
 (10913,5,'alexandre'),
 (10921,42,'_athenas'),
 (10922,43,'_athenas'),
 (10923,44,'_athenas'),
 (10924,45,'_athenas'),
 (10925,46,'_athenas'),
 (10926,47,'_athenas'),
 (10927,48,'_athenas'),
 (10928,49,'_athenas'),
 (10929,81,'_athenas'),
 (10930,34,'_athenas'),
 (10931,35,'_athenas'),
 (10932,36,'_athenas'),
 (10933,37,'_athenas'),
 (10934,55,'_athenas'),
 (10935,85,'_athenas'),
 (10936,159,'_athenas'),
 (10937,113,'_athenas'),
 (10938,115,'_athenas'),
 (10939,114,'_athenas'),
 (10940,112,'_athenas'),
 (10941,117,'_athenas'),
 (10942,119,'_athenas'),
 (10943,118,'_athenas'),
 (10944,116,'_athenas'),
 (10945,121,'_athenas'),
 (10946,123,'_athenas'),
 (10947,122,'_athenas'),
 (10948,120,'_athenas'),
 (10949,109,'_athenas'),
 (10950,111,'_athenas'),
 (10951,110,'_athenas'),
 (10952,108,'_athenas'),
 (10953,84,'_athenas'),
 (10954,30,'_athenas'),
 (10955,31,'_athenas'),
 (10956,32,'_athenas'),
 (10957,33,'_athenas'),
 (10958,26,'_athenas'),
 (10959,27,'_athenas'),
 (10960,28,'_athenas'),
 (10961,29,'_athenas'),
 (10962,57,'_athenas'),
 (10963,58,'_athenas'),
 (10964,59,'_athenas'),
 (10965,60,'_athenas'),
 (10966,112,'edipo'),
 (10967,116,'edipo'),
 (10968,120,'edipo'),
 (10969,108,'edipo'),
 (10970,162,'edipo'),
 (10971,166,'edipo'),
 (10972,108,'everton'),
 (10973,120,'everton'),
 (10974,116,'everton'),
 (10975,112,'everton'),
 (10976,46,'everton'),
 (10977,47,'everton'),
 (10978,48,'everton'),
 (10979,49,'everton'),
 (10980,166,'everton'),
 (10981,162,'everton'),
 (10982,22,'everton'),
 (10983,23,'everton'),
 (10984,24,'everton'),
 (10985,25,'everton'),
 (10986,22,'edipo'),
 (10987,23,'edipo'),
 (10988,24,'edipo'),
 (10989,25,'edipo'),
 (10990,108,'ezequiel'),
 (10991,120,'ezequiel'),
 (10992,116,'ezequiel'),
 (10993,34,'ezequiel'),
 (10994,35,'ezequiel'),
 (10995,36,'ezequiel'),
 (10996,37,'ezequiel'),
 (10997,85,'ezequiel'),
 (10998,112,'ezequiel'),
 (10999,46,'ezequiel'),
 (11000,47,'ezequiel'),
 (11001,48,'ezequiel'),
 (11002,49,'ezequiel'),
 (11003,33,'ezequiel'),
 (11004,29,'ezequiel'),
 (11006,41,'ezequiel'),
 (11007,75,'ezequiel'),
 (11008,22,'ezequiel'),
 (11009,23,'ezequiel'),
 (11010,24,'ezequiel'),
 (11011,25,'ezequiel'),
 (11012,18,'ezequiel'),
 (11013,19,'ezequiel'),
 (11014,20,'ezequiel'),
 (11015,21,'ezequiel'),
 (11016,14,'ezequiel'),
 (11017,16,'ezequiel'),
 (11018,17,'ezequiel'),
 (11019,162,'ezequiel'),
 (11020,166,'ezequiel'),
 (11021,13,'ezequiel'),
 (11022,146,'ezequiel'),
 (11024,90,'ezequiel'),
 (11031,5,'fabiano'),
 (11032,10,'fabiano'),
 (11033,11,'fabiano'),
 (11034,12,'fabiano'),
 (11035,13,'fabiano'),
 (11036,90,'fabiano'),
 (11037,162,'fabiano'),
 (11038,166,'fabiano'),
 (11039,146,'fabiano'),
 (11040,14,'fabiano'),
 (11041,15,'fabiano'),
 (11042,16,'fabiano'),
 (11043,17,'fabiano'),
 (11044,18,'fabiano'),
 (11045,19,'fabiano'),
 (11046,20,'fabiano'),
 (11047,21,'fabiano'),
 (11048,22,'fabiano'),
 (11049,23,'fabiano'),
 (11050,24,'fabiano'),
 (11051,25,'fabiano'),
 (11052,107,'fabiano'),
 (11053,150,'fabiano'),
 (11054,151,'fabiano'),
 (11055,152,'fabiano'),
 (11056,153,'fabiano'),
 (11057,75,'fabiano'),
 (11058,41,'fabiano'),
 (11059,112,'fabiano'),
 (11060,116,'fabiano'),
 (11061,120,'fabiano'),
 (11062,108,'fabiano'),
 (11063,33,'fabiano'),
 (11064,29,'fabiano'),
 (11065,60,'fabiano'),
 (11066,46,'fabiano'),
 (11067,47,'fabiano'),
 (11068,48,'fabiano'),
 (11069,49,'fabiano'),
 (11070,81,'fabiano'),
 (11071,34,'fabiano'),
 (11072,35,'fabiano'),
 (11073,36,'fabiano'),
 (11074,37,'fabiano'),
 (11075,55,'fabiano'),
 (11076,85,'fabiano'),
 (11077,159,'fabiano'),
 (11110,41,'glauber'),
 (11111,75,'glauber'),
 (11112,22,'glauber'),
 (11113,23,'glauber'),
 (11114,24,'glauber'),
 (11115,25,'glauber'),
 (11116,153,'glauber'),
 (11117,18,'glauber'),
 (11118,19,'glauber'),
 (11119,20,'glauber'),
 (11120,21,'glauber'),
 (11121,14,'glauber'),
 (11122,15,'glauber'),
 (11123,16,'glauber'),
 (11124,17,'glauber'),
 (11125,162,'glauber'),
 (11126,146,'glauber'),
 (11127,166,'glauber'),
 (11128,13,'glauber'),
 (11129,90,'glauber'),
 (11130,6,'glauber'),
 (11131,7,'glauber'),
 (11132,8,'glauber'),
 (11133,9,'glauber'),
 (11134,82,'glauber'),
 (11136,46,'glauber'),
 (11137,47,'glauber'),
 (11138,48,'glauber'),
 (11139,49,'glauber'),
 (11140,34,'glauber'),
 (11141,35,'glauber'),
 (11142,36,'glauber'),
 (11143,37,'glauber'),
 (11144,85,'glauber'),
 (11145,112,'glauber'),
 (11146,116,'glauber'),
 (11147,120,'glauber'),
 (11148,108,'glauber'),
 (11149,33,'glauber'),
 (11150,29,'glauber'),
 (11151,60,'glauber'),
 (11263,34,'rafael'),
 (11264,35,'rafael'),
 (11265,36,'rafael'),
 (11266,37,'rafael'),
 (11267,85,'rafael'),
 (11268,46,'rafael'),
 (11269,47,'rafael'),
 (11270,48,'rafael'),
 (11271,49,'rafael'),
 (11272,112,'rafael'),
 (11273,116,'rafael'),
 (11274,120,'rafael'),
 (11275,108,'rafael'),
 (11277,29,'rafael'),
 (11278,41,'rafael'),
 (11279,75,'rafael'),
 (11280,22,'rafael'),
 (11281,23,'rafael'),
 (11282,24,'rafael'),
 (11283,25,'rafael'),
 (11284,153,'rafael'),
 (11285,18,'rafael'),
 (11286,19,'rafael'),
 (11287,20,'rafael'),
 (11288,21,'rafael'),
 (11289,14,'rafael'),
 (11290,15,'rafael'),
 (11291,16,'rafael'),
 (11292,17,'rafael'),
 (11293,162,'rafael'),
 (11294,166,'rafael'),
 (11295,13,'rafael'),
 (11296,6,'rafael'),
 (11297,7,'rafael'),
 (11298,8,'rafael'),
 (11299,9,'rafael'),
 (11300,82,'rafael'),
 (11301,5,'rafael'),
 (11308,101,'rodrigo'),
 (11309,103,'rodrigo'),
 (11310,102,'rodrigo'),
 (11311,100,'rodrigo'),
 (11312,34,'rmatos'),
 (11313,35,'rmatos'),
 (11314,36,'rmatos'),
 (11315,37,'rmatos'),
 (11316,46,'rmatos'),
 (11317,47,'rmatos'),
 (11318,48,'rmatos'),
 (11319,49,'rmatos'),
 (11320,108,'rmatos'),
 (11321,120,'rmatos'),
 (11322,116,'rmatos'),
 (11323,112,'rmatos'),
 (11324,33,'rmatos'),
 (11325,29,'rmatos'),
 (11326,41,'rmatos'),
 (11327,75,'rmatos'),
 (11328,22,'rmatos'),
 (11329,23,'rmatos'),
 (11330,24,'rmatos'),
 (11331,25,'rmatos'),
 (11332,150,'rmatos'),
 (11333,151,'rmatos'),
 (11334,152,'rmatos'),
 (11335,153,'rmatos'),
 (11336,18,'rmatos'),
 (11337,19,'rmatos'),
 (11338,20,'rmatos'),
 (11339,21,'rmatos'),
 (11340,162,'rmatos'),
 (11341,166,'rmatos'),
 (11342,146,'rmatos'),
 (11344,90,'rmatos'),
 (11345,91,'rmatos'),
 (11346,6,'rmatos'),
 (11347,7,'rmatos'),
 (11348,8,'rmatos'),
 (11349,9,'rmatos'),
 (11350,82,'rmatos'),
 (11352,5,'rmatos'),
 (11353,108,'william'),
 (11354,120,'william'),
 (11355,116,'william'),
 (11356,112,'william'),
 (11357,46,'william'),
 (11358,47,'william'),
 (11359,48,'william'),
 (11360,49,'william'),
 (11361,22,'william'),
 (11362,23,'william'),
 (11363,24,'william'),
 (11364,25,'william'),
 (11365,162,'william'),
 (11366,166,'william'),
 (11367,46,'luciano'),
 (11368,47,'luciano'),
 (11369,48,'luciano'),
 (11370,49,'luciano'),
 (11371,34,'luciano'),
 (11372,35,'luciano'),
 (11373,37,'luciano'),
 (11374,85,'luciano'),
 (11375,112,'luciano'),
 (11376,108,'luciano'),
 (11377,120,'luciano'),
 (11378,33,'luciano'),
 (11379,29,'luciano'),
 (11381,14,'luciano'),
 (11382,15,'luciano'),
 (11383,16,'luciano'),
 (11384,17,'luciano'),
 (11385,162,'luciano'),
 (11386,146,'luciano'),
 (11388,166,'luciano'),
 (11389,10,'luciano'),
 (11390,11,'luciano'),
 (11391,12,'luciano'),
 (11392,13,'luciano'),
 (11393,90,'luciano'),
 (11394,91,'luciano'),
 (11395,5,'luciano'),
 (11396,6,'luciano'),
 (11397,7,'luciano'),
 (11398,8,'luciano'),
 (11399,9,'luciano'),
 (11400,82,'luciano'),
 (11401,153,'luciano'),
 (11402,18,'luciano'),
 (11403,19,'luciano'),
 (11404,20,'luciano'),
 (11405,21,'luciano'),
 (11410,10,'alan'),
 (11411,11,'alan'),
 (11412,12,'alan'),
 (11413,13,'alan'),
 (11414,166,'alan'),
 (11415,162,'alan'),
 (11416,153,'alan'),
 (11421,42,'alessandro'),
 (11422,43,'alessandro'),
 (11423,44,'alessandro'),
 (11424,45,'alessandro'),
 (11425,46,'alessandro'),
 (11426,47,'alessandro'),
 (11427,48,'alessandro'),
 (11428,49,'alessandro'),
 (11429,81,'alessandro'),
 (11430,34,'alessandro'),
 (11431,35,'alessandro'),
 (11432,36,'alessandro'),
 (11433,37,'alessandro'),
 (11434,55,'alessandro'),
 (11435,85,'alessandro'),
 (11436,112,'alessandro'),
 (11437,116,'alessandro'),
 (11438,120,'alessandro'),
 (11439,108,'alessandro'),
 (11440,33,'alessandro'),
 (11441,29,'alessandro'),
 (11442,60,'alessandro'),
 (11889,22,'luciano'),
 (11890,23,'luciano'),
 (11891,24,'luciano'),
 (11892,25,'luciano'),
 (11952,2,'clvborges'),
 (11953,3,'clvborges'),
 (11955,5,'clvborges'),
 (11960,10,'clvborges'),
 (11961,11,'clvborges'),
 (11962,12,'clvborges'),
 (11963,13,'clvborges'),
 (11964,14,'clvborges'),
 (11965,15,'clvborges'),
 (11966,16,'clvborges'),
 (11967,17,'clvborges'),
 (11968,18,'clvborges'),
 (11969,19,'clvborges'),
 (11970,20,'clvborges'),
 (11971,21,'clvborges'),
 (11972,22,'clvborges'),
 (11973,23,'clvborges'),
 (11974,24,'clvborges'),
 (11975,25,'clvborges'),
 (11980,30,'clvborges'),
 (11981,31,'clvborges'),
 (11982,32,'clvborges'),
 (11983,33,'clvborges'),
 (11984,34,'clvborges'),
 (11985,35,'clvborges'),
 (11986,36,'clvborges'),
 (11987,37,'clvborges'),
 (11988,38,'clvborges'),
 (11989,39,'clvborges'),
 (11990,40,'clvborges'),
 (11991,41,'clvborges'),
 (11992,42,'clvborges'),
 (11993,43,'clvborges'),
 (11994,44,'clvborges'),
 (11995,45,'clvborges'),
 (11996,46,'clvborges'),
 (11997,47,'clvborges'),
 (11998,48,'clvborges'),
 (11999,49,'clvborges'),
 (12000,55,'clvborges'),
 (12002,57,'clvborges'),
 (12003,58,'clvborges'),
 (12004,59,'clvborges'),
 (12005,60,'clvborges'),
 (12006,61,'clvborges'),
 (12008,63,'clvborges'),
 (12009,64,'clvborges'),
 (12010,65,'clvborges'),
 (12011,66,'clvborges'),
 (12012,68,'clvborges'),
 (12013,70,'clvborges'),
 (12014,71,'clvborges'),
 (12015,72,'clvborges'),
 (12016,73,'clvborges'),
 (12017,74,'clvborges'),
 (12018,75,'clvborges'),
 (12019,76,'clvborges'),
 (12020,77,'clvborges'),
 (12021,78,'clvborges'),
 (12022,79,'clvborges'),
 (12024,81,'clvborges'),
 (12026,83,'clvborges'),
 (12027,84,'clvborges'),
 (12028,85,'clvborges'),
 (12029,86,'clvborges'),
 (12030,87,'clvborges'),
 (12031,88,'clvborges'),
 (12032,89,'clvborges'),
 (12033,90,'clvborges'),
 (12034,91,'clvborges'),
 (12035,92,'clvborges'),
 (12036,93,'clvborges'),
 (12037,94,'clvborges'),
 (12038,95,'clvborges'),
 (12039,96,'clvborges'),
 (12040,97,'clvborges'),
 (12041,98,'clvborges'),
 (12042,99,'clvborges'),
 (12043,100,'clvborges'),
 (12044,101,'clvborges'),
 (12045,102,'clvborges'),
 (12046,103,'clvborges'),
 (12047,104,'clvborges'),
 (12048,105,'clvborges'),
 (12049,106,'clvborges'),
 (12050,107,'clvborges'),
 (12051,108,'clvborges'),
 (12052,109,'clvborges'),
 (12053,110,'clvborges'),
 (12054,111,'clvborges'),
 (12055,112,'clvborges'),
 (12056,113,'clvborges'),
 (12057,114,'clvborges'),
 (12058,115,'clvborges'),
 (12059,116,'clvborges'),
 (12060,117,'clvborges'),
 (12061,118,'clvborges'),
 (12062,119,'clvborges'),
 (12063,120,'clvborges'),
 (12064,121,'clvborges'),
 (12065,122,'clvborges'),
 (12066,123,'clvborges'),
 (12067,124,'clvborges'),
 (12068,125,'clvborges'),
 (12069,126,'clvborges'),
 (12070,127,'clvborges'),
 (12071,128,'clvborges'),
 (12072,129,'clvborges'),
 (12073,130,'clvborges'),
 (12074,131,'clvborges'),
 (12075,132,'clvborges'),
 (12076,133,'clvborges'),
 (12077,134,'clvborges'),
 (12078,135,'clvborges'),
 (12079,136,'clvborges'),
 (12080,137,'clvborges'),
 (12081,138,'clvborges'),
 (12082,139,'clvborges'),
 (12083,140,'clvborges'),
 (12084,141,'clvborges'),
 (12085,142,'clvborges'),
 (12086,143,'clvborges'),
 (12087,144,'clvborges'),
 (12088,145,'clvborges'),
 (12089,146,'clvborges'),
 (12090,147,'clvborges'),
 (12091,148,'clvborges'),
 (12092,149,'clvborges'),
 (12093,150,'clvborges'),
 (12094,151,'clvborges'),
 (12095,152,'clvborges'),
 (12096,153,'clvborges'),
 (12097,154,'clvborges'),
 (12098,155,'clvborges'),
 (12099,156,'clvborges'),
 (12101,159,'clvborges'),
 (12102,160,'clvborges'),
 (12103,161,'clvborges'),
 (12104,162,'clvborges'),
 (12105,163,'clvborges'),
 (12106,164,'clvborges'),
 (12107,165,'clvborges'),
 (12108,166,'clvborges'),
 (12109,167,'clvborges'),
 (12110,6,'clvborges'),
 (12111,7,'clvborges'),
 (12112,8,'clvborges'),
 (12113,9,'clvborges'),
 (12114,82,'clvborges'),
 (12115,80,'clvborges'),
 (12117,158,'clvborges'),
 (12201,6,'alan'),
 (12202,7,'alan'),
 (12203,8,'alan'),
 (12204,9,'alan'),
 (12205,82,'alan'),
 (12206,80,'alan'),
 (12222,34,'mateus'),
 (12223,35,'mateus'),
 (12224,36,'mateus'),
 (12225,37,'mateus'),
 (12226,55,'mateus'),
 (12227,85,'mateus'),
 (12234,112,'mateus'),
 (12235,116,'mateus'),
 (12236,120,'mateus'),
 (12241,33,'mateus'),
 (12242,29,'mateus'),
 (12243,41,'mateus'),
 (12244,75,'mateus'),
 (12245,22,'mateus'),
 (12246,23,'mateus'),
 (12247,24,'mateus'),
 (12248,25,'mateus'),
 (12249,153,'mateus'),
 (12250,79,'mateus'),
 (12251,18,'mateus'),
 (12252,19,'mateus'),
 (12253,20,'mateus'),
 (12254,21,'mateus'),
 (12255,14,'mateus'),
 (12256,15,'mateus'),
 (12257,16,'mateus'),
 (12258,17,'mateus'),
 (12259,162,'mateus'),
 (12260,166,'mateus'),
 (12261,146,'mateus'),
 (12266,90,'mateus'),
 (12267,91,'mateus'),
 (12268,6,'mateus'),
 (12269,7,'mateus'),
 (12270,8,'mateus'),
 (12271,9,'mateus'),
 (12272,82,'mateus'),
 (12273,80,'mateus'),
 (12274,5,'mateus'),
 (12275,108,'mateus'),
 (12276,46,'mateus'),
 (12277,47,'mateus'),
 (12278,48,'mateus'),
 (12279,49,'mateus'),
 (12280,10,'mateus'),
 (12281,11,'mateus'),
 (12282,13,'mateus'),
 (12283,10,'rmatos'),
 (12284,13,'rmatos'),
 (12531,5,'alan'),
 (12532,45,'alan'),
 (12533,46,'alan'),
 (12534,47,'alan'),
 (12535,48,'alan'),
 (12536,49,'alan'),
 (12537,34,'alan'),
 (12538,35,'alan'),
 (12539,36,'alan'),
 (12540,37,'alan'),
 (12541,55,'alan'),
 (12542,85,'alan'),
 (12543,112,'alan'),
 (12544,116,'alan'),
 (12545,120,'alan'),
 (12546,108,'alan'),
 (12547,33,'alan'),
 (12548,29,'alan'),
 (12823,2,'_athenas'),
 (12824,3,'_athenas'),
 (12825,4,'_athenas'),
 (12826,5,'_athenas'),
 (12827,86,'_athenas'),
 (12828,56,'_athenas'),
 (12944,46,'gabriel'),
 (12945,47,'gabriel'),
 (12946,48,'gabriel'),
 (12947,49,'gabriel'),
 (12948,81,'gabriel'),
 (12949,34,'gabriel'),
 (12950,35,'gabriel'),
 (12951,36,'gabriel'),
 (12952,37,'gabriel'),
 (12953,55,'gabriel'),
 (12954,85,'gabriel'),
 (12955,159,'gabriel'),
 (12956,112,'gabriel'),
 (12957,116,'gabriel'),
 (12958,120,'gabriel'),
 (12959,108,'gabriel'),
 (12960,33,'gabriel'),
 (12961,29,'gabriel'),
 (12962,60,'gabriel'),
 (12963,137,'gabriel'),
 (12964,41,'gabriel'),
 (12965,75,'gabriel'),
 (12966,22,'gabriel'),
 (12967,23,'gabriel'),
 (12968,24,'gabriel'),
 (12969,25,'gabriel'),
 (12970,107,'gabriel'),
 (12971,153,'gabriel'),
 (12972,18,'gabriel'),
 (12973,19,'gabriel'),
 (12974,20,'gabriel'),
 (12975,21,'gabriel'),
 (12976,14,'gabriel'),
 (12977,15,'gabriel'),
 (12978,16,'gabriel'),
 (12979,17,'gabriel'),
 (12980,162,'gabriel'),
 (12981,166,'gabriel'),
 (12982,146,'gabriel'),
 (12983,10,'gabriel'),
 (12984,11,'gabriel'),
 (12985,12,'gabriel'),
 (12986,13,'gabriel'),
 (12987,90,'gabriel'),
 (12988,91,'gabriel'),
 (12995,5,'gabriel'),
 (13052,5,'fabiana'),
 (13053,6,'fabiana'),
 (13054,7,'fabiana'),
 (13055,8,'fabiana'),
 (13056,9,'fabiana'),
 (13057,10,'fabiana'),
 (13058,11,'fabiana'),
 (13059,12,'fabiana'),
 (13060,13,'fabiana'),
 (13061,14,'fabiana'),
 (13062,15,'fabiana'),
 (13063,16,'fabiana'),
 (13064,17,'fabiana'),
 (13065,18,'fabiana'),
 (13066,19,'fabiana'),
 (13067,20,'fabiana'),
 (13068,21,'fabiana'),
 (13069,22,'fabiana'),
 (13070,23,'fabiana'),
 (13071,24,'fabiana'),
 (13072,25,'fabiana'),
 (13073,29,'fabiana'),
 (13074,33,'fabiana'),
 (13075,34,'fabiana'),
 (13076,35,'fabiana'),
 (13077,36,'fabiana'),
 (13078,37,'fabiana'),
 (13079,41,'fabiana'),
 (13080,46,'fabiana'),
 (13081,47,'fabiana'),
 (13082,48,'fabiana'),
 (13083,49,'fabiana'),
 (13084,55,'fabiana'),
 (13085,75,'fabiana'),
 (13086,79,'fabiana'),
 (13087,80,'fabiana'),
 (13088,81,'fabiana'),
 (13089,82,'fabiana'),
 (13090,85,'fabiana'),
 (13091,90,'fabiana'),
 (13092,91,'fabiana'),
 (13093,107,'fabiana'),
 (13094,108,'fabiana'),
 (13095,112,'fabiana'),
 (13096,116,'fabiana'),
 (13097,120,'fabiana'),
 (13098,146,'fabiana'),
 (13099,153,'fabiana'),
 (14073,46,'achutti'),
 (14074,47,'achutti'),
 (14075,48,'achutti'),
 (14076,49,'achutti'),
 (14077,81,'achutti'),
 (14078,34,'achutti'),
 (14079,35,'achutti'),
 (14080,36,'achutti'),
 (14081,37,'achutti'),
 (14082,55,'achutti'),
 (14083,85,'achutti'),
 (14084,159,'achutti'),
 (14085,112,'achutti'),
 (14086,116,'achutti'),
 (14087,120,'achutti'),
 (14088,108,'achutti'),
 (14089,84,'achutti'),
 (14090,33,'achutti'),
 (14091,29,'achutti'),
 (14092,100,'achutti'),
 (14093,41,'achutti'),
 (14094,75,'achutti'),
 (14095,22,'achutti'),
 (14096,23,'achutti'),
 (14097,24,'achutti'),
 (14098,25,'achutti'),
 (14099,107,'achutti'),
 (14100,153,'achutti'),
 (14101,79,'achutti'),
 (14102,18,'achutti'),
 (14103,19,'achutti'),
 (14104,20,'achutti'),
 (14105,21,'achutti'),
 (14106,14,'achutti'),
 (14107,15,'achutti'),
 (14108,16,'achutti'),
 (14109,17,'achutti'),
 (14110,162,'achutti'),
 (14111,166,'achutti'),
 (14114,13,'achutti'),
 (14115,6,'achutti'),
 (14116,7,'achutti'),
 (14117,8,'achutti'),
 (14118,9,'achutti'),
 (14119,82,'achutti'),
 (14120,80,'achutti'),
 (14122,6,'leandro'),
 (14123,7,'leandro'),
 (14124,8,'leandro'),
 (14125,9,'leandro'),
 (14127,14,'leandro'),
 (14128,15,'leandro'),
 (14129,16,'leandro'),
 (14130,17,'leandro'),
 (14131,18,'leandro'),
 (14132,19,'leandro'),
 (14133,20,'leandro'),
 (14134,21,'leandro'),
 (14135,22,'leandro'),
 (14136,23,'leandro'),
 (14137,24,'leandro'),
 (14138,25,'leandro'),
 (14139,29,'leandro'),
 (14140,33,'leandro'),
 (14141,34,'leandro'),
 (14142,35,'leandro'),
 (14143,36,'leandro'),
 (14144,37,'leandro'),
 (14145,41,'leandro'),
 (14146,46,'leandro'),
 (14147,47,'leandro'),
 (14148,48,'leandro'),
 (14149,49,'leandro'),
 (14150,55,'leandro'),
 (14151,75,'leandro'),
 (14152,79,'leandro'),
 (14153,80,'leandro'),
 (14154,81,'leandro'),
 (14155,82,'leandro'),
 (14156,84,'leandro'),
 (14157,85,'leandro'),
 (14158,100,'leandro'),
 (14159,107,'leandro'),
 (14160,108,'leandro'),
 (14161,112,'leandro'),
 (14162,116,'leandro'),
 (14163,120,'leandro'),
 (14164,146,'leandro'),
 (14165,148,'leandro'),
 (14166,153,'leandro'),
 (14168,159,'leandro'),
 (14169,162,'leandro'),
 (14170,166,'leandro'),
 (14171,42,'aloisio'),
 (14172,43,'aloisio'),
 (14173,44,'aloisio'),
 (14174,45,'aloisio'),
 (14175,46,'aloisio'),
 (14176,47,'aloisio'),
 (14177,48,'aloisio'),
 (14178,49,'aloisio'),
 (14179,81,'aloisio'),
 (14180,34,'aloisio'),
 (14181,35,'aloisio'),
 (14182,36,'aloisio'),
 (14183,37,'aloisio'),
 (14184,55,'aloisio'),
 (14185,85,'aloisio'),
 (14186,112,'aloisio'),
 (14187,116,'aloisio'),
 (14188,120,'aloisio'),
 (14189,108,'aloisio'),
 (14190,84,'aloisio'),
 (14191,33,'aloisio'),
 (14192,29,'aloisio'),
 (14193,60,'aloisio'),
 (14194,41,'aloisio'),
 (14195,75,'aloisio'),
 (14196,22,'aloisio'),
 (14197,23,'aloisio'),
 (14198,24,'aloisio'),
 (14199,25,'aloisio'),
 (14200,107,'aloisio'),
 (14201,153,'aloisio'),
 (14202,79,'aloisio'),
 (14203,18,'aloisio'),
 (14204,19,'aloisio'),
 (14205,20,'aloisio'),
 (14206,21,'aloisio'),
 (14212,166,'aloisio'),
 (14213,146,'aloisio'),
 (14214,13,'aloisio'),
 (14215,6,'aloisio'),
 (14216,7,'aloisio'),
 (14217,8,'aloisio'),
 (14218,9,'aloisio'),
 (14219,82,'aloisio'),
 (14220,80,'aloisio'),
 (14233,116,'marcio'),
 (14234,120,'marcio'),
 (14235,108,'marcio'),
 (14236,33,'marcio'),
 (14237,29,'marcio'),
 (14238,41,'marcio'),
 (14239,75,'marcio'),
 (14240,22,'marcio'),
 (14241,23,'marcio'),
 (14242,24,'marcio'),
 (14243,25,'marcio'),
 (14244,153,'marcio'),
 (14245,79,'marcio'),
 (14246,18,'marcio'),
 (14247,19,'marcio'),
 (14248,20,'marcio'),
 (14249,21,'marcio'),
 (14250,14,'marcio'),
 (14251,16,'marcio'),
 (14252,17,'marcio'),
 (14253,162,'marcio'),
 (14254,166,'marcio'),
 (14255,146,'marcio'),
 (14256,13,'marcio'),
 (14257,90,'marcio'),
 (14258,91,'marcio'),
 (14259,6,'marcio'),
 (14260,7,'marcio'),
 (14261,8,'marcio'),
 (14262,9,'marcio'),
 (14263,82,'marcio'),
 (14264,80,'marcio'),
 (14265,5,'marcio'),
 (14266,45,'marcio'),
 (14267,46,'marcio'),
 (14268,47,'marcio'),
 (14269,48,'marcio'),
 (14270,49,'marcio'),
 (14271,34,'marcio'),
 (14272,35,'marcio'),
 (14273,36,'marcio'),
 (14274,37,'marcio'),
 (14275,85,'marcio'),
 (14276,112,'marcio'),
 (14281,46,'portela'),
 (14282,47,'portela'),
 (14283,48,'portela'),
 (14284,49,'portela'),
 (14285,81,'portela'),
 (14286,34,'portela'),
 (14287,35,'portela'),
 (14288,36,'portela'),
 (14289,37,'portela'),
 (14290,55,'portela'),
 (14291,85,'portela'),
 (14292,112,'portela'),
 (14293,116,'portela'),
 (14294,120,'portela'),
 (14295,108,'portela'),
 (14296,33,'portela'),
 (14297,29,'portela'),
 (14298,60,'portela'),
 (14299,41,'portela'),
 (14300,75,'portela'),
 (14301,22,'portela'),
 (14302,23,'portela'),
 (14303,24,'portela'),
 (14304,25,'portela'),
 (14305,107,'portela'),
 (14306,153,'portela'),
 (14307,79,'portela'),
 (14308,18,'portela'),
 (14309,19,'portela'),
 (14310,20,'portela'),
 (14311,21,'portela'),
 (14312,14,'portela'),
 (14313,15,'portela'),
 (14314,16,'portela'),
 (14315,17,'portela'),
 (14316,162,'portela'),
 (14317,166,'portela'),
 (14318,146,'portela'),
 (14319,10,'portela'),
 (14320,11,'portela'),
 (14321,12,'portela'),
 (14322,13,'portela'),
 (14323,90,'portela'),
 (14324,91,'portela'),
 (14325,6,'portela'),
 (14326,7,'portela'),
 (14327,8,'portela'),
 (14328,9,'portela'),
 (14329,82,'portela'),
 (14330,80,'portela'),
 (14332,5,'portela'),
 (14333,45,'leonardo'),
 (14334,46,'leonardo'),
 (14335,47,'leonardo'),
 (14336,48,'leonardo'),
 (14337,49,'leonardo'),
 (14338,34,'leonardo'),
 (14339,35,'leonardo'),
 (14340,36,'leonardo'),
 (14341,37,'leonardo'),
 (14342,85,'leonardo'),
 (14343,112,'leonardo'),
 (14344,116,'leonardo'),
 (14345,121,'leonardo'),
 (14346,123,'leonardo'),
 (14347,122,'leonardo'),
 (14348,120,'leonardo'),
 (14349,108,'leonardo'),
 (14350,33,'leonardo'),
 (14351,29,'leonardo'),
 (14352,41,'leonardo'),
 (14353,72,'leonardo'),
 (14354,73,'leonardo'),
 (14355,74,'leonardo'),
 (14356,75,'leonardo'),
 (14357,22,'leonardo'),
 (14358,23,'leonardo'),
 (14359,24,'leonardo'),
 (14360,25,'leonardo'),
 (14361,153,'leonardo'),
 (14362,79,'leonardo'),
 (14363,18,'leonardo'),
 (14364,19,'leonardo'),
 (14365,20,'leonardo'),
 (14366,21,'leonardo'),
 (14368,162,'leonardo'),
 (14369,166,'leonardo'),
 (14370,146,'leonardo'),
 (14371,10,'leonardo'),
 (14372,11,'leonardo'),
 (14373,12,'leonardo'),
 (14374,13,'leonardo'),
 (14375,90,'leonardo'),
 (14376,91,'leonardo'),
 (14377,6,'leonardo'),
 (14378,7,'leonardo'),
 (14379,8,'leonardo'),
 (14380,9,'leonardo'),
 (14381,82,'leonardo'),
 (14382,80,'leonardo'),
 (14383,5,'leonardo'),
 (14385,162,'aloisio'),
 (14386,146,'achutti'),
 (14387,14,'aloisio'),
 (14388,15,'aloisio'),
 (14389,16,'aloisio'),
 (14390,17,'aloisio'),
 (14391,14,'leonardo'),
 (14392,15,'leonardo'),
 (14393,16,'leonardo'),
 (14394,17,'leonardo'),
 (14402,10,'cleverson'),
 (14403,11,'cleverson'),
 (14404,12,'cleverson'),
 (14405,13,'cleverson'),
 (14406,14,'cleverson'),
 (14407,15,'cleverson'),
 (14408,16,'cleverson'),
 (14409,17,'cleverson'),
 (14410,18,'cleverson'),
 (14411,19,'cleverson'),
 (14412,20,'cleverson'),
 (14413,21,'cleverson'),
 (14414,22,'cleverson'),
 (14415,23,'cleverson'),
 (14416,24,'cleverson'),
 (14417,25,'cleverson'),
 (14422,30,'cleverson'),
 (14423,31,'cleverson'),
 (14424,32,'cleverson'),
 (14425,33,'cleverson'),
 (14426,34,'cleverson'),
 (14427,35,'cleverson'),
 (14428,36,'cleverson'),
 (14429,37,'cleverson'),
 (14430,38,'cleverson'),
 (14431,39,'cleverson'),
 (14432,40,'cleverson'),
 (14433,41,'cleverson'),
 (14434,42,'cleverson'),
 (14435,43,'cleverson'),
 (14436,44,'cleverson'),
 (14437,45,'cleverson'),
 (14438,46,'cleverson'),
 (14439,47,'cleverson'),
 (14440,48,'cleverson'),
 (14441,49,'cleverson'),
 (14442,55,'cleverson'),
 (14449,63,'cleverson'),
 (14450,64,'cleverson'),
 (14451,65,'cleverson'),
 (14452,66,'cleverson'),
 (14456,72,'cleverson'),
 (14457,73,'cleverson'),
 (14458,74,'cleverson'),
 (14459,75,'cleverson'),
 (14460,76,'cleverson'),
 (14461,77,'cleverson'),
 (14462,78,'cleverson'),
 (14463,79,'cleverson'),
 (14465,81,'cleverson'),
 (14467,83,'cleverson'),
 (14468,84,'cleverson'),
 (14469,85,'cleverson'),
 (14471,87,'cleverson'),
 (14472,88,'cleverson'),
 (14473,89,'cleverson'),
 (14474,90,'cleverson'),
 (14475,91,'cleverson'),
 (14476,92,'cleverson'),
 (14477,93,'cleverson'),
 (14478,94,'cleverson'),
 (14479,95,'cleverson'),
 (14480,96,'cleverson'),
 (14481,97,'cleverson'),
 (14482,98,'cleverson'),
 (14483,99,'cleverson'),
 (14484,100,'cleverson'),
 (14485,101,'cleverson'),
 (14486,102,'cleverson'),
 (14487,103,'cleverson'),
 (14491,107,'cleverson'),
 (14492,108,'cleverson'),
 (14493,109,'cleverson'),
 (14494,110,'cleverson'),
 (14495,111,'cleverson'),
 (14496,112,'cleverson'),
 (14497,113,'cleverson'),
 (14498,114,'cleverson'),
 (14499,115,'cleverson'),
 (14500,116,'cleverson'),
 (14501,117,'cleverson'),
 (14502,118,'cleverson'),
 (14503,119,'cleverson'),
 (14504,120,'cleverson'),
 (14505,121,'cleverson'),
 (14506,122,'cleverson'),
 (14507,123,'cleverson'),
 (14508,124,'cleverson'),
 (14509,125,'cleverson'),
 (14510,126,'cleverson'),
 (14511,127,'cleverson'),
 (14512,128,'cleverson'),
 (14513,129,'cleverson'),
 (14514,130,'cleverson'),
 (14515,131,'cleverson'),
 (14516,132,'cleverson'),
 (14517,133,'cleverson'),
 (14518,134,'cleverson'),
 (14519,135,'cleverson'),
 (14520,136,'cleverson'),
 (14521,137,'cleverson'),
 (14526,142,'cleverson'),
 (14527,143,'cleverson'),
 (14528,144,'cleverson'),
 (14529,145,'cleverson'),
 (14530,146,'cleverson'),
 (14531,147,'cleverson'),
 (14532,148,'cleverson'),
 (14533,149,'cleverson'),
 (14534,150,'cleverson'),
 (14535,151,'cleverson'),
 (14536,152,'cleverson'),
 (14537,153,'cleverson'),
 (14538,154,'cleverson'),
 (14543,159,'cleverson'),
 (14544,160,'cleverson'),
 (14545,161,'cleverson'),
 (14546,162,'cleverson'),
 (14547,163,'cleverson'),
 (14548,164,'cleverson'),
 (14549,165,'cleverson'),
 (14550,166,'cleverson'),
 (14551,167,'cleverson'),
 (14553,2,''),
 (14554,3,''),
 (14555,4,''),
 (14556,5,''),
 (14557,6,''),
 (14558,7,''),
 (14559,8,''),
 (14560,9,''),
 (14561,10,''),
 (14562,11,''),
 (14563,12,''),
 (14564,13,''),
 (14565,14,''),
 (14566,15,''),
 (14567,16,''),
 (14568,17,''),
 (14569,18,''),
 (14570,19,''),
 (14571,20,''),
 (14572,21,''),
 (14573,22,''),
 (14574,23,''),
 (14575,24,''),
 (14576,25,''),
 (14581,30,''),
 (14582,31,''),
 (14583,32,''),
 (14584,33,''),
 (14585,34,''),
 (14586,35,''),
 (14587,36,''),
 (14588,37,''),
 (14589,38,''),
 (14590,39,''),
 (14591,40,''),
 (14592,41,''),
 (14593,42,''),
 (14594,43,''),
 (14595,44,''),
 (14596,45,''),
 (14597,46,''),
 (14598,47,''),
 (14599,48,''),
 (14600,49,''),
 (14601,55,''),
 (14603,57,''),
 (14604,58,''),
 (14605,59,''),
 (14606,60,''),
 (14607,61,''),
 (14609,63,''),
 (14610,64,''),
 (14611,65,''),
 (14612,66,''),
 (14613,68,''),
 (14614,70,''),
 (14615,71,''),
 (14616,72,''),
 (14617,73,''),
 (14618,74,''),
 (14619,75,''),
 (14620,76,''),
 (14621,77,''),
 (14622,78,''),
 (14623,79,''),
 (14624,80,''),
 (14625,81,''),
 (14626,82,''),
 (14627,83,''),
 (14628,84,''),
 (14629,85,''),
 (14630,86,''),
 (14631,87,''),
 (14632,88,''),
 (14633,89,''),
 (14634,90,''),
 (14635,91,''),
 (14636,92,''),
 (14637,93,''),
 (14638,94,''),
 (14639,95,''),
 (14640,96,''),
 (14641,97,''),
 (14642,98,''),
 (14643,99,''),
 (14644,100,''),
 (14645,101,''),
 (14646,102,''),
 (14647,103,''),
 (14648,104,''),
 (14649,105,''),
 (14650,106,''),
 (14651,107,''),
 (14652,108,''),
 (14653,109,''),
 (14654,110,''),
 (14655,111,''),
 (14656,112,''),
 (14657,113,''),
 (14658,114,''),
 (14659,115,''),
 (14660,116,''),
 (14661,117,''),
 (14662,118,''),
 (14663,119,''),
 (14664,120,''),
 (14665,121,''),
 (14666,122,''),
 (14667,123,''),
 (14668,124,''),
 (14669,125,''),
 (14670,126,''),
 (14671,127,''),
 (14672,128,''),
 (14673,129,''),
 (14674,130,''),
 (14675,131,''),
 (14676,132,''),
 (14677,133,''),
 (14678,134,''),
 (14679,135,''),
 (14680,136,''),
 (14681,137,''),
 (14682,138,''),
 (14683,139,''),
 (14684,140,''),
 (14685,141,''),
 (14686,142,''),
 (14687,143,''),
 (14688,144,''),
 (14689,145,''),
 (14690,146,''),
 (14691,147,''),
 (14692,148,''),
 (14693,149,''),
 (14694,150,''),
 (14695,151,''),
 (14696,152,''),
 (14697,153,''),
 (14698,154,''),
 (14699,155,''),
 (14700,156,''),
 (14702,159,''),
 (14703,160,''),
 (14704,161,''),
 (14705,162,''),
 (14706,163,''),
 (14707,164,''),
 (14708,165,''),
 (14709,166,''),
 (14710,167,''),
 (14935,42,'portela'),
 (14936,43,'portela'),
 (14937,44,'portela'),
 (14938,45,'portela'),
 (15101,14,'analet'),
 (15102,15,'analet'),
 (15103,17,'analet'),
 (15104,18,'analet'),
 (15105,19,'analet'),
 (15106,20,'analet'),
 (15107,21,'analet'),
 (15108,14,'ingrid'),
 (15109,15,'ingrid'),
 (15110,17,'ingrid'),
 (15111,18,'ingrid'),
 (15112,19,'ingrid'),
 (15113,20,'ingrid'),
 (15114,21,'ingrid'),
 (15159,18,'andre'),
 (15160,19,'andre'),
 (15161,20,'andre'),
 (15162,21,'andre'),
 (15163,14,'andre'),
 (15164,16,'andre'),
 (15165,17,'andre'),
 (15166,42,'mauro'),
 (15167,43,'mauro'),
 (15168,44,'mauro'),
 (15169,45,'mauro'),
 (15170,46,'mauro'),
 (15171,47,'mauro'),
 (15172,48,'mauro'),
 (15173,49,'mauro'),
 (15174,81,'mauro'),
 (15175,34,'mauro'),
 (15176,35,'mauro'),
 (15177,36,'mauro'),
 (15178,37,'mauro'),
 (15179,55,'mauro'),
 (15180,85,'mauro'),
 (15181,113,'mauro'),
 (15182,115,'mauro'),
 (15183,114,'mauro'),
 (15184,112,'mauro'),
 (15185,117,'mauro'),
 (15186,119,'mauro'),
 (15187,118,'mauro'),
 (15188,116,'mauro'),
 (15189,121,'mauro'),
 (15190,123,'mauro'),
 (15191,122,'mauro'),
 (15192,120,'mauro'),
 (15193,109,'mauro'),
 (15194,111,'mauro'),
 (15195,110,'mauro'),
 (15196,108,'mauro'),
 (15197,30,'mauro'),
 (15198,31,'mauro'),
 (15199,32,'mauro'),
 (15200,33,'mauro'),
 (15205,57,'mauro'),
 (15206,58,'mauro'),
 (15207,59,'mauro'),
 (15208,60,'mauro'),
 (15209,131,'mauro'),
 (15210,132,'mauro'),
 (15211,133,'mauro'),
 (15212,130,'mauro'),
 (15213,93,'mauro'),
 (15214,94,'mauro'),
 (15215,95,'mauro'),
 (15216,96,'mauro'),
 (15217,63,'mauro'),
 (15218,64,'mauro'),
 (15219,65,'mauro'),
 (15220,66,'mauro'),
 (15221,98,'mauro'),
 (15222,99,'mauro'),
 (15223,97,'mauro'),
 (15224,154,'mauro'),
 (15228,128,'mauro'),
 (15229,138,'mauro'),
 (15230,140,'mauro'),
 (15231,141,'mauro'),
 (15232,139,'mauro'),
 (15233,142,'mauro'),
 (15234,143,'mauro'),
 (15235,144,'mauro'),
 (15236,145,'mauro'),
 (15237,92,'mauro'),
 (15238,101,'mauro'),
 (15239,103,'mauro'),
 (15240,102,'mauro'),
 (15241,100,'mauro'),
 (15242,125,'mauro'),
 (15243,126,'mauro'),
 (15244,127,'mauro'),
 (15245,124,'mauro'),
 (15246,129,'mauro'),
 (15247,134,'mauro'),
 (15248,135,'mauro'),
 (15249,136,'mauro'),
 (15250,137,'mauro'),
 (15254,38,'mauro'),
 (15255,39,'mauro'),
 (15256,40,'mauro'),
 (15257,41,'mauro'),
 (15258,72,'mauro'),
 (15259,73,'mauro'),
 (15260,74,'mauro'),
 (15261,75,'mauro'),
 (15262,22,'mauro'),
 (15263,23,'mauro'),
 (15264,24,'mauro'),
 (15265,25,'mauro'),
 (15266,107,'mauro'),
 (15267,150,'mauro'),
 (15268,151,'mauro'),
 (15269,152,'mauro'),
 (15270,153,'mauro'),
 (15271,76,'mauro'),
 (15272,77,'mauro'),
 (15273,78,'mauro'),
 (15274,79,'mauro'),
 (15275,18,'mauro'),
 (15276,19,'mauro'),
 (15277,20,'mauro'),
 (15278,21,'mauro'),
 (15279,14,'mauro'),
 (15280,15,'mauro'),
 (15281,16,'mauro'),
 (15282,17,'mauro'),
 (15283,162,'mauro'),
 (15284,166,'mauro'),
 (15285,147,'mauro'),
 (15286,148,'mauro'),
 (15287,149,'mauro'),
 (15288,146,'mauro'),
 (15289,10,'mauro'),
 (15290,11,'mauro'),
 (15291,12,'mauro'),
 (15292,13,'mauro'),
 (15293,87,'mauro'),
 (15294,88,'mauro'),
 (15295,89,'mauro'),
 (15296,90,'mauro'),
 (15297,91,'mauro'),
 (15298,6,'mauro'),
 (15299,7,'mauro'),
 (15300,8,'mauro'),
 (15301,9,'mauro'),
 (15302,82,'mauro'),
 (15303,80,'mauro'),
 (15305,3,'mauro'),
 (15306,5,'mauro'),
 (15307,2,'rodrigo'),
 (15308,3,'rodrigo'),
 (15309,4,'rodrigo'),
 (15310,5,'rodrigo'),
 (15311,86,'rodrigo'),
 (15312,56,'rodrigo'),
 (15313,6,'gabriel'),
 (15314,7,'gabriel'),
 (15315,8,'gabriel'),
 (15316,9,'gabriel'),
 (15317,82,'gabriel'),
 (15318,80,'gabriel'),
 (15347,14,'vargas'),
 (15348,15,'vargas'),
 (15349,16,'vargas'),
 (15350,17,'vargas'),
 (15351,34,'vargas'),
 (15352,35,'vargas'),
 (15353,36,'vargas'),
 (15354,37,'vargas'),
 (15355,46,'vargas'),
 (15356,47,'vargas'),
 (15357,48,'vargas'),
 (15358,49,'vargas'),
 (15359,108,'vargas'),
 (15360,120,'vargas'),
 (15361,116,'vargas'),
 (15362,112,'vargas'),
 (15363,33,'vargas'),
 (15364,29,'vargas'),
 (15365,41,'vargas'),
 (15366,75,'vargas'),
 (15367,22,'vargas'),
 (15368,23,'vargas'),
 (15369,24,'vargas'),
 (15370,25,'vargas'),
 (15375,18,'vargas'),
 (15376,19,'vargas'),
 (15377,20,'vargas'),
 (15378,21,'vargas'),
 (15379,162,'vargas'),
 (15380,166,'vargas'),
 (15381,146,'vargas'),
 (15390,5,'vargas'),
 (15391,10,'vargas'),
 (15392,13,'vargas'),
 (15393,153,'vargas'),
 (15394,6,'vargas'),
 (15395,7,'vargas'),
 (15396,8,'vargas'),
 (15397,9,'vargas'),
 (15398,82,'vargas'),
 (15461,6,'fabiano'),
 (15462,7,'fabiano'),
 (15463,8,'fabiano'),
 (15464,9,'fabiano'),
 (15465,82,'fabiano'),
 (15466,80,'fabiano'),
 (15472,46,'barbara'),
 (15473,47,'barbara'),
 (15474,48,'barbara'),
 (15475,49,'barbara'),
 (15476,81,'barbara'),
 (15477,30,'barbara'),
 (15478,31,'barbara'),
 (15479,32,'barbara'),
 (15480,33,'barbara'),
 (15481,131,'barbara'),
 (15482,132,'barbara'),
 (15483,133,'barbara'),
 (15484,130,'barbara'),
 (15485,93,'barbara'),
 (15486,94,'barbara'),
 (15487,95,'barbara'),
 (15488,96,'barbara'),
 (15489,63,'barbara'),
 (15490,64,'barbara'),
 (15491,65,'barbara'),
 (15492,66,'barbara'),
 (15493,98,'barbara'),
 (15494,99,'barbara'),
 (15495,97,'barbara'),
 (15496,154,'barbara'),
 (15500,128,'barbara'),
 (15506,142,'barbara'),
 (15507,143,'barbara'),
 (15508,144,'barbara'),
 (15509,145,'barbara'),
 (15510,92,'barbara'),
 (15511,100,'barbara'),
 (15512,125,'barbara'),
 (15513,126,'barbara'),
 (15514,127,'barbara'),
 (15515,124,'barbara'),
 (15516,129,'barbara'),
 (15517,134,'barbara'),
 (15518,135,'barbara'),
 (15519,136,'barbara'),
 (15520,137,'barbara'),
 (15524,38,'barbara'),
 (15525,39,'barbara'),
 (15526,40,'barbara'),
 (15527,41,'barbara'),
 (15528,18,'barbara'),
 (15529,19,'barbara'),
 (15530,20,'barbara'),
 (15531,21,'barbara'),
 (15532,14,'barbara'),
 (15533,17,'barbara'),
 (15579,84,'aless'),
 (15716,10,'leandro'),
 (15717,11,'leandro'),
 (15718,12,'leandro'),
 (15719,13,'leandro'),
 (15775,178,'rodrigo'),
 (15776,179,'rodrigo'),
 (15777,180,'rodrigo'),
 (15778,181,'rodrigo'),
 (15779,174,'rodrigo'),
 (15780,175,'rodrigo'),
 (15781,176,'rodrigo'),
 (15782,177,'rodrigo'),
 (15783,182,'rodrigo'),
 (15784,183,'rodrigo'),
 (15785,184,'rodrigo'),
 (15786,185,'rodrigo'),
 (15787,170,'rodrigo'),
 (15788,172,'rodrigo'),
 (15789,171,'rodrigo'),
 (15790,173,'rodrigo'),
 (15795,22,'rodrigo'),
 (15796,23,'rodrigo'),
 (15797,24,'rodrigo'),
 (15798,25,'rodrigo'),
 (15799,107,'rodrigo'),
 (15800,6,'rodrigo'),
 (15801,7,'rodrigo'),
 (15802,8,'rodrigo'),
 (15803,9,'rodrigo'),
 (15804,169,'rodrigo'),
 (15805,82,'rodrigo'),
 (15806,80,'rodrigo'),
 (15808,158,'rodrigo'),
 (15810,6,'barbara'),
 (15811,7,'barbara'),
 (15812,9,'barbara'),
 (15813,82,'barbara'),
 (15814,80,'barbara'),
 (16239,162,'vinicius'),
 (16240,166,'vinicius'),
 (16284,46,'vinicius'),
 (16285,47,'vinicius'),
 (16286,48,'vinicius'),
 (16287,49,'vinicius'),
 (16288,18,'vinicius'),
 (16289,21,'vinicius'),
 (16292,146,'vinicius'),
 (16293,61,'_athenas'),
 (16294,187,'_athenas'),
 (16305,2,'cleverson'),
 (16306,3,'cleverson'),
 (16307,4,'cleverson'),
 (16308,5,'cleverson'),
 (16309,86,'cleverson'),
 (16310,56,'cleverson'),
 (16317,173,'glauber'),
 (16322,173,'leonardo'),
 (16325,171,'mauro'),
 (16328,171,'marcio'),
 (16333,61,'cleverson'),
 (16334,187,'cleverson'),
 (16335,178,'cleverson'),
 (16336,179,'cleverson'),
 (16337,180,'cleverson'),
 (16338,181,'cleverson'),
 (16339,174,'cleverson'),
 (16340,175,'cleverson'),
 (16341,176,'cleverson'),
 (16342,177,'cleverson'),
 (16343,182,'cleverson'),
 (16344,183,'cleverson'),
 (16345,184,'cleverson'),
 (16346,185,'cleverson'),
 (16347,170,'gau_cleverson'),
 (16348,172,'gau_cleverson'),
 (16349,188,'gau_cleverson'),
 (16350,171,'gau_cleverson'),
 (16351,106,'barbara'),
 (16352,186,'barbara'),
 (16353,104,'barbara'),
 (16354,105,'barbara'),
 (16359,30,'everton'),
 (16360,31,'everton'),
 (16361,33,'everton'),
 (16542,138,'barbara'),
 (16543,140,'barbara'),
 (16544,141,'barbara'),
 (16545,139,'barbara'),
 (16546,155,'barbara'),
 (16547,156,'barbara'),
 (16558,6,'cleverson'),
 (16559,7,'cleverson'),
 (16560,8,'cleverson'),
 (16561,9,'cleverson'),
 (16562,169,'cleverson'),
 (16563,82,'cleverson'),
 (16564,80,'cleverson'),
 (16566,158,'cleverson'),
 (16581,138,'cleverson'),
 (16582,140,'cleverson'),
 (16583,141,'cleverson'),
 (16584,139,'cleverson'),
 (16585,155,'cleverson'),
 (16586,156,'cleverson'),
 (16587,138,'everton'),
 (16588,140,'everton'),
 (16662,171,'ezequiel'),
 (16663,173,'ezequiel'),
 (16664,170,'gau_teste'),
 (16665,172,'gau_teste'),
 (16666,188,'gau_teste'),
 (16667,171,'gau_teste'),
 (16678,171,'vargas'),
 (16679,173,'vargas'),
 (16680,171,'vinicius'),
 (16681,173,'vinicius'),
 (16682,6,'vinicius'),
 (16683,7,'vinicius'),
 (16684,8,'vinicius'),
 (16685,9,'vinicius'),
 (16686,82,'vinicius'),
 (16693,170,'gau_neto'),
 (16694,172,'gau_neto'),
 (16695,188,'gau_neto'),
 (16696,171,'gau_neto'),
 (16697,18,'gau_neto'),
 (16698,19,'gau_neto'),
 (16699,20,'gau_neto'),
 (16700,21,'gau_neto'),
 (16701,18,'gau_cleverson'),
 (16702,19,'gau_cleverson'),
 (16703,20,'gau_cleverson'),
 (16704,21,'gau_cleverson'),
 (16705,18,'gau_teste'),
 (16706,19,'gau_teste'),
 (16707,20,'gau_teste'),
 (16708,21,'gau_teste'),
 (16712,7,'gau_teste'),
 (16713,9,'gau_teste'),
 (16714,82,'gau_teste'),
 (16716,7,'gau_neto'),
 (16717,9,'gau_neto'),
 (16718,82,'gau_neto'),
 (16720,7,'gau_cleverson'),
 (16721,9,'gau_cleverson'),
 (16722,82,'gau_cleverson'),
 (16724,14,'vinicius'),
 (16725,15,'vinicius'),
 (16726,16,'vinicius'),
 (16727,17,'vinicius'),
 (16775,42,'kiko'),
 (16776,43,'kiko'),
 (16777,44,'kiko'),
 (16778,45,'kiko'),
 (16779,46,'kiko'),
 (16780,47,'kiko'),
 (16781,48,'kiko'),
 (16782,49,'kiko'),
 (16783,81,'kiko'),
 (16784,34,'kiko'),
 (16785,35,'kiko'),
 (16786,36,'kiko'),
 (16787,37,'kiko'),
 (16788,55,'kiko'),
 (16789,85,'kiko'),
 (16790,109,'kiko'),
 (16791,111,'kiko'),
 (16792,110,'kiko'),
 (16793,108,'kiko'),
 (16794,113,'kiko'),
 (16795,115,'kiko'),
 (16796,114,'kiko'),
 (16797,112,'kiko'),
 (16798,117,'kiko'),
 (16799,119,'kiko'),
 (16800,118,'kiko'),
 (16801,116,'kiko'),
 (16802,121,'kiko'),
 (16803,123,'kiko'),
 (16804,122,'kiko'),
 (16805,120,'kiko'),
 (16806,171,'kiko'),
 (16807,30,'kiko'),
 (16808,31,'kiko'),
 (16809,32,'kiko'),
 (16810,33,'kiko'),
 (16815,57,'kiko'),
 (16816,58,'kiko'),
 (16817,59,'kiko'),
 (16818,60,'kiko'),
 (16819,61,'kiko'),
 (16820,83,'kiko'),
 (16821,131,'kiko'),
 (16822,132,'kiko'),
 (16823,133,'kiko'),
 (16824,130,'kiko'),
 (16825,93,'kiko'),
 (16826,94,'kiko'),
 (16827,95,'kiko'),
 (16828,96,'kiko'),
 (16829,63,'kiko'),
 (16830,64,'kiko'),
 (16831,65,'kiko'),
 (16832,66,'kiko'),
 (16833,98,'kiko'),
 (16834,99,'kiko'),
 (16835,97,'kiko'),
 (16839,154,'kiko'),
 (16840,128,'kiko'),
 (16841,138,'kiko'),
 (16842,140,'kiko'),
 (16843,141,'kiko'),
 (16844,139,'kiko'),
 (16845,155,'kiko'),
 (16846,142,'kiko'),
 (16847,143,'kiko'),
 (16848,144,'kiko'),
 (16849,145,'kiko'),
 (16850,92,'kiko'),
 (16851,101,'kiko'),
 (16852,103,'kiko'),
 (16853,102,'kiko'),
 (16854,100,'kiko'),
 (16855,125,'kiko'),
 (16856,126,'kiko'),
 (16857,127,'kiko'),
 (16858,124,'kiko'),
 (16859,129,'kiko'),
 (16860,134,'kiko'),
 (16861,135,'kiko'),
 (16862,136,'kiko'),
 (16863,137,'kiko'),
 (16864,106,'kiko'),
 (16865,186,'kiko'),
 (16866,104,'kiko'),
 (16867,105,'kiko'),
 (16868,38,'kiko'),
 (16869,39,'kiko'),
 (16870,40,'kiko'),
 (16871,41,'kiko'),
 (16872,72,'kiko'),
 (16873,73,'kiko'),
 (16874,74,'kiko'),
 (16875,75,'kiko'),
 (16876,22,'kiko'),
 (16877,23,'kiko'),
 (16878,24,'kiko'),
 (16879,25,'kiko'),
 (16880,150,'kiko'),
 (16881,151,'kiko'),
 (16882,152,'kiko'),
 (16883,153,'kiko'),
 (16884,76,'kiko'),
 (16885,77,'kiko'),
 (16886,78,'kiko'),
 (16887,79,'kiko'),
 (16888,18,'kiko'),
 (16889,19,'kiko'),
 (16890,20,'kiko'),
 (16891,21,'kiko'),
 (16892,14,'kiko'),
 (16893,15,'kiko'),
 (16894,16,'kiko'),
 (16895,17,'kiko'),
 (16898,147,'kiko'),
 (16899,148,'kiko'),
 (16900,149,'kiko'),
 (16901,146,'kiko'),
 (16902,10,'kiko'),
 (16903,11,'kiko'),
 (16904,12,'kiko'),
 (16905,13,'kiko'),
 (16906,87,'kiko'),
 (16907,88,'kiko'),
 (16908,89,'kiko'),
 (16909,90,'kiko'),
 (16910,91,'kiko'),
 (16911,6,'kiko'),
 (16912,7,'kiko'),
 (16913,8,'kiko'),
 (16914,9,'kiko'),
 (16915,82,'kiko'),
 (16916,80,'kiko'),
 (16960,42,'larissa'),
 (16961,45,'larissa'),
 (16962,46,'larissa'),
 (16963,47,'larissa'),
 (16964,48,'larissa'),
 (16965,49,'larissa'),
 (16966,81,'larissa'),
 (16967,34,'larissa'),
 (16968,35,'larissa'),
 (16969,36,'larissa'),
 (16970,37,'larissa'),
 (16971,55,'larissa'),
 (16972,85,'larissa'),
 (16973,159,'larissa'),
 (16974,30,'larissa'),
 (16975,31,'larissa'),
 (16976,33,'larissa'),
 (16980,60,'larissa'),
 (16981,131,'larissa'),
 (16982,132,'larissa'),
 (16983,133,'larissa'),
 (16984,130,'larissa'),
 (16985,93,'larissa'),
 (16986,94,'larissa'),
 (16987,95,'larissa'),
 (16988,96,'larissa'),
 (16989,63,'larissa'),
 (16990,64,'larissa'),
 (16991,65,'larissa'),
 (16992,66,'larissa'),
 (16993,98,'larissa'),
 (16994,99,'larissa'),
 (16995,97,'larissa'),
 (16999,154,'larissa'),
 (17000,128,'larissa'),
 (17001,138,'larissa'),
 (17002,140,'larissa'),
 (17003,141,'larissa'),
 (17004,139,'larissa'),
 (17005,155,'larissa'),
 (17006,156,'larissa'),
 (17007,142,'larissa'),
 (17008,143,'larissa'),
 (17009,144,'larissa'),
 (17010,145,'larissa'),
 (17011,92,'larissa'),
 (17012,100,'larissa'),
 (17013,134,'larissa'),
 (17014,135,'larissa'),
 (17015,137,'larissa'),
 (17019,38,'larissa'),
 (17020,39,'larissa'),
 (17021,41,'larissa'),
 (17022,73,'larissa'),
 (17023,75,'larissa'),
 (17024,22,'larissa'),
 (17025,23,'larissa'),
 (17026,24,'larissa'),
 (17027,25,'larissa'),
 (17028,150,'larissa'),
 (17029,151,'larissa'),
 (17030,153,'larissa'),
 (17031,79,'larissa'),
 (17032,18,'larissa'),
 (17033,19,'larissa'),
 (17034,20,'larissa'),
 (17035,21,'larissa'),
 (17036,14,'larissa'),
 (17037,15,'larissa'),
 (17038,16,'larissa'),
 (17039,17,'larissa'),
 (17040,160,'larissa'),
 (17041,161,'larissa'),
 (17042,163,'larissa'),
 (17043,162,'larissa'),
 (17044,164,'larissa'),
 (17045,165,'larissa'),
 (17046,167,'larissa'),
 (17047,166,'larissa'),
 (17048,147,'larissa'),
 (17049,148,'larissa'),
 (17050,149,'larissa'),
 (17051,146,'larissa'),
 (17056,90,'larissa'),
 (17057,91,'larissa'),
 (17058,6,'larissa'),
 (17059,7,'larissa'),
 (17060,8,'larissa'),
 (17061,9,'larissa'),
 (17062,82,'larissa'),
 (17064,5,'larissa'),
 (17065,171,'gabriel'),
 (17127,170,'cleverson'),
 (17128,172,'cleverson'),
 (17129,188,'cleverson'),
 (17130,171,'cleverson'),
 (17131,173,'cleverson'),
 (17232,170,'gau_ezequiel'),
 (17233,172,'gau_ezequiel'),
 (17234,188,'gau_ezequiel'),
 (17235,171,'gau_ezequiel'),
 (17236,18,'gau_ezequiel'),
 (17237,19,'gau_ezequiel'),
 (17238,20,'gau_ezequiel'),
 (17239,21,'gau_ezequiel'),
 (17240,7,'gau_ezequiel'),
 (17241,9,'gau_ezequiel'),
 (17242,82,'gau_ezequiel'),
 (17244,170,'gau_vinicius'),
 (17245,172,'gau_vinicius'),
 (17246,188,'gau_vinicius'),
 (17247,171,'gau_vinicius'),
 (17248,18,'gau_vinicius'),
 (17249,19,'gau_vinicius'),
 (17250,20,'gau_vinicius'),
 (17251,21,'gau_vinicius'),
 (17252,7,'gau_vinicius'),
 (17253,9,'gau_vinicius'),
 (17254,82,'gau_vinicius'),
 (17256,170,'gau_vargas'),
 (17257,172,'gau_vargas'),
 (17258,188,'gau_vargas'),
 (17259,171,'gau_vargas'),
 (17260,18,'gau_vargas'),
 (17261,19,'gau_vargas'),
 (17262,20,'gau_vargas'),
 (17263,21,'gau_vargas'),
 (17264,7,'gau_vargas'),
 (17265,9,'gau_vargas'),
 (17266,82,'gau_vargas'),
 (17268,10,'larissa'),
 (17269,11,'larissa'),
 (17270,13,'larissa'),
 (17271,170,'gau_marcio'),
 (17272,172,'gau_marcio'),
 (17273,188,'gau_marcio'),
 (17274,171,'gau_marcio'),
 (17275,18,'gau_marcio'),
 (17276,19,'gau_marcio'),
 (17277,20,'gau_marcio'),
 (17278,21,'gau_marcio'),
 (17279,7,'gau_marcio'),
 (17280,9,'gau_marcio'),
 (17281,82,'gau_marcio'),
 (17301,2,'kiko'),
 (17302,3,'kiko'),
 (17303,4,'kiko'),
 (17304,5,'kiko'),
 (17305,56,'kiko'),
 (17324,26,'kiko'),
 (17325,27,'kiko'),
 (17326,28,'kiko'),
 (17327,29,'kiko'),
 (17328,190,'kiko'),
 (17329,26,'larissa'),
 (17330,27,'larissa'),
 (17331,29,'larissa'),
 (17332,190,'larissa'),
 (17333,170,'gau_melo'),
 (17334,172,'gau_melo'),
 (17335,188,'gau_melo'),
 (17336,171,'gau_melo'),
 (17337,18,'gau_melo'),
 (17338,19,'gau_melo'),
 (17339,20,'gau_melo'),
 (17340,21,'gau_melo'),
 (17341,7,'gau_melo'),
 (17342,9,'gau_melo'),
 (17343,82,'gau_melo'),
 (17345,170,'gau_liliane'),
 (17346,172,'gau_liliane'),
 (17347,188,'gau_liliane'),
 (17348,171,'gau_liliane'),
 (17349,18,'gau_liliane'),
 (17350,19,'gau_liliane'),
 (17351,20,'gau_liliane'),
 (17352,21,'gau_liliane'),
 (17353,7,'gau_liliane'),
 (17354,9,'gau_liliane'),
 (17355,82,'gau_liliane'),
 (17357,29,'barbara'),
 (17358,190,'barbara'),
 (17359,26,'rodrigo'),
 (17360,27,'rodrigo'),
 (17361,28,'rodrigo'),
 (17362,29,'rodrigo'),
 (17363,190,'rodrigo'),
 (17364,26,'mauro'),
 (17365,27,'mauro'),
 (17366,28,'mauro'),
 (17367,29,'mauro'),
 (17368,190,'mauro'),
 (17373,68,'kiko'),
 (17374,191,'kiko'),
 (17375,70,'kiko'),
 (17376,71,'kiko'),
 (17379,171,'b2b_john'),
 (17380,170,'b2b_john'),
 (17381,172,'b2b_john'),
 (17382,188,'b2b_john'),
 (17383,9,'b2b_john'),
 (17384,82,'b2b_john'),
 (17386,7,'b2b_john'),
 (17387,21,'b2b_john'),
 (17388,18,'b2b_john'),
 (17389,20,'b2b_john'),
 (17394,192,'cleverson'),
 (17395,192,'kiko'),
 (17397,192,'rodrigo'),
 (17398,192,'mauro'),
 (17403,68,'barbara'),
 (17404,191,'barbara'),
 (17405,70,'barbara'),
 (17406,71,'barbara'),
 (17572,182,'kiko'),
 (17573,183,'kiko'),
 (17574,184,'kiko'),
 (17575,185,'kiko'),
 (17576,174,'kiko'),
 (17577,175,'kiko'),
 (17578,176,'kiko'),
 (17579,177,'kiko'),
 (17580,178,'kiko'),
 (17581,179,'kiko'),
 (17582,180,'kiko'),
 (17583,181,'kiko'),
 (17759,68,'cleverson'),
 (17760,191,'cleverson'),
 (17761,70,'cleverson'),
 (17762,71,'cleverson'),
 (17763,195,'cleverson'),
 (17764,196,'cleverson'),
 (17771,68,'larissa'),
 (17772,70,'larissa'),
 (17773,71,'larissa'),
 (17774,195,'larissa'),
 (17775,196,'larissa'),
 (17802,68,'mauro'),
 (17803,70,'mauro'),
 (17804,71,'mauro'),
 (17805,195,'mauro'),
 (17806,196,'mauro'),
 (17807,106,'mauro'),
 (17808,104,'mauro'),
 (17809,105,'mauro'),
 (17810,193,'mauro'),
 (17811,194,'mauro'),
 (17812,68,'rodrigo'),
 (17813,70,'rodrigo'),
 (17814,71,'rodrigo'),
 (17815,195,'rodrigo'),
 (17816,196,'rodrigo'),
 (17817,106,'rodrigo'),
 (17818,186,'rodrigo'),
 (17819,104,'rodrigo'),
 (17820,105,'rodrigo'),
 (17821,193,'rodrigo'),
 (17822,194,'rodrigo'),
 (17840,170,'gau_marcos'),
 (17841,172,'gau_marcos'),
 (17842,188,'gau_marcos'),
 (17843,171,'gau_marcos'),
 (17844,18,'gau_marcos'),
 (17845,19,'gau_marcos'),
 (17846,20,'gau_marcos'),
 (17847,21,'gau_marcos'),
 (17848,7,'gau_marcos'),
 (17849,9,'gau_marcos'),
 (17850,82,'gau_marcos'),
 (17852,170,'gau_marcia'),
 (17853,172,'gau_marcia'),
 (17854,188,'gau_marcia'),
 (17855,171,'gau_marcia'),
 (17856,18,'gau_marcia'),
 (17857,19,'gau_marcia'),
 (17858,20,'gau_marcia'),
 (17859,21,'gau_marcia'),
 (17860,7,'gau_marcia'),
 (17861,9,'gau_marcia'),
 (17862,82,'gau_marcia'),
 (17864,170,'gau_andreia'),
 (17865,172,'gau_andreia'),
 (17866,188,'gau_andreia'),
 (17867,171,'gau_andreia'),
 (17868,18,'gau_andreia'),
 (17869,19,'gau_andreia'),
 (17870,20,'gau_andreia'),
 (17871,21,'gau_andreia'),
 (17872,7,'gau_andreia'),
 (17873,9,'gau_andreia'),
 (17874,82,'gau_andreia'),
 (17876,170,'gau_pedro'),
 (17877,172,'gau_pedro'),
 (17878,188,'gau_pedro'),
 (17879,171,'gau_pedro'),
 (17880,18,'gau_pedro'),
 (17881,19,'gau_pedro'),
 (17882,20,'gau_pedro'),
 (17883,21,'gau_pedro'),
 (17884,7,'gau_pedro'),
 (17885,9,'gau_pedro'),
 (17886,82,'gau_pedro'),
 (17898,170,'gau_silvio'),
 (17899,172,'gau_silvio'),
 (17900,188,'gau_silvio'),
 (17901,171,'gau_silvio'),
 (17902,18,'gau_silvio'),
 (17903,19,'gau_silvio'),
 (17904,20,'gau_silvio'),
 (17905,21,'gau_silvio'),
 (17906,7,'gau_silvio'),
 (17907,9,'gau_silvio'),
 (17908,82,'gau_silvio'),
 (17910,106,'larissa'),
 (17911,186,'larissa');
INSERT INTO `sys_app_direito_usuario` (`COD_APP_DIREITO_USUARIO`,`COD_APP_DIREITO`,`ID_USUARIO`) VALUES 
 (17912,104,'larissa'),
 (17913,105,'larissa'),
 (17914,193,'larissa'),
 (17915,194,'larissa'),
 (18100,45,'neto'),
 (18101,185,'neto'),
 (18102,177,'neto'),
 (18103,181,'neto'),
 (18104,46,'neto'),
 (18105,47,'neto'),
 (18106,48,'neto'),
 (18107,49,'neto'),
 (18108,81,'neto'),
 (18109,34,'neto'),
 (18110,35,'neto'),
 (18111,36,'neto'),
 (18112,37,'neto'),
 (18113,55,'neto'),
 (18114,85,'neto'),
 (18115,108,'neto'),
 (18116,112,'neto'),
 (18117,117,'neto'),
 (18118,116,'neto'),
 (18119,120,'neto'),
 (18120,170,'neto'),
 (18121,172,'neto'),
 (18122,188,'neto'),
 (18123,171,'neto'),
 (18124,173,'neto'),
 (18125,33,'neto'),
 (18126,29,'neto'),
 (18127,60,'neto'),
 (18128,137,'neto'),
 (18129,41,'neto'),
 (18130,72,'neto'),
 (18131,73,'neto'),
 (18132,74,'neto'),
 (18133,75,'neto'),
 (18134,22,'neto'),
 (18135,23,'neto'),
 (18136,24,'neto'),
 (18137,25,'neto'),
 (18138,153,'neto'),
 (18139,76,'neto'),
 (18140,77,'neto'),
 (18141,78,'neto'),
 (18142,79,'neto'),
 (18143,18,'neto'),
 (18144,19,'neto'),
 (18145,20,'neto'),
 (18146,21,'neto'),
 (18147,14,'neto'),
 (18148,15,'neto'),
 (18149,16,'neto'),
 (18150,17,'neto'),
 (18151,162,'neto'),
 (18152,166,'neto'),
 (18153,146,'neto'),
 (18154,10,'neto'),
 (18155,11,'neto'),
 (18156,12,'neto'),
 (18157,13,'neto'),
 (18158,90,'neto'),
 (18159,91,'neto'),
 (18160,6,'neto'),
 (18161,7,'neto'),
 (18162,8,'neto'),
 (18163,9,'neto'),
 (18164,82,'neto'),
 (18165,80,'neto'),
 (18167,2,'neto'),
 (18168,3,'neto'),
 (18169,5,'neto'),
 (18170,86,'neto'),
 (18171,56,'neto'),
 (18173,34,'vinicius'),
 (18174,35,'vinicius'),
 (18175,36,'vinicius'),
 (18176,37,'vinicius'),
 (18177,197,'cleverson'),
 (18179,197,'kiko'),
 (18180,197,'barbara'),
 (18182,197,'mauro'),
 (18183,197,'rodrigo'),
 (18184,170,'gau_neiva'),
 (18185,172,'gau_neiva'),
 (18186,188,'gau_neiva'),
 (18187,171,'gau_neiva'),
 (18188,18,'gau_neiva'),
 (18189,19,'gau_neiva'),
 (18190,20,'gau_neiva'),
 (18191,21,'gau_neiva'),
 (18192,7,'gau_neiva'),
 (18193,9,'gau_neiva'),
 (18194,82,'gau_neiva'),
 (18197,42,'tatiana'),
 (18198,43,'tatiana'),
 (18199,44,'tatiana'),
 (18200,45,'tatiana'),
 (18201,182,'tatiana'),
 (18202,183,'tatiana'),
 (18203,184,'tatiana'),
 (18204,185,'tatiana'),
 (18205,174,'tatiana'),
 (18206,175,'tatiana'),
 (18207,176,'tatiana'),
 (18208,177,'tatiana'),
 (18209,178,'tatiana'),
 (18210,179,'tatiana'),
 (18211,180,'tatiana'),
 (18212,181,'tatiana'),
 (18213,46,'tatiana'),
 (18214,47,'tatiana'),
 (18215,48,'tatiana'),
 (18216,49,'tatiana'),
 (18217,81,'tatiana'),
 (18218,34,'tatiana'),
 (18219,35,'tatiana'),
 (18220,36,'tatiana'),
 (18221,37,'tatiana'),
 (18222,55,'tatiana'),
 (18223,85,'tatiana'),
 (18224,159,'tatiana'),
 (18225,109,'tatiana'),
 (18226,111,'tatiana'),
 (18227,110,'tatiana'),
 (18228,108,'tatiana'),
 (18229,113,'tatiana'),
 (18230,115,'tatiana'),
 (18231,114,'tatiana'),
 (18232,112,'tatiana'),
 (18233,117,'tatiana'),
 (18234,119,'tatiana'),
 (18235,118,'tatiana'),
 (18236,116,'tatiana'),
 (18237,121,'tatiana'),
 (18238,123,'tatiana'),
 (18239,122,'tatiana'),
 (18240,120,'tatiana'),
 (18241,170,'tatiana'),
 (18242,172,'tatiana'),
 (18243,188,'tatiana'),
 (18244,171,'tatiana'),
 (18245,173,'tatiana'),
 (18246,30,'tatiana'),
 (18247,31,'tatiana'),
 (18248,32,'tatiana'),
 (18249,33,'tatiana'),
 (18250,26,'tatiana'),
 (18251,27,'tatiana'),
 (18252,29,'tatiana'),
 (18253,190,'tatiana'),
 (18254,57,'tatiana'),
 (18255,58,'tatiana'),
 (18256,59,'tatiana'),
 (18257,60,'tatiana'),
 (18258,61,'tatiana'),
 (18259,83,'tatiana'),
 (18260,192,'tatiana'),
 (18261,131,'tatiana'),
 (18262,132,'tatiana'),
 (18263,133,'tatiana'),
 (18264,130,'tatiana'),
 (18265,93,'tatiana'),
 (18266,94,'tatiana'),
 (18267,95,'tatiana'),
 (18268,96,'tatiana'),
 (18269,63,'tatiana'),
 (18270,64,'tatiana'),
 (18271,65,'tatiana'),
 (18272,66,'tatiana'),
 (18273,98,'tatiana'),
 (18274,99,'tatiana'),
 (18275,97,'tatiana'),
 (18281,154,'tatiana'),
 (18282,128,'tatiana'),
 (18283,138,'tatiana'),
 (18284,140,'tatiana'),
 (18285,141,'tatiana'),
 (18286,139,'tatiana'),
 (18287,155,'tatiana'),
 (18288,156,'tatiana'),
 (18289,142,'tatiana'),
 (18290,143,'tatiana'),
 (18291,144,'tatiana'),
 (18292,145,'tatiana'),
 (18293,92,'tatiana'),
 (18294,101,'tatiana'),
 (18295,103,'tatiana'),
 (18296,102,'tatiana'),
 (18297,100,'tatiana'),
 (18298,125,'tatiana'),
 (18299,126,'tatiana'),
 (18300,127,'tatiana'),
 (18301,124,'tatiana'),
 (18302,129,'tatiana'),
 (18303,134,'tatiana'),
 (18304,135,'tatiana'),
 (18305,136,'tatiana'),
 (18306,137,'tatiana'),
 (18312,38,'tatiana'),
 (18313,39,'tatiana'),
 (18314,40,'tatiana'),
 (18315,41,'tatiana'),
 (18316,72,'tatiana'),
 (18317,73,'tatiana'),
 (18318,74,'tatiana'),
 (18319,75,'tatiana'),
 (18320,22,'tatiana'),
 (18321,23,'tatiana'),
 (18322,24,'tatiana'),
 (18323,25,'tatiana'),
 (18324,107,'tatiana'),
 (18325,150,'tatiana'),
 (18326,151,'tatiana'),
 (18327,152,'tatiana'),
 (18328,153,'tatiana'),
 (18329,76,'tatiana'),
 (18330,77,'tatiana'),
 (18331,78,'tatiana'),
 (18332,79,'tatiana'),
 (18333,18,'tatiana'),
 (18334,19,'tatiana'),
 (18335,20,'tatiana'),
 (18336,21,'tatiana'),
 (18337,14,'tatiana'),
 (18338,15,'tatiana'),
 (18339,16,'tatiana'),
 (18340,17,'tatiana'),
 (18341,160,'tatiana'),
 (18342,161,'tatiana'),
 (18343,163,'tatiana'),
 (18344,162,'tatiana'),
 (18345,164,'tatiana'),
 (18346,165,'tatiana'),
 (18347,167,'tatiana'),
 (18348,166,'tatiana'),
 (18349,147,'tatiana'),
 (18350,148,'tatiana'),
 (18351,149,'tatiana'),
 (18352,146,'tatiana'),
 (18353,10,'tatiana'),
 (18354,11,'tatiana'),
 (18355,12,'tatiana'),
 (18356,13,'tatiana'),
 (18357,87,'tatiana'),
 (18358,88,'tatiana'),
 (18359,89,'tatiana'),
 (18360,90,'tatiana'),
 (18361,91,'tatiana'),
 (18362,189,'tatiana'),
 (18363,6,'tatiana'),
 (18364,7,'tatiana'),
 (18365,8,'tatiana'),
 (18366,9,'tatiana'),
 (18367,82,'tatiana'),
 (18368,80,'tatiana'),
 (18370,158,'tatiana'),
 (18372,2,'tatiana'),
 (18373,3,'tatiana'),
 (18374,4,'tatiana'),
 (18375,5,'tatiana'),
 (18376,86,'tatiana'),
 (18377,56,'tatiana'),
 (18378,57,'cleverson'),
 (18379,58,'cleverson'),
 (18380,59,'cleverson'),
 (18381,60,'cleverson'),
 (18382,200,'cleverson'),
 (18383,106,'cleverson'),
 (18384,186,'cleverson'),
 (18385,104,'cleverson'),
 (18386,105,'cleverson'),
 (18387,193,'cleverson'),
 (18388,194,'cleverson'),
 (18389,198,'cleverson'),
 (18390,199,'cleverson'),
 (18391,226,'cleverson'),
 (18392,227,'cleverson'),
 (18393,228,'cleverson'),
 (18394,229,'cleverson'),
 (18395,230,'cleverson'),
 (18396,211,'cleverson'),
 (18397,212,'cleverson'),
 (18398,213,'cleverson'),
 (18399,214,'cleverson'),
 (18400,215,'cleverson'),
 (18401,216,'cleverson'),
 (18402,217,'cleverson'),
 (18403,218,'cleverson'),
 (18404,219,'cleverson'),
 (18405,220,'cleverson'),
 (18406,206,'cleverson'),
 (18407,207,'cleverson'),
 (18408,208,'cleverson'),
 (18409,209,'cleverson'),
 (18410,210,'cleverson'),
 (18411,221,'cleverson'),
 (18412,222,'cleverson'),
 (18413,223,'cleverson'),
 (18414,224,'cleverson'),
 (18415,225,'cleverson'),
 (18416,231,'cleverson'),
 (18417,232,'cleverson'),
 (18418,233,'cleverson'),
 (18419,234,'cleverson'),
 (18420,235,'cleverson'),
 (18421,201,'cleverson'),
 (18422,202,'cleverson'),
 (18423,203,'cleverson'),
 (18424,204,'cleverson'),
 (18425,205,'cleverson'),
 (18491,46,'raissa'),
 (18492,47,'raissa'),
 (18493,48,'raissa'),
 (18494,49,'raissa'),
 (18495,81,'raissa'),
 (18496,34,'raissa'),
 (18497,35,'raissa'),
 (18498,36,'raissa'),
 (18499,37,'raissa'),
 (18500,55,'raissa'),
 (18501,85,'raissa'),
 (18502,109,'raissa'),
 (18503,111,'raissa'),
 (18504,110,'raissa'),
 (18505,108,'raissa'),
 (18506,113,'raissa'),
 (18507,115,'raissa'),
 (18508,114,'raissa'),
 (18509,112,'raissa'),
 (18510,117,'raissa'),
 (18511,119,'raissa'),
 (18512,118,'raissa'),
 (18513,116,'raissa'),
 (18514,121,'raissa'),
 (18515,123,'raissa'),
 (18516,122,'raissa'),
 (18517,120,'raissa'),
 (18518,30,'raissa'),
 (18519,31,'raissa'),
 (18520,32,'raissa'),
 (18521,33,'raissa'),
 (18522,29,'raissa'),
 (18523,131,'raissa'),
 (18524,132,'raissa'),
 (18525,133,'raissa'),
 (18526,130,'raissa'),
 (18527,93,'raissa'),
 (18528,94,'raissa'),
 (18529,95,'raissa'),
 (18530,96,'raissa'),
 (18531,63,'raissa'),
 (18532,64,'raissa'),
 (18533,65,'raissa'),
 (18534,66,'raissa'),
 (18535,98,'raissa'),
 (18536,99,'raissa'),
 (18537,97,'raissa'),
 (18538,68,'raissa'),
 (18539,70,'raissa'),
 (18540,71,'raissa'),
 (18541,195,'raissa'),
 (18542,196,'raissa'),
 (18543,154,'raissa'),
 (18544,128,'raissa'),
 (18545,138,'raissa'),
 (18546,140,'raissa'),
 (18547,139,'raissa'),
 (18548,155,'raissa'),
 (18549,156,'raissa'),
 (18550,92,'raissa'),
 (18551,101,'raissa'),
 (18552,103,'raissa'),
 (18553,102,'raissa'),
 (18554,100,'raissa'),
 (18555,125,'raissa'),
 (18556,126,'raissa'),
 (18557,127,'raissa'),
 (18558,124,'raissa'),
 (18559,129,'raissa'),
 (18560,134,'raissa'),
 (18561,135,'raissa'),
 (18562,136,'raissa'),
 (18563,137,'raissa'),
 (18564,106,'raissa'),
 (18565,104,'raissa'),
 (18566,105,'raissa'),
 (18567,193,'raissa'),
 (18568,194,'raissa'),
 (18569,38,'raissa'),
 (18570,39,'raissa'),
 (18571,40,'raissa'),
 (18572,41,'raissa'),
 (18573,75,'raissa'),
 (18574,22,'raissa'),
 (18575,23,'raissa'),
 (18576,24,'raissa'),
 (18577,25,'raissa'),
 (18578,107,'raissa'),
 (18579,153,'raissa'),
 (18580,79,'raissa'),
 (18581,18,'raissa'),
 (18582,19,'raissa'),
 (18583,20,'raissa'),
 (18584,21,'raissa'),
 (18585,14,'raissa'),
 (18586,15,'raissa'),
 (18587,16,'raissa'),
 (18588,17,'raissa'),
 (18589,146,'raissa'),
 (18590,10,'raissa'),
 (18591,11,'raissa'),
 (18592,12,'raissa'),
 (18593,13,'raissa'),
 (18594,90,'raissa'),
 (18595,91,'raissa'),
 (18596,6,'raissa'),
 (18597,7,'raissa'),
 (18598,8,'raissa'),
 (18599,9,'raissa'),
 (18600,82,'raissa'),
 (18601,80,'raissa'),
 (18603,158,'raissa'),
 (18605,5,'raissa'),
 (18606,26,'cleverson'),
 (18607,27,'cleverson'),
 (18608,28,'cleverson'),
 (18609,29,'cleverson'),
 (18610,190,'cleverson'),
 (18611,189,'cleverson'),
 (18612,236,'cleverson'),
 (18619,42,'thais'),
 (18620,43,'thais'),
 (18621,44,'thais'),
 (18622,45,'thais'),
 (18623,46,'thais'),
 (18624,47,'thais'),
 (18625,49,'thais'),
 (18626,81,'thais'),
 (18627,37,'thais'),
 (18628,85,'thais'),
 (18629,173,'thais'),
 (18630,30,'thais'),
 (18631,31,'thais'),
 (18632,33,'thais'),
 (18633,29,'thais'),
 (18634,38,'thais'),
 (18635,39,'thais'),
 (18636,41,'thais'),
 (18637,75,'thais'),
 (18638,22,'thais'),
 (18639,23,'thais'),
 (18640,24,'thais'),
 (18641,25,'thais'),
 (18642,18,'thais'),
 (18643,19,'thais'),
 (18644,20,'thais'),
 (18645,21,'thais'),
 (18646,14,'thais'),
 (18647,15,'thais'),
 (18648,17,'thais'),
 (18649,10,'thais'),
 (18650,11,'thais'),
 (18651,13,'thais'),
 (18652,6,'thais'),
 (18653,7,'thais'),
 (18654,9,'thais'),
 (18655,82,'thais'),
 (18656,80,'thais'),
 (18658,3,'thais'),
 (18659,5,'thais'),
 (18660,160,'kiko'),
 (18661,161,'kiko'),
 (18662,163,'kiko'),
 (18663,162,'kiko'),
 (18664,164,'kiko'),
 (18665,165,'kiko'),
 (18666,167,'kiko'),
 (18667,166,'kiko'),
 (18676,68,'tatiana'),
 (18677,191,'tatiana'),
 (18678,70,'tatiana'),
 (18679,71,'tatiana'),
 (18680,195,'tatiana'),
 (18681,196,'tatiana'),
 (18682,106,'tatiana'),
 (18683,186,'tatiana'),
 (18684,104,'tatiana'),
 (18685,105,'tatiana'),
 (18686,193,'tatiana'),
 (18687,194,'tatiana'),
 (18714,42,'aless'),
 (18715,43,'aless'),
 (18716,44,'aless'),
 (18717,45,'aless'),
 (18718,182,'aless'),
 (18719,183,'aless'),
 (18720,184,'aless'),
 (18721,185,'aless'),
 (18722,174,'aless'),
 (18723,175,'aless'),
 (18724,176,'aless'),
 (18725,177,'aless'),
 (18726,178,'aless'),
 (18727,179,'aless'),
 (18728,180,'aless'),
 (18729,181,'aless'),
 (18730,46,'aless'),
 (18731,47,'aless'),
 (18732,48,'aless'),
 (18733,49,'aless'),
 (18734,81,'aless'),
 (18735,34,'aless'),
 (18736,35,'aless'),
 (18737,36,'aless'),
 (18738,37,'aless'),
 (18739,55,'aless'),
 (18740,85,'aless'),
 (18741,159,'aless'),
 (18742,109,'aless'),
 (18743,111,'aless'),
 (18744,110,'aless'),
 (18745,108,'aless'),
 (18746,113,'aless'),
 (18747,115,'aless'),
 (18748,114,'aless'),
 (18749,112,'aless'),
 (18750,117,'aless'),
 (18751,119,'aless'),
 (18752,118,'aless'),
 (18753,116,'aless'),
 (18754,121,'aless'),
 (18755,123,'aless'),
 (18756,122,'aless'),
 (18757,120,'aless'),
 (18758,170,'aless'),
 (18759,172,'aless'),
 (18760,188,'aless'),
 (18761,171,'aless'),
 (18762,173,'aless'),
 (18763,237,'aless'),
 (18764,30,'aless'),
 (18765,31,'aless'),
 (18766,32,'aless'),
 (18767,33,'aless'),
 (18768,26,'aless'),
 (18769,27,'aless'),
 (18770,28,'aless'),
 (18771,29,'aless'),
 (18772,190,'aless'),
 (18778,61,'aless'),
 (18779,187,'aless'),
 (18780,83,'aless'),
 (18781,192,'aless'),
 (18782,131,'aless'),
 (18783,132,'aless'),
 (18784,133,'aless'),
 (18785,130,'aless'),
 (18786,93,'aless'),
 (18787,94,'aless'),
 (18788,95,'aless'),
 (18789,96,'aless'),
 (18790,63,'aless'),
 (18791,64,'aless'),
 (18792,65,'aless'),
 (18793,66,'aless'),
 (18794,197,'aless'),
 (18795,98,'aless'),
 (18796,99,'aless'),
 (18797,97,'aless'),
 (18798,68,'aless'),
 (18799,191,'aless'),
 (18800,70,'aless'),
 (18801,71,'aless'),
 (18802,196,'aless'),
 (18803,154,'aless'),
 (18804,128,'aless'),
 (18805,138,'aless'),
 (18806,140,'aless'),
 (18807,141,'aless'),
 (18808,139,'aless'),
 (18809,155,'aless'),
 (18810,156,'aless'),
 (18811,142,'aless'),
 (18812,143,'aless'),
 (18813,144,'aless'),
 (18814,145,'aless'),
 (18815,92,'aless'),
 (18816,101,'aless'),
 (18817,103,'aless'),
 (18818,102,'aless'),
 (18819,100,'aless'),
 (18820,125,'aless'),
 (18821,126,'aless'),
 (18822,127,'aless'),
 (18823,124,'aless'),
 (18824,129,'aless'),
 (18825,134,'aless'),
 (18826,135,'aless'),
 (18827,136,'aless'),
 (18828,137,'aless'),
 (18829,106,'aless'),
 (18830,186,'aless'),
 (18831,104,'aless'),
 (18832,105,'aless'),
 (18833,194,'aless'),
 (18834,198,'aless'),
 (18835,199,'aless'),
 (18836,243,'aless'),
 (18837,38,'aless'),
 (18838,39,'aless'),
 (18839,40,'aless'),
 (18840,41,'aless'),
 (18841,72,'aless'),
 (18842,73,'aless'),
 (18843,74,'aless'),
 (18844,75,'aless'),
 (18845,22,'aless'),
 (18846,23,'aless'),
 (18847,24,'aless'),
 (18848,25,'aless'),
 (18849,107,'aless'),
 (18850,150,'aless'),
 (18851,151,'aless'),
 (18852,152,'aless'),
 (18853,153,'aless'),
 (18854,231,'aless'),
 (18855,232,'aless'),
 (18856,233,'aless'),
 (18857,234,'aless'),
 (18858,235,'aless'),
 (18859,221,'aless'),
 (18860,222,'aless'),
 (18861,223,'aless'),
 (18862,224,'aless'),
 (18863,225,'aless'),
 (18864,206,'aless'),
 (18865,207,'aless'),
 (18866,208,'aless'),
 (18867,209,'aless'),
 (18868,210,'aless'),
 (18869,216,'aless'),
 (18870,217,'aless'),
 (18871,218,'aless'),
 (18872,219,'aless'),
 (18873,220,'aless'),
 (18874,211,'aless'),
 (18875,212,'aless'),
 (18876,213,'aless'),
 (18877,214,'aless'),
 (18878,215,'aless'),
 (18879,226,'aless'),
 (18880,227,'aless'),
 (18881,228,'aless'),
 (18882,229,'aless'),
 (18883,230,'aless'),
 (18884,76,'aless'),
 (18885,77,'aless'),
 (18886,78,'aless'),
 (18887,79,'aless'),
 (18888,18,'aless'),
 (18889,19,'aless'),
 (18890,20,'aless'),
 (18891,21,'aless'),
 (18892,201,'aless'),
 (18893,202,'aless'),
 (18894,203,'aless'),
 (18895,204,'aless'),
 (18896,205,'aless'),
 (18901,160,'aless'),
 (18902,161,'aless'),
 (18903,163,'aless'),
 (18904,162,'aless'),
 (18905,164,'aless'),
 (18906,165,'aless'),
 (18907,167,'aless'),
 (18908,166,'aless'),
 (18909,147,'aless'),
 (18910,148,'aless'),
 (18911,149,'aless'),
 (18912,146,'aless'),
 (18913,10,'aless'),
 (18914,11,'aless'),
 (18915,12,'aless'),
 (18916,13,'aless'),
 (18917,87,'aless'),
 (18918,88,'aless'),
 (18919,89,'aless'),
 (18920,90,'aless'),
 (18921,91,'aless'),
 (18922,189,'aless'),
 (18923,236,'aless'),
 (18924,6,'aless'),
 (18925,7,'aless'),
 (18926,8,'aless'),
 (18927,9,'aless'),
 (18928,169,'aless'),
 (18929,82,'aless'),
 (18930,80,'aless'),
 (18931,158,'aless'),
 (18932,2,'aless'),
 (18933,3,'aless'),
 (18934,4,'aless'),
 (18935,5,'aless'),
 (18936,86,'aless'),
 (18937,56,'aless'),
 (18938,244,'aless'),
 (18939,245,'aless'),
 (18940,246,'aless'),
 (18941,247,'aless'),
 (18942,14,'aless'),
 (18943,15,'aless'),
 (18944,16,'aless'),
 (18945,17,'aless'),
 (18946,249,'aless'),
 (18947,84,'daiane'),
 (18948,42,'daiane'),
 (18949,43,'daiane'),
 (18950,44,'daiane'),
 (18951,45,'daiane'),
 (18952,182,'daiane'),
 (18953,183,'daiane'),
 (18954,184,'daiane'),
 (18955,185,'daiane'),
 (18956,174,'daiane'),
 (18957,175,'daiane'),
 (18958,176,'daiane'),
 (18959,177,'daiane'),
 (18960,178,'daiane'),
 (18961,179,'daiane'),
 (18962,180,'daiane'),
 (18963,181,'daiane'),
 (18964,46,'daiane'),
 (18965,47,'daiane'),
 (18966,48,'daiane'),
 (18967,49,'daiane'),
 (18968,81,'daiane'),
 (18969,34,'daiane'),
 (18970,35,'daiane'),
 (18971,36,'daiane'),
 (18972,37,'daiane'),
 (18973,55,'daiane'),
 (18974,85,'daiane'),
 (18975,159,'daiane'),
 (18976,109,'daiane'),
 (18977,111,'daiane'),
 (18978,110,'daiane'),
 (18979,108,'daiane'),
 (18980,113,'daiane'),
 (18981,115,'daiane'),
 (18982,114,'daiane'),
 (18983,112,'daiane'),
 (18984,117,'daiane'),
 (18985,119,'daiane'),
 (18986,118,'daiane'),
 (18987,116,'daiane'),
 (18988,121,'daiane'),
 (18989,123,'daiane'),
 (18990,122,'daiane'),
 (18991,120,'daiane'),
 (18992,170,'daiane'),
 (18993,172,'daiane'),
 (18994,188,'daiane'),
 (18995,171,'daiane'),
 (18996,173,'daiane'),
 (18997,237,'daiane'),
 (18998,30,'daiane'),
 (18999,31,'daiane'),
 (19000,32,'daiane'),
 (19001,33,'daiane'),
 (19002,26,'daiane'),
 (19003,27,'daiane'),
 (19004,28,'daiane'),
 (19005,29,'daiane'),
 (19006,190,'daiane'),
 (19007,57,'daiane'),
 (19008,58,'daiane'),
 (19009,59,'daiane'),
 (19010,60,'daiane'),
 (19011,200,'daiane'),
 (19012,61,'daiane'),
 (19013,187,'daiane'),
 (19014,83,'daiane'),
 (19015,192,'daiane'),
 (19016,131,'daiane'),
 (19017,132,'daiane'),
 (19018,133,'daiane'),
 (19019,130,'daiane'),
 (19020,93,'daiane'),
 (19021,94,'daiane'),
 (19022,95,'daiane'),
 (19023,96,'daiane'),
 (19024,63,'daiane'),
 (19025,64,'daiane'),
 (19026,65,'daiane'),
 (19027,66,'daiane'),
 (19028,197,'daiane'),
 (19029,98,'daiane'),
 (19030,99,'daiane'),
 (19031,97,'daiane'),
 (19032,68,'daiane'),
 (19033,191,'daiane'),
 (19034,70,'daiane'),
 (19035,71,'daiane'),
 (19036,196,'daiane'),
 (19037,154,'daiane'),
 (19038,128,'daiane'),
 (19039,138,'daiane'),
 (19040,140,'daiane'),
 (19041,141,'daiane'),
 (19042,139,'daiane'),
 (19043,155,'daiane'),
 (19044,156,'daiane'),
 (19045,142,'daiane'),
 (19046,143,'daiane'),
 (19047,144,'daiane'),
 (19048,145,'daiane'),
 (19049,92,'daiane'),
 (19050,101,'daiane'),
 (19051,103,'daiane'),
 (19052,102,'daiane'),
 (19053,100,'daiane'),
 (19054,125,'daiane'),
 (19055,126,'daiane'),
 (19056,127,'daiane'),
 (19057,124,'daiane'),
 (19058,129,'daiane'),
 (19059,134,'daiane'),
 (19060,135,'daiane'),
 (19061,136,'daiane'),
 (19062,137,'daiane'),
 (19063,106,'daiane'),
 (19064,186,'daiane'),
 (19065,104,'daiane'),
 (19066,105,'daiane'),
 (19067,194,'daiane'),
 (19068,198,'daiane'),
 (19069,199,'daiane'),
 (19070,243,'daiane'),
 (19071,38,'daiane'),
 (19072,39,'daiane'),
 (19073,40,'daiane'),
 (19074,41,'daiane'),
 (19075,72,'daiane'),
 (19076,73,'daiane'),
 (19077,74,'daiane'),
 (19078,75,'daiane'),
 (19079,22,'daiane'),
 (19080,23,'daiane'),
 (19081,24,'daiane'),
 (19082,25,'daiane'),
 (19083,107,'daiane'),
 (19084,150,'daiane'),
 (19085,151,'daiane'),
 (19086,152,'daiane'),
 (19087,153,'daiane'),
 (19088,231,'daiane'),
 (19089,232,'daiane'),
 (19090,233,'daiane'),
 (19091,234,'daiane'),
 (19092,235,'daiane'),
 (19093,221,'daiane'),
 (19094,222,'daiane'),
 (19095,223,'daiane'),
 (19096,224,'daiane'),
 (19097,225,'daiane'),
 (19098,206,'daiane'),
 (19099,207,'daiane'),
 (19100,208,'daiane'),
 (19101,209,'daiane'),
 (19102,210,'daiane'),
 (19103,216,'daiane'),
 (19104,217,'daiane'),
 (19105,218,'daiane'),
 (19106,219,'daiane'),
 (19107,220,'daiane'),
 (19108,211,'daiane'),
 (19109,212,'daiane'),
 (19110,213,'daiane'),
 (19111,214,'daiane'),
 (19112,215,'daiane'),
 (19113,226,'daiane'),
 (19114,227,'daiane'),
 (19115,228,'daiane'),
 (19116,229,'daiane'),
 (19117,230,'daiane'),
 (19118,76,'daiane'),
 (19119,77,'daiane'),
 (19120,78,'daiane'),
 (19121,79,'daiane'),
 (19122,18,'daiane'),
 (19123,19,'daiane'),
 (19124,20,'daiane'),
 (19125,21,'daiane'),
 (19126,201,'daiane'),
 (19127,202,'daiane'),
 (19128,203,'daiane'),
 (19129,204,'daiane'),
 (19130,205,'daiane'),
 (19131,160,'daiane'),
 (19132,161,'daiane'),
 (19133,163,'daiane'),
 (19134,162,'daiane'),
 (19135,164,'daiane'),
 (19136,165,'daiane'),
 (19137,167,'daiane'),
 (19138,166,'daiane'),
 (19139,147,'daiane'),
 (19140,148,'daiane'),
 (19141,149,'daiane'),
 (19142,146,'daiane'),
 (19143,10,'daiane'),
 (19144,11,'daiane'),
 (19145,12,'daiane'),
 (19146,13,'daiane'),
 (19147,87,'daiane'),
 (19148,88,'daiane'),
 (19149,89,'daiane'),
 (19150,90,'daiane'),
 (19151,91,'daiane'),
 (19152,189,'daiane'),
 (19153,236,'daiane'),
 (19154,6,'daiane'),
 (19155,7,'daiane'),
 (19156,8,'daiane'),
 (19157,9,'daiane'),
 (19158,169,'daiane'),
 (19159,82,'daiane'),
 (19160,80,'daiane'),
 (19161,158,'daiane'),
 (19162,2,'daiane'),
 (19163,3,'daiane'),
 (19164,4,'daiane'),
 (19165,5,'daiane'),
 (19166,86,'daiane'),
 (19167,56,'daiane'),
 (19168,244,'daiane'),
 (19169,245,'daiane'),
 (19170,246,'daiane'),
 (19171,247,'daiane'),
 (19172,14,'daiane'),
 (19173,15,'daiane'),
 (19174,16,'daiane'),
 (19175,17,'daiane'),
 (19176,249,'daiane'),
 (19202,57,'aless'),
 (19203,58,'aless'),
 (19204,59,'aless'),
 (19205,60,'aless'),
 (19206,248,'aless'),
 (19207,200,'aless'),
 (19208,257,'_athenas'),
 (19209,256,'_athenas'),
 (19210,255,'_athenas'),
 (19211,254,'_athenas'),
 (19212,257,'aless'),
 (19213,256,'aless'),
 (19214,255,'aless'),
 (19215,254,'aless'),
 (19216,257,'gabriel'),
 (19217,256,'gabriel'),
 (19218,255,'gabriel'),
 (19219,254,'gabriel'),
 (19220,257,'luana'),
 (19221,256,'luana'),
 (19222,255,'luana'),
 (19223,254,'luana'),
 (19224,257,'tatianajf'),
 (19225,256,'tatianajf'),
 (19226,255,'tatianajf'),
 (19227,254,'tatianajf'),
 (19228,253,'aless'),
 (19229,252,'aless'),
 (19230,251,'aless'),
 (19231,250,'aless'),
 (19232,258,'aless');
/*!40000 ALTER TABLE `sys_app_direito_usuario` ENABLE KEYS */;


--
-- Definition of table `sys_config_var`
--

DROP TABLE IF EXISTS `sys_config_var`;
CREATE TABLE `sys_config_var` (
  `COD_CONFIG` int(10) NOT NULL AUTO_INCREMENT,
  `COD_VAR` varchar(50) DEFAULT NULL,
  `VALOR` varchar(250) DEFAULT NULL,
  `ORDEM` int(10) DEFAULT NULL,
  PRIMARY KEY (`COD_CONFIG`),
  UNIQUE KEY `Index_6677B531_9073_46F0` (`COD_CONFIG`)
) ENGINE=InnoDB AUTO_INCREMENT=8 DEFAULT CHARSET=utf8;

--
-- Dumping data for table `sys_config_var`
--

/*!40000 ALTER TABLE `sys_config_var` DISABLE KEYS */;
INSERT INTO `sys_config_var` (`COD_CONFIG`,`COD_VAR`,`VALOR`,`ORDEM`) VALUES 
 (1,'DIAS_UTEIS','22',10),
 (2,'EXPEDIENTE','8:45',20),
 (3,'TOT_HORAS_MES','192:30',30),
 (4,'CUSTO_GERAL_MES','5500',40),
 (5,'CUSTO_INVEST_MES','0',50),
 (6,'CUSTO_FIXO_HORA','29.10',60),
 (7,'CUSTO_TOT_HORA','135,22',70);
/*!40000 ALTER TABLE `sys_config_var` ENABLE KEYS */;


--
-- Definition of table `sys_direito`
--

DROP TABLE IF EXISTS `sys_direito`;
CREATE TABLE `sys_direito` (
  `COD_DIREITO` int(10) NOT NULL AUTO_INCREMENT,
  `ID_DIREITO` varchar(50) DEFAULT NULL,
  `DESCRICAO` varchar(250) DEFAULT NULL,
  `ORDEM` int(10) DEFAULT NULL,
  PRIMARY KEY (`COD_DIREITO`),
  UNIQUE KEY `NOME` (`ID_DIREITO`)
) ENGINE=InnoDB AUTO_INCREMENT=34 DEFAULT CHARSET=utf8;

--
-- Dumping data for table `sys_direito`
--

/*!40000 ALTER TABLE `sys_direito` DISABLE KEYS */;
INSERT INTO `sys_direito` (`COD_DIREITO`,`ID_DIREITO`,`DESCRICAO`,`ORDEM`) VALUES 
 (1,'INS','Inserções em geral',10),
 (2,'UPD','Alterações em geral',20),
 (3,'DEL','Exclusões em geral',30),
 (4,'VIEW','Visualizar dados (grade e/ou detail)',40),
 (5,'INS_MULT','Inserções multiplas ou em laço',100),
 (6,'COPY','Duplicação/Copia',50),
 (7,'UPD_DIR','Alteração de Direitos de usuários',60),
 (8,'INS_RESP','Inserção de respostas para Tarefas/TODOs',70),
 (9,'FULL','Controle TOTAL para aplicações especiais',80),
 (10,'EXEC','Direito de executar uma aplicação',90),
 (11,'PREVIEW','Pré-visualização',110),
 (12,'PRINT','Impressão',120),
 (13,'CLOSE','Fechamentos em geral',130),
 (14,'UPD_ALL_TODO','Alterações em qualquer Tarefa/TODO',140),
 (15,'UPD_ALL_BS','Alterações em qualquer Atividade/BS',150),
 (17,'RED_BUTTON','Direito especial para executar operações críticas',170),
 (18,'ATENDE','Atendimentos em geral',180),
 (19,'DADOS_RH','Manipula apenas Dados de RH (view, ins, upd)',190),
 (20,'INS_NO_MES','Inserções em geral apenas no mês',200),
 (21,'UPD_NO_MES','Alterações em geral apenas no mês',210),
 (22,'DEL_NO_MES','Exclusões em geral apenas no mês',220),
 (23,'CALC_TAXAS','Cálculo de Taxas',230),
 (24,'RECALC_TAXAS','Recálculo de Taxas',240),
 (25,'PROCESSA','Processamento em geral',250),
 (26,'FATURA','Faturamento em geral',260),
 (27,'IMPORT','Importações em geral',270),
 (28,'UPLOAD','Upload de arquivos em geral',280),
 (29,'DESBLOQUEIA','Desbloqueios em geral',290),
 (30,'REAJUSTA','Resjuste das parcelas dos contratos',300),
 (31,'PAGAR','Manipular apenas títulos a pagar',310),
 (32,'RECEBER','Manipular apenas títulos a receber',320),
 (33,'UPD_ALL_PONTO','Alterações em qualquer Reg. de Ponto',165);
/*!40000 ALTER TABLE `sys_direito` ENABLE KEYS */;


--
-- Definition of table `sys_entidade`
--

DROP TABLE IF EXISTS `sys_entidade`;
CREATE TABLE `sys_entidade` (
  `COD_ENTIDADE` int(10) NOT NULL AUTO_INCREMENT,
  `TIPO` varchar(120) DEFAULT NULL,
  `DESCRICAO` varchar(120) DEFAULT NULL,
  `ORDEM` int(10) DEFAULT NULL,
  PRIMARY KEY (`COD_ENTIDADE`)
) ENGINE=InnoDB AUTO_INCREMENT=4 DEFAULT CHARSET=utf8;

--
-- Dumping data for table `sys_entidade`
--

/*!40000 ALTER TABLE `sys_entidade` DISABLE KEYS */;
INSERT INTO `sys_entidade` (`COD_ENTIDADE`,`TIPO`,`DESCRICAO`,`ORDEM`) VALUES 
 (1,'ENT_FORNECEDOR','Fornecedores',10),
 (2,'ENT_CLIENTE','Clientes',20),
 (3,'ENT_COLABORADOR','Colaboradores / Funcionários',30);
/*!40000 ALTER TABLE `sys_entidade` ENABLE KEYS */;


--
-- Definition of table `sys_grp_user`
--

DROP TABLE IF EXISTS `sys_grp_user`;
CREATE TABLE `sys_grp_user` (
  `COD_GRP_USER` int(10) NOT NULL AUTO_INCREMENT,
  `TIPO` varchar(50) DEFAULT NULL,
  `DESCRICAO` varchar(50) DEFAULT NULL,
  `ORDEM` int(10) DEFAULT NULL,
  PRIMARY KEY (`COD_GRP_USER`)
) ENGINE=InnoDB AUTO_INCREMENT=7 DEFAULT CHARSET=utf8;

--
-- Dumping data for table `sys_grp_user`
--

/*!40000 ALTER TABLE `sys_grp_user` DISABLE KEYS */;
INSERT INTO `sys_grp_user` (`COD_GRP_USER`,`TIPO`,`DESCRICAO`,`ORDEM`) VALUES 
 (2,'SU','Super Usuário',10),
 (3,'MANAGER','Administrador',20),
 (4,'NORMAL','Colaborador',30),
 (5,'CLIENTE','Cliente',40),
 (6,'VISITANTE','Visitante',50);
/*!40000 ALTER TABLE `sys_grp_user` ENABLE KEYS */;


--
-- Definition of table `sys_menu`
--

DROP TABLE IF EXISTS `sys_menu`;
CREATE TABLE `sys_menu` (
  `COD_MENU` int(10) NOT NULL AUTO_INCREMENT,
  `COD_MENU_PAI` int(10) DEFAULT NULL,
  `GRP_USER` varchar(50) DEFAULT NULL,
  `ROTULO` varchar(255) DEFAULT NULL,
  `LINK` longtext,
  `ID_APP` varchar(250) DEFAULT NULL,
  `DT_INATIVO` datetime DEFAULT NULL,
  `ORDEM` int(10) DEFAULT NULL,
  `IMG` varchar(255) DEFAULT NULL,
  PRIMARY KEY (`COD_MENU`),
  KEY `ID_APP` (`ID_APP`),
  KEY `ParentID` (`COD_MENU_PAI`)
) ENGINE=InnoDB AUTO_INCREMENT=922 DEFAULT CHARSET=utf8;

--
-- Dumping data for table `sys_menu`
--

/*!40000 ALTER TABLE `sys_menu` DISABLE KEYS */;
INSERT INTO `sys_menu` (`COD_MENU`,`COD_MENU_PAI`,`GRP_USER`,`ROTULO`,`LINK`,`ID_APP`,`DT_INATIVO`,`ORDEM`,`IMG`) VALUES 
 (100,-1,NULL,'Configurações',NULL,NULL,NULL,1000,'bg_panel_top.gif'),
 (101,100,NULL,'Meus Dados','../modulo_USUARIO/Update.asp',NULL,NULL,1010,'Bullet.gif'),
 (105,100,NULL,'Anotações','../modulo_NOTEPAD/default.htm',NULL,NULL,1020,'Bullet.gif'),
 (110,100,NULL,'Menu Principal','../modulo_MENU/default.htm',NULL,NULL,1030,'Bullet.gif'),
 (115,100,NULL,'Categorias','../modulo_CATEGORIAS/default.htm',NULL,NULL,1040,'Bullet.gif'),
 (120,100,NULL,'Tipo Boleto','../modulo_FIN_BOLETO/default.htm',NULL,NULL,1050,'Bullet.gif'),
 (125,100,NULL,'Config. Aviso','../modulo_AVISO_CFG/Default.htm',NULL,NULL,1060,'Bullet.gif'),
 (130,100,NULL,'Config. NF/Recibo','../modulo_FIN_NF_CFG/default.htm',NULL,NULL,1070,'Bullet.gif'),
 (140,100,NULL,'Planos de Contas','../modulo_FIN_PCONTAS/default.htm',NULL,NULL,1080,'Bullet.gif'),
 (150,100,NULL,'Centros de Custos','../modulo_FIN_CCUSTOS/default.htm',NULL,NULL,1090,'Bullet.gif'),
 (200,-1,NULL,'Sistema',NULL,NULL,NULL,2000,'bg_panel_top.gif'),
 (201,200,'SU','DB Explorer','../modulo_DBManager/athdefault.asp',NULL,NULL,2010,'Bullet.gif'),
 (205,200,'SU','File Explorer','../../FileManager.asp',NULL,NULL,2020,'Bullet.gif'),
 (210,200,'SU','Ajusta Saldos Finan','../_database/AjustaSaldos.asp',NULL,NULL,2030,'Bullet.gif'),
 (211,200,'MANAGER','DB Explorer','../modulo_DBManager/athdefault.asp',NULL,NULL,2010,'Bullet.gif'),
 (212,200,'MANAGER','File Explorer','../../FileManager.asp',NULL,NULL,2020,'Bullet.gif'),
 (213,200,'MANAGER','Ajusta Saldos Finan','../_database/AjustaSaldos.asp',NULL,NULL,2030,'Bullet.gif'),
 (215,200,NULL,'System Info','../modulo_SYSINFO/systeminfo.aspx',NULL,'2010-08-02 00:00:00',2040,'Bullet.gif'),
 (220,200,NULL,'System Components','../modulo_SYSCOMP/',NULL,'2010-08-03 00:00:00',2050,'Bullet.gif'),
 (300,-1,NULL,'Usuários',NULL,NULL,NULL,3000,'bg_panel_top.gif'),
 (301,300,NULL,'Usuários','../modulo_USUARIO/Default.htm',NULL,NULL,3010,'Bullet.gif'),
 (305,300,NULL,'Carga Horária','../modulo_HORARIO/Default.htm',NULL,NULL,3030,'Bullet.gif'),
 (310,300,NULL,'Registro de Horas','../modulo_PONTO/Default.htm',NULL,NULL,3040,'Bullet.gif'),
 (315,300,NULL,'Descontos de Horas','../modulo_PONTO_DESCONTO/Default.htm',NULL,NULL,3050,'Bullet.gif'),
 (320,300,NULL,'Folgas Agendadas','../modulo_PONTO_FOLGA/Default.htm',NULL,NULL,3060,'Bullet.gif'),
 (325,300,NULL,'Feriados e Recessos','../modulo_PONTO_FERIADO/Default.htm',NULL,NULL,3070,'Bullet.gif'),
 (330,300,NULL,'Cálculo de Horas Extras','http://www.calculoexato.com.br/adel/trabalhistas/VHE/index.asp',NULL,NULL,3080,'Bullet.gif'),
 (400,-1,NULL,'Cadastros',NULL,NULL,NULL,4000,'bg_panel_top.gif'),
 (401,400,NULL,'Clientes','../modulo_CLIENTE/Default.htm',NULL,NULL,4010,'Bullet.gif'),
 (405,400,NULL,'Fornecedores','../modulo_FORNECEDOR/Default.htm',NULL,NULL,4020,'Bullet.gif'),
 (410,400,NULL,'Colaboradores','../modulo_COLABORADOR/Default.htm',NULL,NULL,4030,'Bullet.gif'),
 (415,400,NULL,'Inventário','../modulo_INVENTARIO/Default.htm',NULL,NULL,4040,'Bullet.gif'),
 (420,400,NULL,'Serviços','../modulo_FIN_SERVICO/default.htm',NULL,NULL,4050,'Bullet.gif'),
 (425,400,NULL,'Accounts','../modulo_ACCOUNT/Default.htm',NULL,NULL,4060,'Bullet.gif'),
 (500,-1,NULL,'Financeiro',NULL,NULL,NULL,5000,'bg_panel_top.gif'),
 (501,500,NULL,'Painel Geral','../modulo_FIN_PAINEL/default.htm',NULL,NULL,5010,'Bullet.gif'),
 (505,500,NULL,'Contas Banco','../modulo_FIN_CONTAS/default.htm',NULL,NULL,5015,'Bullet.gif'),
 (510,500,NULL,'Lctos em Conta','../modulo_FIN_LCTOCONTA/default.htm',NULL,NULL,5020,'Bullet.gif'),
 (515,500,NULL,'Títulos (Geral)','../modulo_FIN_TITULOS/default.asp',NULL,NULL,5030,'Bullet.gif'),
 (520,500,NULL,'Fluxo de Caixa','../modulo_FIN_FLUXOCAIXA/default.htm',NULL,NULL,5040,'Bullet.gif'),
 (525,500,NULL,'Lctos Gerais','../modulo_FIN_LCTO_GERAIS/Default.htm',NULL,NULL,5050,'Bullet.gif'),
 (530,500,NULL,'NF/Recibo','../modulo_FIN_NF/default.htm',NULL,NULL,5060,'Bullet.gif'),
 (535,500,NULL,'Contratos','../modulo_CONTRATO/default.htm',NULL,NULL,5070,'Bullet.gif'),
 (540,500,NULL,'Pedidos','../modulo_PEDIDO/default.htm',NULL,'2015-02-10 00:00:00',5080,'Bullet.gif'),
 (600,-1,NULL,'Gestão',NULL,NULL,NULL,6000,'bg_panel_top.gif'),
 (601,600,NULL,'Agenda','../modulo_AGENDA/Default.htm',NULL,NULL,6005,'Bullet.gif'),
 (605,600,NULL,'Processos','../modulo_PROCESSO/default.htm',NULL,NULL,6010,'Bullet.gif'),
 (615,600,NULL,'Cargos','../modulo_ADM_CARGOS/Default.htm',NULL,NULL,6030,'Bullet.gif'),
 (620,600,NULL,'Classes','../modulo_ADM_CLASSES/Default.htm',NULL,NULL,6040,'Bullet.gif'),
 (625,600,NULL,'Competências','../modulo_ADM_COMPETENCIAS/Default.htm',NULL,NULL,6050,'Bullet.gif'),
 (700,-1,NULL,'Controle de Projetos',NULL,NULL,NULL,7000,'bg_panel_top.gif'),
 (701,700,NULL,'Projetos/Project','../Manutencao.asp',NULL,NULL,7010,'Bullet.gif'),
 (705,700,NULL,'Atividades/BS','../modulo_BS/default.htm',NULL,NULL,7020,'Bullet.gif'),
 (710,700,NULL,'Tarefas/ToDoList','../modulo_TODOLIST/default.htm',NULL,NULL,7030,'Bullet.gif'),
 (715,700,NULL,'Chamados','../modulo_CHAMADO/Default.htm',NULL,NULL,7040,'Bullet.gif'),
 (720,700,NULL,'Respostas','../modulo_RESPOSTA/default.htm',NULL,NULL,7050,'Bullet.gif'),
 (800,-1,NULL,'Biblioteca',NULL,NULL,NULL,8000,'bg_panel_top.gif'),
 (801,800,NULL,'Livros','../modulo_MB_LIVRO/default.htm',NULL,NULL,8010,'Bullet.gif'),
 (805,800,NULL,'Revistas','../modulo_MB_REVISTA/default.htm',NULL,NULL,8020,'Bullet.gif'),
 (810,800,NULL,'Manuais','../modulo_MB_MANUAL/default.htm',NULL,NULL,8030,'Bullet.gif'),
 (815,800,NULL,'Discos','../modulo_MB_DISCO/default.htm',NULL,NULL,8040,'Bullet.gif'),
 (820,800,NULL,'Vídeos','../modulo_MB_VIDEO/default.htm',NULL,NULL,8050,'Bullet.gif'),
 (825,800,NULL,'Dados','../modulo_MB_DADO/default.htm',NULL,NULL,8060,'Bullet.gif'),
 (900,-1,NULL,'Relatórios',NULL,NULL,NULL,9000,'bg_panel_top.gif'),
 (901,900,NULL,'Relatórios ASL','../modulo_RELAT_ASLW',NULL,NULL,9020,'Bullet.gif'),
 (905,900,NULL,'Balancete','../modulo_FIN_BALANCETE/default.htm',NULL,NULL,9030,'Bullet.gif'),
 (910,900,NULL,'Livro Caixa','../modulo_FIN_LIVRO_CX/Default.htm',NULL,NULL,9040,'Bullet.gif'),
 (915,900,NULL,'Extrato','../modulo_FIN_EXTRATO/Default.htm',NULL,NULL,9050,'Bullet.gif'),
 (916,500,NULL,'Títulos (por Entidade)','../modulo_FIN_TITULOS_ENT/default.asp',NULL,NULL,5035,'Bullet.gif'),
 (917,700,NULL,'Backlog','../modulo_PROJETO_BACKLOG/default.htm',NULL,NULL,7060,'Bullet.gif'),
 (918,100,NULL,'Upload de Arquivos','../athUploader.asp?var_file_prefix=false&var_dir=//upload//myhouse',NULL,NULL,1100,'Bullet.gif'),
 (919,600,NULL,'Enquete','../modulo_ENQUETE/Default.htm',NULL,NULL,6007,'Bullet.gif'),
 (920,900,NULL,'NF Report','../modulo_FIN_NFREPORT',NULL,NULL,9060,'Bullet.gif'),
 (921,200,NULL,'Importação Excel','../modulo_IMPORTACAO/ImportExcel.asp',NULL,NULL,2025,'Bullet.gif');
/*!40000 ALTER TABLE `sys_menu` ENABLE KEYS */;


--
-- Definition of table `sys_menu_var`
--

DROP TABLE IF EXISTS `sys_menu_var`;
CREATE TABLE `sys_menu_var` (
  `COD_VAR` varchar(50) NOT NULL DEFAULT '',
  `VALOR` varchar(250) DEFAULT NULL,
  `ORDEM` int(10) DEFAULT NULL,
  PRIMARY KEY (`COD_VAR`)
) ENGINE=InnoDB DEFAULT CHARSET=utf8;

--
-- Dumping data for table `sys_menu_var`
--

/*!40000 ALTER TABLE `sys_menu_var` DISABLE KEYS */;
INSERT INTO `sys_menu_var` (`COD_VAR`,`VALOR`,`ORDEM`) VALUES 
 ('DELAY','200',40),
 ('DOWN_BG','#515960',100),
 ('DOWN_TEXT','#D4EB8D',90),
 ('FONT_STYLE','font-family: Verdana, Tahoma, Arial,Trebuchet MS; font-size:9px; font-weight:bold; text-decoration:none;padding: 4px',110),
 ('HEIGHT','24',20),
 ('MAX_TOPITENS','12',0),
 ('OUT_BG','#38424E',80),
 ('OUT_TEXT','white',70),
 ('OVER_BG','#8D9499',60),
 ('OVER_TEXT','white',50),
 ('TYPE','horizontal',30),
 ('WIDTH','130',10);
/*!40000 ALTER TABLE `sys_menu_var` ENABLE KEYS */;


--
-- Definition of table `sys_mx`
--

DROP TABLE IF EXISTS `sys_mx`;
CREATE TABLE `sys_mx` (
  `COD_MX` int(10) NOT NULL AUTO_INCREMENT,
  `ROTULO` varchar(120) DEFAULT NULL,
  `DESCRICAO` varchar(255) DEFAULT NULL,
  `LINK` longtext,
  `TARGET` varchar(50) DEFAULT NULL,
  `ORDEM` int(10) DEFAULT NULL,
  `DT_INATIVO` datetime DEFAULT NULL,
  PRIMARY KEY (`COD_MX`)
) ENGINE=InnoDB DEFAULT CHARSET=utf8;

--
-- Dumping data for table `sys_mx`
--

/*!40000 ALTER TABLE `sys_mx` DISABLE KEYS */;
/*!40000 ALTER TABLE `sys_mx` ENABLE KEYS */;


--
-- Definition of table `sys_mx_item`
--

DROP TABLE IF EXISTS `sys_mx_item`;
CREATE TABLE `sys_mx_item` (
  `COD_MX_ITEM` int(10) NOT NULL AUTO_INCREMENT,
  `COD_MX` int(10) DEFAULT NULL,
  `ROTULO` varchar(120) DEFAULT NULL,
  `DESCRICAO` varchar(255) DEFAULT NULL,
  `LINK` longtext,
  `TARGET` varchar(50) DEFAULT NULL,
  `ORDEM` int(10) DEFAULT NULL,
  `DT_INATIVO` datetime DEFAULT NULL,
  PRIMARY KEY (`COD_MX_ITEM`),
  KEY `ID_APP` (`TARGET`),
  KEY `ParentID` (`COD_MX`)
) ENGINE=InnoDB DEFAULT CHARSET=utf8;

--
-- Dumping data for table `sys_mx_item`
--

/*!40000 ALTER TABLE `sys_mx_item` DISABLE KEYS */;
/*!40000 ALTER TABLE `sys_mx_item` ENABLE KEYS */;


--
-- Definition of table `sys_mx_item_sub`
--

DROP TABLE IF EXISTS `sys_mx_item_sub`;
CREATE TABLE `sys_mx_item_sub` (
  `COD_MX_ITEM_SUB` int(10) NOT NULL AUTO_INCREMENT,
  `COD_MX_ITEM` int(10) DEFAULT NULL,
  `COD_MX` int(10) DEFAULT NULL,
  `TIPO` varchar(120) DEFAULT NULL,
  `ROTULO` varchar(255) DEFAULT NULL,
  `DESCRICAO` varchar(50) DEFAULT NULL,
  `IMG` varchar(255) DEFAULT NULL,
  `LINK` longtext,
  `TARGET` varchar(50) DEFAULT NULL,
  `ORDEM` int(10) DEFAULT NULL,
  `DT_INATIVO` datetime DEFAULT NULL,
  PRIMARY KEY (`COD_MX_ITEM_SUB`),
  KEY `ID_APP` (`TARGET`),
  KEY `ParentID` (`COD_MX`)
) ENGINE=InnoDB DEFAULT CHARSET=utf8;

--
-- Dumping data for table `sys_mx_item_sub`
--

/*!40000 ALTER TABLE `sys_mx_item_sub` DISABLE KEYS */;
/*!40000 ALTER TABLE `sys_mx_item_sub` ENABLE KEYS */;


--
-- Definition of table `sys_painel`
--

DROP TABLE IF EXISTS `sys_painel`;
CREATE TABLE `sys_painel` (
  `COD_PAINEL` int(10) NOT NULL AUTO_INCREMENT,
  `ROTULO` varchar(120) DEFAULT NULL,
  `DESCRICAO` varchar(250) DEFAULT NULL,
  `IMG` varchar(250) DEFAULT NULL,
  `LINK` varchar(250) DEFAULT NULL,
  `LINK_PARAM` varchar(250) DEFAULT NULL,
  `TARGET` varchar(250) DEFAULT NULL,
  `ORDEM` int(10) DEFAULT NULL,
  `DT_INATIVO` datetime DEFAULT NULL,
  `ID_USUARIO` varchar(50) DEFAULT NULL,
  PRIMARY KEY (`COD_PAINEL`)
) ENGINE=InnoDB AUTO_INCREMENT=224 DEFAULT CHARSET=utf8;

--
-- Dumping data for table `sys_painel`
--

/*!40000 ALTER TABLE `sys_painel` DISABLE KEYS */;
INSERT INTO `sys_painel` (`COD_PAINEL`,`ROTULO`,`DESCRICAO`,`IMG`,`LINK`,`LINK_PARAM`,`TARGET`,`ORDEM`,`DT_INATIVO`,`ID_USUARIO`) VALUES 
 (1,'Capa/Agenda',NULL,'ICO_VBOSS_01.gif','../modulo_PAINEL/principal.htm',NULL,'mainframe',10,'2007-03-23 00:00:00',NULL),
 (2,NULL,NULL,'ICO_VBOSS_02.gif','',NULL,'vbNucleo',20,'2007-01-12 09:21:23',NULL),
 (3,NULL,NULL,'ICO_VBOSS_03.gif','',NULL,'vbNucleo',30,'2007-01-12 09:21:23',NULL),
 (4,'Chat/Fórum',NULL,'ICO_VBOSS_04.gif','',NULL,'vbNucleo',40,'2007-01-12 09:21:23',NULL),
 (5,NULL,NULL,'ICO_VBOSS_05.gif','',NULL,'vbNucleo',50,'2007-01-12 09:21:23',NULL),
 (6,NULL,NULL,'ICO_VBOSS_06.gif','',NULL,'vbNucleo',60,'2007-01-12 09:21:23',NULL),
 (7,'Configurações',NULL,'ICO_VBOSS_07.gif','',NULL,'vbNucleo',70,'2007-01-12 09:21:23',NULL),
 (8,NULL,NULL,'ICO_VBOSS_08.gif','',NULL,'vbNucleo',80,'2007-01-12 09:21:23',NULL),
 (9,NULL,NULL,'ICO_VBOSS_09.gif','',NULL,'vbNucleo',90,'2007-01-12 09:21:23',NULL),
 (10,'DB Explorer',NULL,'ICO_VBOSS_10.gif','../modulo_DBManager/athDefault.asp',NULL,'vbNucleo',150,'2010-07-16 00:00:00','aless'),
 (11,NULL,NULL,'ICO_VBOSS_11.gif','',NULL,'vbNucleo',110,'2007-01-12 09:21:23',NULL),
 (13,NULL,NULL,'ICO_VBOSS_13.gif','',NULL,'vbNucleo',130,'2007-01-12 09:21:23',NULL),
 (14,NULL,NULL,'ICO_VBOSS_14.gif','',NULL,'vbNucleo',140,'2007-01-12 09:21:23',NULL),
 (15,NULL,NULL,'ICO_VBOSS_15.gif','',NULL,'vbNucleo',150,'2007-01-12 09:21:23',NULL),
 (16,NULL,NULL,'ICO_VBOSS_16.gif','',NULL,'vbNucleo',160,'2007-01-12 09:21:23',NULL),
 (17,NULL,NULL,'ICO_VBOSS_17.gif','',NULL,'vbNucleo',170,'2007-01-12 09:21:23',NULL),
 (18,NULL,NULL,'ICO_VBOSS_18.gif','',NULL,'vbNucleo',180,'2007-01-12 09:21:23',NULL),
 (19,NULL,NULL,'ICO_VBOSS_19.gif','',NULL,'vbNucleo',190,'2007-01-12 09:21:23',NULL),
 (20,NULL,NULL,'ICO_VBOSS_20.gif','',NULL,'vbNucleo',200,'2007-01-12 09:21:23',NULL),
 (21,'Relatórios',NULL,'ICO_VBOSS_21.gif','',NULL,'vbNucleo',210,'2007-01-12 09:21:23',NULL),
 (22,'Pagamentos',NULL,'ICO_VBOSS_22.gif','',NULL,'vbNucleo',220,'2007-01-12 09:21:23',NULL),
 (23,'Notas Fiscais',NULL,'ICO_VBOSS_23.gif','',NULL,'vbNucleo',230,'2007-01-12 09:21:23',NULL),
 (24,NULL,NULL,'ICO_VBOSS_24.gif','',NULL,'vbNucleo',240,'2007-01-12 09:21:23',NULL),
 (25,'Contatos',NULL,'ICO_VBOSS_25.gif','',NULL,'vbNucleo',250,'2007-01-12 09:21:23',NULL),
 (27,'Agenda',NULL,'ICO_VBOSS_01.gif','../modulo_AGENDA/default.htm',NULL,'vbNucleo',50,NULL,'aless'),
 (31,'Agenda',NULL,'ICO_VBOSS_01.gif','../modulo_AGENDA/default.htm',NULL,'vbNucleo',20,'2007-08-17 00:00:00','dennis'),
 (33,'DB Explorer',NULL,'ICO_VBOSS_10.gif','../modulo_DBManager/athDefault.asp',NULL,'vbNucleo',40,NULL,'dennis'),
 (34,'Webmail Athenas',NULL,'ICO_VBOSS_06.gif','http://webmail.athenas.com.br',NULL,'vbNucleo',80,NULL,'dennis'),
 (35,'Ponto',NULL,'ICO_VBOSS_24.gif','JavaScript:	window.open(\'../modulo_PONTO/INS_UPD.ASP\',\'Ponto\',\'width=357, height=370, left=30, top=30, scrollbars=0, status=0\');',NULL,'vbmainFrame',5,NULL,'dennis'),
 (36,'Processos',NULL,'ICO_VBOSS_11.gif','../modulo_PROCESSO/default.htm',NULL,'vbNucleo',10,NULL,'clvsutil'),
 (37,'Agenda',NULL,'ICO_VBOSS_01.gif','../modulo_AGENDA/default.htm',NULL,'vbNucleo',50,NULL,NULL),
 (38,'Processos',NULL,'ICO_VBOSS_12.gif','../modulo_PROCESSO/default.htm',NULL,'vbNucleo',100,NULL,NULL),
 (39,'DB Explorer',NULL,'ICO_VBOSS_10.gif','../modulo_DBManager/athDefault.asp',NULL,'vbmainFrame',150,NULL,NULL),
 (40,'Chat/Fórum',NULL,'ICO_VBOSS_04.gif',NULL,NULL,'vbNucleo',40,NULL,NULL),
 (44,'Chat/Fórum',NULL,'ICO_VBOSS_04.gif',NULL,NULL,'vbNucleo',80,'2007-05-18 00:00:00','dennis'),
 (45,'Webmail Athenas',NULL,'ICO_VBOSS_06.gif','http://webmail.athenas.com.br',NULL,'vbNucleo',250,NULL,'kiko'),
 (46,'Processos',NULL,'ICO_VBOSS_12.gif','../modulo_PROCESSO/default.htm',NULL,'vbNucleo',100,NULL,'kiko'),
 (48,'Agenda',NULL,'ICO_VBOSS_01.gif','../modulo_AGENDA/default.htm',NULL,'vbNucleo',10,NULL,'kiko'),
 (49,'Account Services',NULL,'ICO_VBOSS_11.gif','../modulo_ACCOUNT/default.htm',NULL,'vbNucleo',200,NULL,'kiko'),
 (53,'DB Explorer',NULL,'ICO_VBOSS_10.gif','../modulo_DBManager/athDefault.asp',NULL,'vbmainFrame',150,NULL,'tatiana'),
 (54,'Agenda',NULL,'ICO_VBOSS_01.gif','../modulo_AGENDA/default.htm',NULL,'vbNucleo',50,NULL,'tatiana'),
 (56,'Webmail Athenas',NULL,'ICO_VBOSS_06.gif','http://webmail.athenas.com.br',NULL,'vbNucleo',250,NULL,'neto'),
 (57,'Processos',NULL,'ICO_VBOSS_12.gif','../modulo_PROCESSO/default.htm',NULL,'vbNucleo',100,NULL,'neto'),
 (58,'DB Explorer',NULL,'ICO_VBOSS_10.gif','../modulo_DBManager/athDefault.asp',NULL,'vbmainFrame',150,NULL,'neto'),
 (59,'Agenda',NULL,'ICO_VBOSS_01.gif','../modulo_AGENDA/default.htm',NULL,'vbNucleo',50,NULL,'neto'),
 (60,'Account Services',NULL,'ICO_VBOSS_11.gif','../modulo_ACCOUNT/default.htm',NULL,'vbNucleo',200,NULL,'neto'),
 (62,'Webmail Athenas',NULL,'ICO_VBOSS_06.gif','http://webmail.athenas.com.br',NULL,'vbNucleo',250,NULL,'mauro'),
 (63,'Processos',NULL,'ICO_VBOSS_12.gif','../modulo_PROCESSO/default.htm',NULL,'vbNucleo',100,NULL,'mauro'),
 (64,'DB Explorer',NULL,'ICO_VBOSS_10.gif','../modulo_DBManager/athDefault.asp',NULL,'vbmainFrame',150,NULL,'mauro'),
 (65,'Agenda',NULL,'ICO_VBOSS_01.gif','../modulo_AGENDA/default.htm',NULL,'vbNucleo',50,NULL,'mauro'),
 (66,'Account Services',NULL,'ICO_VBOSS_11.gif','../modulo_ACCOUNT/default.htm',NULL,'vbNucleo',200,NULL,'mauro'),
 (67,'Yahoo Mail',NULL,'ICO_VBOSS_06.gif','http://www.yahoo.com.br/mail',NULL,'_blank',300,NULL,'clvsutil'),
 (68,'Finanças',NULL,'ICO_VBOSS_22.gif','../modulo_FIN_PAINEL/default.htm',NULL,'vbNucleo',30,NULL,'clvsutil'),
 (69,'DB Explorer',NULL,'ICO_VBOSS_10.gif','../modulo_DBManager/athDefault.asp',NULL,'vbmainFrame',200,NULL,'clvsutil'),
 (70,'Agenda',NULL,'ICO_VBOSS_01.gif','../modulo_AGENDA/default.htm',NULL,'vbNucleo',20,NULL,'clvsutil'),
 (71,'Account Services',NULL,'ICO_VBOSS_03.gif','../modulo_ACCOUNT/default.htm',NULL,'vbNucleo',40,NULL,'clvsutil'),
 (72,'Webmail Athenas',NULL,'ICO_VBOSS_06.gif','http://webmail.athenas.com.br',NULL,'vbNucleo',250,NULL,'alan'),
 (73,'Processos',NULL,'ICO_VBOSS_12.gif','../modulo_PROCESSO/default.htm',NULL,'vbNucleo',100,NULL,'alan'),
 (74,'DB Explorer',NULL,'ICO_VBOSS_10.gif','../modulo_DBManager/athDefault.asp',NULL,'vbmainFrame',150,NULL,'alan'),
 (75,'Agenda',NULL,'ICO_VBOSS_01.gif','../modulo_AGENDA/default.htm',NULL,'vbNucleo',50,NULL,'alan'),
 (76,'Account Services',NULL,'ICO_VBOSS_11.gif','../modulo_ACCOUNT/default.htm',NULL,'vbNucleo',200,NULL,'alan'),
 (79,'Finanças',NULL,'ICO_VBOSS_22.gif','../modulo_FIN_PAINEL/default.htm',NULL,'vbNucleo',20,NULL,'[Selecione]'),
 (80,'DB Schema',NULL,'ICO_VBOSS_07.gif','../modulo_DBSchema/dbadmin.asp',NULL,'vbmainFrame',210,NULL,'clvsutil'),
 (82,'Processos',NULL,'ICO_VBOSS_11.gif','../modulo_PROCESSO/default.htm',NULL,'vbNucleo',210,NULL,'clvborges'),
 (83,'Mensagens',NULL,'ICO_VBOSS_06.gif','../modulo_MSG/default.htm',NULL,'vbNucleo',240,NULL,'clvborges'),
 (84,'Finanças',NULL,'ICO_VBOSS_22.gif','../modulo_FIN_PAINEL/default.htm',NULL,'vbNucleo',200,NULL,'clvborges'),
 (85,'DB Explorer',NULL,'ICO_VBOSS_10.gif','../modulo_DBManager/athDefault.asp',NULL,'vbmainFrame',100,NULL,'clvborges'),
 (86,'Agenda',NULL,'ICO_VBOSS_01.gif','../modulo_AGENDA/default.htm',NULL,'vbNucleo',230,NULL,'clvborges'),
 (87,'Account Services',NULL,'ICO_VBOSS_03.gif','../modulo_ACCOUNT/default.htm',NULL,'vbNucleo',220,NULL,'clvborges'),
 (88,'DB Schema',NULL,'ICO_VBOSS_07.gif','../modulo_DBSchema/dbadmin.asp',NULL,'vbmainFrame',110,NULL,'clvborges'),
 (94,'Ponto','Registro Ponto','ICO_VBOSS_27.gif','../modulo_PONTO/Default.htm',NULL,'vbNucleo',0,NULL,'_athenas'),
 (95,'Ponto','Registro Ponto','ICO_VBOSS_27.gif','../modulo_PONTO/Default.htm',NULL,'vbNucleo',0,NULL,'_admin'),
 (96,'Ponto','Registro Ponto','ICO_VBOSS_27.gif','../modulo_PONTO/Default.htm',NULL,'vbNucleo',0,NULL,'aless'),
 (97,'Ponto','Registro Ponto','ICO_VBOSS_27.gif','../modulo_PONTO/Default.htm',NULL,'vbNucleo',0,NULL,'mauro'),
 (98,'Ponto','Registro Ponto','ICO_VBOSS_27.gif','../modulo_PONTO/Default.htm',NULL,'vbNucleo',0,NULL,'kiko'),
 (99,'Ponto','Registro Ponto','ICO_VBOSS_27.gif','../modulo_PONTO/Default.htm',NULL,'vbNucleo',0,NULL,'tamyres'),
 (100,'Ponto','Registro Ponto','ICO_VBOSS_27.gif','../modulo_PONTO/Default.htm',NULL,'vbNucleo',0,NULL,'neto'),
 (101,'Ponto','Registro Ponto','ICO_VBOSS_27.gif','../modulo_PONTO/Default.htm',NULL,'vbNucleo',0,NULL,'luciano'),
 (102,'Ponto','Registro Ponto','ICO_VBOSS_27.gif','../modulo_PONTO/Default.htm',NULL,'vbNucleo',0,NULL,'rodrigo'),
 (103,'Ponto','Registro Ponto','ICO_VBOSS_27.gif','../modulo_PONTO/Default.htm',NULL,'vbNucleo',0,NULL,'alan'),
 (105,'Ponto','Registro Ponto','ICO_VBOSS_27.gif','../modulo_PONTO/Default.htm',NULL,'vbNucleo',0,NULL,'clvsutil'),
 (106,'Ponto','Registro Ponto','ICO_VBOSS_27.gif','../modulo_PONTO/Default.htm',NULL,'vbNucleo',0,NULL,'ezequiel'),
 (107,'Ponto','Registro Ponto','ICO_VBOSS_27.gif','../modulo_PONTO/Default.htm',NULL,'vbNucleo',0,NULL,'dennis'),
 (108,'Ponto','Registro Ponto','ICO_VBOSS_27.gif','../modulo_PONTO/Default.htm',NULL,'vbNucleo',0,NULL,'clvborges'),
 (109,'Ponto','Registro Ponto','ICO_VBOSS_27.gif','../modulo_PONTO/Default.htm',NULL,'vbNucleo',0,NULL,'rmatos'),
 (110,'Ponto','Registro Ponto','ICO_VBOSS_27.gif','../modulo_PONTO/Default.htm',NULL,'vbNucleo',0,NULL,'madison'),
 (111,'Agenda','Agenda','ICO_VBOSS_01.gif','../modulo_AGENDA/Default.htm',NULL,'vbNucleo',10,NULL,'_athenas'),
 (112,'Agenda','Agenda','ICO_VBOSS_01.gif','../modulo_AGENDA/Default.htm',NULL,'vbNucleo',10,NULL,'_admin'),
 (113,'Agenda','Agenda','ICO_VBOSS_01.gif','../modulo_AGENDA/Default.htm',NULL,'vbNucleo',10,NULL,'tamyres'),
 (114,'Agenda','Agenda','ICO_VBOSS_01.gif','../modulo_AGENDA/Default.htm',NULL,'vbNucleo',10,NULL,'luciano'),
 (115,'Agenda','Agenda','ICO_VBOSS_01.gif','../modulo_AGENDA/Default.htm',NULL,'vbNucleo',10,NULL,'rodrigo'),
 (116,'Agenda','Agenda','ICO_VBOSS_01.gif','../modulo_AGENDA/Default.htm',NULL,'vbNucleo',10,NULL,'ezequiel'),
 (117,'Agenda','Agenda','ICO_VBOSS_01.gif','../modulo_AGENDA/Default.htm',NULL,'vbNucleo',10,NULL,'rmatos'),
 (118,'Agenda','Agenda','ICO_VBOSS_01.gif','../modulo_AGENDA/Default.htm',NULL,'vbNucleo',10,NULL,'madison'),
 (119,'Painel Financeiro',NULL,'ICO_VBOSS_14.gif','../modulo_FIN_PAINEL/default.htm',NULL,'vbmainFrame',5,NULL,'tatiana'),
 (120,'Account Services',NULL,'ICO_VBOSS_11.gif','../modulo_ACCOUNT/default.htm',NULL,'vbNucleo',200,NULL,'Alessandro'),
 (121,'Account Services',NULL,'ICO_VBOSS_11.gif','../modulo_ACCOUNT/default.htm',NULL,'vbNucleo',200,NULL,'tatiana'),
 (122,'Ponto','Registro Ponto','ICO_VBOSS_27.gif','../modulo_PONTO/Default.htm',NULL,'vbNucleo',0,NULL,'Alessandro'),
 (125,'Tarefas','Tarefas','ICO_VBOSS_08.gif','../modulo_TODOLIST/default.htm',NULL,'vbNucleo',100,NULL,'tatiana'),
 (126,'Ponto',NULL,'ICO_VBOSS_18.gif','../modulo_PONTO/Default.htm',NULL,'vbNucleo',10,NULL,'fabiano'),
 (127,'Ponto','Registro Ponto','ICO_VBOSS_27.gif','../modulo_PONTO/Default.htm',NULL,'vbNucleo',0,NULL,'roberta'),
 (128,'Ponto','Registro Ponto','ICO_VBOSS_27.gif','../modulo_PONTO/Default.htm',NULL,'vbNucleo',0,NULL,'leonardo'),
 (129,'Ponto','Registro Ponto','ICO_VBOSS_27.gif','../modulo_PONTO/Default.htm',NULL,'vbNucleo',0,NULL,'gabriel'),
 (130,'Ponto','Registro Ponto','ICO_VBOSS_27.gif','../modulo_PONTO/Default.htm',NULL,'vbNucleo',0,NULL,'adriano'),
 (131,'Ponto','Registro Ponto','ICO_VBOSS_27.gif','../modulo_PONTO/Default.htm',NULL,'vbNucleo',0,NULL,'tiago'),
 (132,'Ponto','Registro Ponto','ICO_VBOSS_18.gif','../modulo_PONTO/Default.htm',NULL,'vbNucleo',0,NULL,'raissa'),
 (133,'Ponto','Registro Ponto','ICO_VBOSS_18.gif','../modulo_PONTO/Default.htm',NULL,'vbNucleo',0,NULL,'everton'),
 (134,'Ponto','Registro Ponto','ICO_VBOSS_27.gif','../modulo_PONTO/Default.htm',NULL,'vbNucleo',0,NULL,'mauricio'),
 (135,'Ponto','Registro Ponto','ICO_VBOSS_27.gif','../modulo_PONTO/Default.htm',NULL,'vbNucleo',0,NULL,'alexandre'),
 (136,'Ponto','Registro Ponto','ICO_VBOSS_27.gif','../modulo_PONTO/Default.htm',NULL,'vbNucleo',0,NULL,'edipo'),
 (137,'Ponto','Registro Ponto','ICO_VBOSS_27.gif','../modulo_PONTO/Default.htm',NULL,'vbNucleo',0,NULL,'lu'),
 (138,'Ponto','Registro Ponto','ICO_VBOSS_27.gif','../modulo_PONTO/Default.htm',NULL,'vbNucleo',0,NULL,'mateus'),
 (139,'Ponto','Registro Ponto','ICO_VBOSS_27.gif','../modulo_PONTO/Default.htm',NULL,'vbNucleo',0,NULL,'rafael'),
 (140,'Ponto','Registro Ponto','ICO_VBOSS_27.gif','../modulo_PONTO/Default.htm',NULL,'vbNucleo',0,NULL,'glauber'),
 (141,'Ponto','Registro Ponto','ICO_VBOSS_27.gif','../modulo_PONTO/Default.htm',NULL,'vbNucleo',0,NULL,'william'),
 (142,'Ponto',NULL,'ICO_VBOSS_27.gif','../modulo_PONTO/Default.htm',NULL,'vbNucleo',10,NULL,'leandro'),
 (143,'f','Ponto','ICO_VBOSS_29.gif','../modulo_PONTO/Default.htm',NULL,'vbNucleo',2,NULL,'leonardo'),
 (144,'Financeiro',NULL,'ICO_VBOSS_22.gif','../modulo_FIN_PAINEL/default.htm',NULL,'vbNucleo',50,NULL,'mauro'),
 (145,'Agenda',NULL,'ICO_VBOSS_01.gif','../modulo_AGENDA/default.htm',NULL,'vbNucleo',20,NULL,'leandro'),
 (147,'Tarefas',NULL,'ICO_VBOSS_30.gif','../modulo_TODOLIST/default.htm',NULL,'vbNucleo',250,NULL,'clvborges'),
 (148,'Ponto',NULL,'ICO_VBOSS_27.gif','../modulo_PONTO/Default.htm',NULL,'vbNucleo',10,NULL,'marcio'),
 (149,'teste','teste','ICO_VBOSS_01.gif','../modulo_AGENDA/default.htm','teste','vbNucleo',1,NULL,'glauber'),
 (150,'Agenda',NULL,'ICO_VBOSS_01.gif','../modulo_AGENDA/default.htm',NULL,'vbNucleo',2,NULL,'raissa'),
 (151,'Agenda',NULL,'ICO_VBOSS_01.gif','../modulo_AGENDA/default.htm',NULL,'vbNucleo',2,NULL,'alexandre'),
 (152,'Agenda',NULL,'ICO_VBOSS_01.gif','../modulo_AGENDA/default.htm',NULL,'vbNucleo',2,NULL,'edipo'),
 (153,'Agenda',NULL,'ICO_VBOSS_01.gif','../modulo_AGENDA/default.htm',NULL,'vbNucleo',2,NULL,'everton'),
 (154,'Ponto',NULL,'ICO_VBOSS_17.gif','../modulo_PONTO/Default.htm',NULL,'vbNucleo',10,NULL,'larissa'),
 (155,'Painel Financeiro',NULL,'ICO_VBOSS_14.gif','../modulo_FIN_PAINEL/default.htm',NULL,'vbNucleo',20,NULL,'larissa'),
 (156,'Fluxo de Caixa',NULL,'ICO_VBOSS_20.gif','http://www.virtualboss.com.br/virtualboss/modulo_FIN_FLUXOCAIXA/default.htm',NULL,'vbmainFrame',30,NULL,'larissa'),
 (157,'Inserir Previsão',NULL,'ICO_VBOSS_10.gif','http://www.virtualboss.com.br/virtualboss/modulo_FIN_TITULOS/default.asp',NULL,'vbmainFrame',10,NULL,'larissa'),
 (158,'Nota Fiscal',NULL,'ICO_VBOSS_23.gif','http://www.virtualboss.com.br/virtualboss/modulo_FIN_NF/default.htm',NULL,'vbmainFrame',40,NULL,'larissa'),
 (159,'Lançamentos',NULL,'ICO_VBOSS_22.gif','http://www.virtualboss.com.br/virtualboss/modulo_FIN_LCTOCONTA/default.htm',NULL,'vbmainFrame',20,NULL,'larissa'),
 (160,'FORNECEDORES','FORNECEDORES','ICO_VBOSS_07.gif','../modulo_FORNECEDOR/default.htm',NULL,'vbNucleo',70,NULL,'larissa'),
 (161,'Ponto','Ponto','ICO_VBOSS_27.gif','../modulo_PONTO/Default.htm',NULL,'vbNucleo',0,NULL,'portela'),
 (162,'Ponto','Registro Ponto','ICO_VBOSS_27.gif','../modulo_PONTO/Default.htm',NULL,'vbNucleo',0,NULL,'tatiana'),
 (163,'Ponto','Registro Ponto','ICO_VBOSS_27.gif','../modulo_PONTO/Default.htm',NULL,'vbNucleo',10,NULL,'fabiana'),
 (164,'Agenda','Agenda','ICO_VBOSS_01.gif','../modulo_AGENDA/default.htm',NULL,'vbNucleo',20,NULL,'fabiana'),
 (165,'Tarefas','Tarefas','ICO_VBOSS_08.gif','../modulo_TODOLIST/default.htm',NULL,'vbNucleo',30,NULL,'fabiana'),
 (167,'Bater ponto',NULL,'ICO_VBOSS_29.gif','../modulo_PONTO/INS_UPD.ASP',NULL,'_blank',1,NULL,'portela'),
 (168,'Ponto','Registro Ponto','ICO_VBOSS_17.gif','../modulo_PONTO/Default.htm',NULL,'vbNucleo',10,NULL,'achutti'),
 (169,'Tarefas','Tarefas','ICO_VBOSS_08.gif','../modulo_TODOLIST/default.htm',NULL,'vbNucleo',20,NULL,'achutti'),
 (170,'Ponto','Registro Ponto','ICO_VBOSS_17.gif','../modulo_PONTO/Default.htm',NULL,'vbNucleo',10,NULL,'aloisio'),
 (171,'Tarefas','Tarefas','ICO_VBOSS_08.gif','../modulo_TODOLIST/default.htm',NULL,'vbNucleo',20,NULL,'aloisio'),
 (172,'Ponto','Registro Ponto','ICO_VBOSS_27.gif','../modulo_PONTO/Default.htm',NULL,'vbNucleo',10,NULL,'cleverson'),
 (173,'DB Explorer',NULL,'ICO_VBOSS_10.gif','../modulo_DBManager/athDefault.asp',NULL,'vbmainFrame',100,NULL,'cleverson'),
 (174,'DB Schema',NULL,'ICO_VBOSS_07.gif','../modulo_DBSchema/dbadmin.asp',NULL,'vbmainFrame',110,NULL,'cleverson'),
 (175,'Finanças',NULL,'ICO_VBOSS_22.gif','../modulo_FIN_PAINEL/default.htm',NULL,'vbNucleo',200,NULL,'cleverson'),
 (176,'Processos',NULL,'ICO_VBOSS_11.gif','../modulo_PROCESSO/default.htm',NULL,'vbNucleo',210,NULL,'cleverson'),
 (177,'Account Services',NULL,'ICO_VBOSS_03.gif','../modulo_ACCOUNT/default.htm',NULL,'vbNucleo',220,NULL,'cleverson'),
 (178,'Agenda',NULL,'ICO_VBOSS_01.gif','../modulo_AGENDA/default.htm',NULL,'vbNucleo',230,NULL,'cleverson'),
 (179,'Mensagens',NULL,'ICO_VBOSS_06.gif','../modulo_MSG/default.htm',NULL,'vbNucleo',240,NULL,'cleverson'),
 (180,'Tarefas',NULL,'ICO_VBOSS_30.gif','../modulo_TODOLIST/default.htm',NULL,'vbNucleo',310,NULL,'cleverson'),
 (183,'PONTO',NULL,'ICO_VBOSS_11.gif','../modulo_PONTO/Default.htm',NULL,'vbNucleo',10,NULL,'analet'),
 (184,'PONTO',NULL,'ICO_VBOSS_11.gif','../modulo_PONTO/Default.htm',NULL,'vbNucleo',10,NULL,'ingrid'),
 (185,'Tarefas','Tarefas','ICO_VBOSS_20.gif','../modulo_TODOLIST/insert.asp',NULL,'_blank',3,NULL,'portela'),
 (187,'Ponto',NULL,'ICO_VBOSS_11.gif','../modulo_PONTO/Default.htm',NULL,'vbNucleo',10,NULL,'barbara'),
 (188,'Atividades',NULL,'ICO_VBOSS_29.gif','../modulo_BS/default.htm',NULL,'vbNucleo',300,NULL,'cleverson'),
 (189,'Tarefas',NULL,'ICO_VBOSS_08.gif','../modulo_TODOLIST/default.htm',NULL,'vbNucleo',20,NULL,'barbara'),
 (190,'Ponto',NULL,'ICO_VBOSS_27.gif','../modulo_PONTO/Default.htm',NULL,'vbNucleo',10,NULL,'andre'),
 (191,'Ponto',NULL,'ICO_VBOSS_11.gif','../modulo_PONTO/Default.htm',NULL,'vbNucleo',10,NULL,'thais'),
 (192,'ToDo List',NULL,'ICO_VBOSS_08.gif','../modulo_TODOLIST/default.htm',NULL,'vbNucleo',20,NULL,'thais'),
 (193,'ATIVIDADES',NULL,'ICO_VBOSS_30.gif','../modulo_BS/default.htm',NULL,'vbNucleo',3,NULL,'raissa'),
 (196,'pfSense','Firewall','ICO_VBOSS_11.gif','http://10.1.20.1/',NULL,'vbNucleo',1000,NULL,'kiko'),
 (197,'Ponto','Registro Ponto','ICO_VBOSS_27.gif','../modulo_PONTO/Default.htm',NULL,'vbNucleo',10,NULL,'vinicius'),
 (198,'Chamados',NULL,'ICO_VBOSS_26.gif','../modulo_CHAMADO/default.htm',NULL,'vbNucleo',250,NULL,'cleverson'),
 (199,'Painel Financeiro','Painel Financeiro','ICO_VBOSS_22.gif','../modulo_FIN_PAINEL/default.htm',NULL,'vbNucleo',20,NULL,'kiko'),
 (200,'Mensagens',NULL,'ICO_VBOSS_06.gif','../modulo_MSG/default.htm',NULL,'vbNucleo',10,NULL,'clvsutil_gaucha'),
 (201,'Chamados',NULL,'ICO_VBOSS_26.gif','../modulo_CHAMADO/default.htm',NULL,'vbNucleo',20,NULL,'clvsutil_gaucha'),
 (202,'Inserir',NULL,'ICO_VBOSS_13.gif','../modulo_CHAMADO/Insert.asp',NULL,'vbNucleo',30,NULL,'clvsutil_gaucha'),
 (205,'NF/Recibo','NF/Recibo','ICO_VBOSS_23.gif','../modulo_FIN_NF/default.htm',NULL,'vbNucleo',30,NULL,'kiko'),
 (206,'Tarefas','Tarefas','ICO_VBOSS_12.gif','../modulo_TODOLIST/default.htm',NULL,'vbNucleo',30,NULL,'thais'),
 (207,'Colaboradores','Colaboradores','ICO_VBOSS_04.gif','../modulo_COLABORADOR/Default.htm',NULL,'vbNucleo',35,NULL,'thais'),
 (208,'Fornecedores','Fornecedores','ICO_VBOSS_20.gif','../modulo_FORNECEDOR/default.htm',NULL,'vbNucleo',25,NULL,'thais'),
 (209,'Account Services','Account Services','ICO_VBOSS_03.gif','../modulo_ACCOUNT/default.htm',NULL,'vbNucleo',15,NULL,'thais'),
 (210,'Cliente','Cliente','ICO_VBOSS_07.gif','../modulo_CLIENTE/default.htm',NULL,'vbNucleo',35,NULL,'thais'),
 (211,'Ponto','Ponto','ICO_VBOSS_17.gif','../modulo_PONTO/Default.htm',NULL,'vbNucleo',10,NULL,'gabriel'),
 (212,'Colaboradores','Colaboradores','ICO_VBOSS_21.gif','../modulo_COLABORADOR/default.htm',NULL,'vbNucleo',40,NULL,'kiko'),
 (215,'ATIVIDADES','ATIVIDADES','ICO_VBOSS_30.gif','../modulo_BS/default.htm',NULL,'vbNucleo',3,NULL,'rodrigo'),
 (217,'Tarefas','Tarefas','ICO_VBOSS_08.gif','../modulo_TODOLIST/default.htm',NULL,'vbNucleo',30,NULL,'leonardo'),
 (218,'Atividades','Atividades','ICO_VBOSS_20.gif','../modulo_BS/default.htm',NULL,'vbNucleo',40,NULL,'leonardo'),
 (220,'Atividades','atividades','ICO_VBOSS_29.gif','../modulo_BS/default.htm',NULL,'vbNucleo',125,NULL,'tatiana'),
 (221,'Painel Financeiro','Painel Financeiro','ICO_VBOSS_22.gif','../modulo_FIN_PAINEL/default.htm',NULL,'vbNucleo',100,NULL,'aless'),
 (222,'Painel Financeiro','Painel Financeiro','ICO_VBOSS_22.gif','../modulo_FIN_PAINEL/default.htm',NULL,'vbNucleo',100,NULL,'daiane'),
 (223,'Agenda',NULL,'ICO_VBOSS_01.gif','../modulo_AGENDA/default.htm',NULL,'vbNucleo',50,NULL,'daiane');
/*!40000 ALTER TABLE `sys_painel` ENABLE KEYS */;


--
-- Definition of table `tl_anexo`
--

DROP TABLE IF EXISTS `tl_anexo`;
CREATE TABLE `tl_anexo` (
  `COD_ANEXO` int(10) NOT NULL AUTO_INCREMENT,
  `COD_TODOLIST` int(10) DEFAULT NULL,
  `ARQUIVO` varchar(250) DEFAULT NULL,
  `DESCRICAO` longtext,
  `SYS_DTT_INS` datetime DEFAULT NULL,
  `SYS_ID_USUARIO_INS` varchar(50) DEFAULT NULL,
  PRIMARY KEY (`COD_ANEXO`)
) ENGINE=InnoDB DEFAULT CHARSET=utf8;

--
-- Dumping data for table `tl_anexo`
--

/*!40000 ALTER TABLE `tl_anexo` DISABLE KEYS */;
/*!40000 ALTER TABLE `tl_anexo` ENABLE KEYS */;


--
-- Definition of table `tl_categoria`
--

DROP TABLE IF EXISTS `tl_categoria`;
CREATE TABLE `tl_categoria` (
  `COD_CATEGORIA` int(10) NOT NULL AUTO_INCREMENT,
  `NOME` varchar(50) DEFAULT NULL,
  `DESCRICAO` varchar(255) DEFAULT NULL,
  `DT_INATIVO` datetime DEFAULT NULL,
  PRIMARY KEY (`COD_CATEGORIA`),
  KEY `DT_INATIVO` (`DT_INATIVO`),
  KEY `NOME` (`NOME`)
) ENGINE=InnoDB AUTO_INCREMENT=30 DEFAULT CHARSET=utf8;

--
-- Dumping data for table `tl_categoria`
--

/*!40000 ALTER TABLE `tl_categoria` DISABLE KEYS */;
INSERT INTO `tl_categoria` (`COD_CATEGORIA`,`NOME`,`DESCRICAO`,`DT_INATIVO`) VALUES 
 (1,'Contrato',NULL,NULL),
 (2,'Proposta',NULL,NULL),
 (3,'Geral',NULL,NULL),
 (4,'Admin',NULL,NULL),
 (5,'Financeiro',NULL,NULL),
 (15,'Contato',NULL,NULL),
 (16,'Pessoal',NULL,NULL),
 (19,'Consultoria',NULL,NULL),
 (20,'Design',NULL,NULL),
 (21,'Site',NULL,NULL),
 (22,'Sistema',NULL,NULL),
 (23,'Suporte',NULL,NULL),
 (25,'Conselho',NULL,NULL),
 (26,'Treinamento',NULL,NULL),
 (27,'Pesquisa',NULL,NULL),
 (28,'Chamado',NULL,NULL),
 (29,'RH',NULL,NULL);
/*!40000 ALTER TABLE `tl_categoria` ENABLE KEYS */;


--
-- Definition of table `tl_resposta`
--

DROP TABLE IF EXISTS `tl_resposta`;
CREATE TABLE `tl_resposta` (
  `COD_TL_RESPOSTA` int(10) NOT NULL AUTO_INCREMENT,
  `COD_TODOLIST` int(10) DEFAULT NULL,
  `ID_FROM` varchar(50) DEFAULT NULL,
  `ID_TO` varchar(50) DEFAULT NULL,
  `RESPOSTA` longtext,
  `SIGILOSO` longtext,
  `HORAS` double(15,5) DEFAULT NULL,
  `DTT_RESPOSTA` datetime DEFAULT NULL,
  `SYS_ID_USUARIO_INS` varchar(50) DEFAULT NULL,
  `COD_ANTIGO` int(10) DEFAULT NULL,
  `ARQUIVO_ANEXO` varchar(250) DEFAULT NULL,
  PRIMARY KEY (`COD_TL_RESPOSTA`),
  KEY `ID_SENDTO` (`ID_TO`),
  KEY `ID_USUARIO` (`ID_FROM`),
  KEY `TL_RESPOSTACOD_TODOLIST` (`COD_TODOLIST`)
) ENGINE=InnoDB DEFAULT CHARSET=utf8;

--
-- Dumping data for table `tl_resposta`
--

/*!40000 ALTER TABLE `tl_resposta` DISABLE KEYS */;
/*!40000 ALTER TABLE `tl_resposta` ENABLE KEYS */;


--
-- Definition of table `tl_todolist`
--

DROP TABLE IF EXISTS `tl_todolist`;
CREATE TABLE `tl_todolist` (
  `COD_TODOLIST` int(10) NOT NULL AUTO_INCREMENT,
  `COD_BOLETIM` int(10) DEFAULT NULL,
  `COD_CLI` int(10) DEFAULT NULL,
  `ID_RESPONSAVEL` varchar(50) DEFAULT NULL,
  `ID_ULT_EXECUTOR` varchar(50) DEFAULT NULL,
  `COD_CATEGORIA` int(10) DEFAULT NULL,
  `TITULO` varchar(250) DEFAULT NULL,
  `DESCRICAO` longtext,
  `SITUACAO` varchar(50) DEFAULT NULL,
  `PRIORIDADE` varchar(50) DEFAULT NULL,
  `PREV_HORAS` double(15,5) DEFAULT NULL,
  `PREV_DT_INI` datetime DEFAULT NULL,
  `PREV_DT_FIM` datetime DEFAULT NULL,
  `DT_REALIZADO` datetime DEFAULT NULL,
  `ARQUIVO_ANEXO` longtext,
  `SYS_DTT_INS` datetime DEFAULT NULL,
  `SYS_DTT_ALT` datetime DEFAULT NULL,
  `SYS_ID_USUARIO_INS` varchar(50) DEFAULT NULL,
  `SYS_EVALUATE` int(10) DEFAULT '0',
  `SYS_EVALUATE_OBS` longtext,
  `SYS_EVALUATE_ID_USUARIO` varchar(50) DEFAULT NULL,
  `PREV_HR_INI` varchar(5) DEFAULT NULL,
  PRIMARY KEY (`COD_TODOLIST`),
  KEY `COD_BOLETIM` (`COD_BOLETIM`),
  KEY `DT_REALIZADO` (`DT_REALIZADO`),
  KEY `ID_ULT_EXECUTOR` (`ID_ULT_EXECUTOR`),
  KEY `ID_USUARIO` (`ID_RESPONSAVEL`),
  KEY `PREV_DT_FIM` (`PREV_DT_FIM`),
  KEY `PREV_DT_INI` (`PREV_DT_INI`),
  KEY `PRIORIDADE` (`PRIORIDADE`),
  KEY `SITUACAO` (`SITUACAO`),
  KEY `SYS_ID_USUARIO_INS` (`SYS_ID_USUARIO_INS`),
  KEY `TITULO` (`TITULO`)
) ENGINE=InnoDB DEFAULT CHARSET=utf8;

--
-- Dumping data for table `tl_todolist`
--

/*!40000 ALTER TABLE `tl_todolist` DISABLE KEYS */;
/*!40000 ALTER TABLE `tl_todolist` ENABLE KEYS */;


--
-- Definition of table `usuario`
--

DROP TABLE IF EXISTS `usuario`;
CREATE TABLE `usuario` (
  `COD_USUARIO` int(10) NOT NULL AUTO_INCREMENT,
  `ID_USUARIO` varchar(50) DEFAULT NULL,
  `CODIGO` int(10) DEFAULT NULL,
  `TIPO` varchar(50) DEFAULT NULL,
  `NOME` varchar(50) DEFAULT NULL,
  `SENHA` varchar(250) DEFAULT NULL,
  `GRP_USER` varchar(250) DEFAULT NULL,
  `OBS` varchar(200) DEFAULT NULL,
  `EMAIL` varchar(255) DEFAULT NULL,
  `EMAIL_EXTRA` varchar(250) DEFAULT NULL,
  `DIR_DEFAULT` varchar(50) DEFAULT NULL,
  `FOTO` varchar(250) DEFAULT NULL,
  `DT_CRIACAO` datetime DEFAULT NULL,
  `DT_INATIVO` datetime DEFAULT NULL,
  `SYS_DT_ALT` datetime DEFAULT NULL,
  `SYS_USR_ALT` varchar(50) DEFAULT NULL,
  `APELIDO` varchar(50) DEFAULT NULL,
  `ENT_CLIENTE_REF` text,
  `LOGIN_FACEBOOK` varchar(50) DEFAULT NULL COMMENT 'E-mail ou ID do usuário no Facebook',
  `ID_USUARIO_MODELO` varchar(50) DEFAULT NULL,
  PRIMARY KEY (`COD_USUARIO`),
  UNIQUE KEY `ID_USUARIO` (`ID_USUARIO`),
  KEY `CODIGO` (`CODIGO`),
  KEY `TIPO` (`TIPO`),
  KEY `ID_USUARIO_MODELO` (`ID_USUARIO_MODELO`) USING BTREE
) ENGINE=InnoDB AUTO_INCREMENT=5 DEFAULT CHARSET=utf8;

--
-- Dumping data for table `usuario`
--

/*!40000 ALTER TABLE `usuario` DISABLE KEYS */;
INSERT INTO `usuario` (`COD_USUARIO`,`ID_USUARIO`,`CODIGO`,`TIPO`,`NOME`,`SENHA`,`GRP_USER`,`OBS`,`EMAIL`,`EMAIL_EXTRA`,`DIR_DEFAULT`,`FOTO`,`DT_CRIACAO`,`DT_INATIVO`,`SYS_DT_ALT`,`SYS_USR_ALT`,`APELIDO`,`ENT_CLIENTE_REF`,`LOGIN_FACEBOOK`,`ID_USUARIO_MODELO`) VALUES 
 (1,'_athenas',1,'ENT_COLABORADOR','Athenas Software & Systems','68f0e0a7bf9a72e4543666bbb81155ff','SU','','athaless@gmail.com',NULL,'','',NULL,NULL,'2013-01-31 12:30:11','aless','_athenas','',NULL,NULL),
 (3,'aless',3,'ENT_COLABORADOR','Alessander Oliveira','14ffd6bb91f6d82bb6eaba03146e75b9','MANAGER','','athaless@gmail.com',NULL,'','{C59144C7-1F5A-400C-BB73-420F390D0FA7}__ALESS.jpg',NULL,NULL,'2014-01-23 04:47:44','aless','aless','','athaless@gmail.com',NULL),
 (4,'daiane',4,'ENT_COLABORADOR','Daiane Souza','df915c346d20f00428115e30d18b84e9','MANAGER','','daiane.seg75@gmail.com',NULL,'','{oqhd1rroobt016oq8f8snt1j10_230114031245}_Image1.jpg',NULL,'2014-09-03 00:00:00','2014-09-03 23:51:55','aless','daiane','','daianeseg@hotmail.com',NULL);
/*!40000 ALTER TABLE `usuario` ENABLE KEYS */;


--
-- Definition of table `usuario_horario`
--

DROP TABLE IF EXISTS `usuario_horario`;
CREATE TABLE `usuario_horario` (
  `COD_HORARIO` int(10) NOT NULL AUTO_INCREMENT,
  `ID_USUARIO` varchar(50) DEFAULT NULL,
  `DIA_SEMANA` varchar(50) DEFAULT NULL,
  `IN_1` varchar(8) DEFAULT NULL,
  `OUT_1` varchar(8) DEFAULT NULL,
  `IN_2` varchar(8) DEFAULT NULL,
  `OUT_2` varchar(8) DEFAULT NULL,
  `IN_3` varchar(8) DEFAULT NULL,
  `OUT_3` varchar(8) DEFAULT NULL,
  `IN_extra` varchar(8) DEFAULT NULL,
  `OUT_extra` varchar(8) DEFAULT NULL,
  `TOTAL` varchar(50) DEFAULT NULL,
  `COD_EMPRESA` varchar(50) DEFAULT NULL,
  `OBS` longtext,
  PRIMARY KEY (`COD_HORARIO`),
  KEY `DIA_SEMANA` (`DIA_SEMANA`),
  KEY `ID_USUARIO` (`ID_USUARIO`)
) ENGINE=InnoDB AUTO_INCREMENT=96 DEFAULT CHARSET=utf8;

--
-- Dumping data for table `usuario_horario`
--

/*!40000 ALTER TABLE `usuario_horario` DISABLE KEYS */;
INSERT INTO `usuario_horario` (`COD_HORARIO`,`ID_USUARIO`,`DIA_SEMANA`,`IN_1`,`OUT_1`,`IN_2`,`OUT_2`,`IN_3`,`OUT_3`,`IN_extra`,`OUT_extra`,`TOTAL`,`COD_EMPRESA`,`OBS`) VALUES 
 (1,'aless','DOM',NULL,NULL,NULL,NULL,NULL,NULL,NULL,NULL,NULL,'GAU',NULL),
 (2,'aless','SEG','08:30:00','12:30','13:30','18:22',NULL,NULL,NULL,NULL,'08:52:00','GAU',NULL),
 (3,'aless','TER','08:30:00','13:00:00','13:30:00','18:00:00',NULL,NULL,NULL,NULL,'08:30:00','GAU',NULL),
 (4,'aless','QUA','08:30:00','12:00:00','13:00:00','18:00:00',NULL,NULL,NULL,NULL,'08:30:00','GAU',NULL),
 (5,'aless','QUI','08:30:00','12:00:00','13:00:00','18:00:00',NULL,NULL,NULL,NULL,'08:30:00','GAU',NULL),
 (6,'aless','SEX','08:30:00','12:00:00','13:00:00','18:00:00',NULL,NULL,NULL,NULL,'08:30:00','GAU',NULL),
 (7,'aless','SAB',NULL,NULL,NULL,NULL,NULL,NULL,NULL,NULL,NULL,'GAU',NULL),
 (78,'tatiana','DOM',NULL,NULL,NULL,NULL,NULL,NULL,NULL,NULL,NULL,'ATH',NULL),
 (79,'tatiana','SEG','08:00:00','12:30:00','13:45:00','18:00:00',NULL,NULL,NULL,NULL,'08:45:00','ATH',NULL),
 (80,'tatiana','TER','08:30:00','12:30:00','13:30:00','18:15:00',NULL,NULL,NULL,NULL,'08:45:00','ATH',NULL),
 (81,'tatiana','QUA','08:30:00','12:30:00','13:30:00','18:15:00',NULL,NULL,NULL,NULL,'08:45:00','ATH',NULL),
 (82,'tatiana','QUI','08:30:00','12:30:00','13:30:00','18:15:00',NULL,NULL,NULL,NULL,'08:45:00','ATH',NULL),
 (83,'tatiana','SEX','08:30:00','12:30:00','13:30:00','18:15:00',NULL,NULL,NULL,NULL,'08:45:00','ATH',NULL),
 (84,'daiane','DOM','','','','','','','','','','ATH',''),
 (85,'daiane','SEG','08:30:00','12:00:00','13:00:00','18:30:00','','','','','08:30:00','ATH',''),
 (86,'daiane','TER','08:30:00','13:00:00','13:30:00','18:00:00','','','','','08:30:00','ATH',''),
 (87,'daiane','QUA','08:30:00','12:00:00','13:00:00','18:00:00','','','','','08:30:00','ATH',''),
 (88,'daiane','QUI','08:30:00','12:00:00','13:00:00','18:00:00','','','','','08:30:00','ATH',''),
 (89,'daiane','SEX','08:30:00','12:00:00','13:00:00','18:00:00','','','','','08:30:00','ATH',''),
 (90,'daiane','SAB','','','','','','','','','','ATH',''),
 (91,'daiane','SEG','08:30:00','12:00:00','13:00:00','17:30:00',NULL,NULL,NULL,NULL,'08:00:00','ATH',NULL),
 (92,'daiane','TER','08:30:00','12:00:00','13:00:00','17:30:00',NULL,NULL,NULL,NULL,'08:00:00','ATH',NULL),
 (93,'daiane','QUA','08:30:00','12:00:00','13:00:00','17:30:00',NULL,NULL,NULL,NULL,'08:00:00','ATH',NULL),
 (94,'daiane','QUI','08:30:00','12:00:00','13:00:00','17:30:00',NULL,NULL,NULL,NULL,'08:00:00','ATH',NULL),
 (95,'daiane','SEX','08:30:00','12:00:00','13:00:00','17:30:00',NULL,NULL,NULL,NULL,'08:00:00','ATH',NULL);
/*!40000 ALTER TABLE `usuario_horario` ENABLE KEYS */;


--
-- Definition of table `usuario_log`
--

DROP TABLE IF EXISTS `usuario_log`;
CREATE TABLE `usuario_log` (
  `COD_USUARIO_LOG` int(10) NOT NULL AUTO_INCREMENT,
  `ID_USUARIO` varchar(20) DEFAULT NULL,
  `NUM_SESSAO` varchar(50) DEFAULT NULL,
  `DT_LOGIN` datetime DEFAULT NULL,
  `DT_LOGOUT` datetime DEFAULT NULL,
  `EXTRA` longtext,
  `DT_OCORRENCIA` datetime DEFAULT NULL,
  PRIMARY KEY (`COD_USUARIO_LOG`),
  KEY `ID_USER` (`ID_USUARIO`)
) ENGINE=InnoDB AUTO_INCREMENT=133 DEFAULT CHARSET=utf8;

--
-- Dumping data for table `usuario_log`
--

/*!40000 ALTER TABLE `usuario_log` DISABLE KEYS */;
INSERT INTO `usuario_log` (`COD_USUARIO_LOG`,`ID_USUARIO`,`NUM_SESSAO`,`DT_LOGIN`,`DT_LOGOUT`,`EXTRA`,`DT_OCORRENCIA`) VALUES 
 (10,'tatiana','1056904392','2010-08-03 18:41:34','2010-08-03 19:21:39','LOGIN / LOGOUT','2010-08-03 18:41:34'),
 (16,'tatiana','468497203','2010-08-06 18:55:16','2010-08-06 18:58:09','LOGIN / LOGOUT','2010-08-06 18:55:16'),
 (18,'tatiana','998414023','2010-08-09 09:55:32','2010-08-09 10:27:17','LOGIN / SYSTEM LOGOUT','2010-08-09 10:27:17'),
 (19,'tatiana','995651','2010-08-09 10:27:17','2010-08-09 10:39:49','LOGIN / LOGOUT','2010-08-09 10:27:17'),
 (21,'tatiana','634231551','2010-08-13 12:58:28','2010-08-13 13:07:59','LOGIN / LOGOUT','2010-08-13 12:58:28'),
 (22,'tatiana','986389390','2010-08-15 17:44:45','2010-08-15 18:15:48','LOGIN / LOGOUT','2010-08-15 17:44:45'),
 (23,'tatiana','986389393','2010-08-15 18:15:54','2010-08-15 18:18:17','LOGIN / SYSTEM LOGOUT','2010-08-15 18:18:17'),
 (24,'tatiana','986389393','2010-08-15 18:18:17','2010-08-15 18:22:55','LOGIN / LOGOUT','2010-08-15 18:18:17'),
 (26,'tatiana','304099782','2010-08-23 10:45:55','2010-08-23 11:35:15','LOGIN / LOGOUT','2010-08-23 10:45:55'),
 (29,'tatiana','828741093','2010-09-01 13:34:44','2010-09-01 13:53:02','LOGIN / LOGOUT','2010-09-01 13:34:46'),
 (84,'daiane','828772626','2014-03-04 16:43:09','2014-04-09 22:57:00','LOGIN / SYSTEM LOGOUT','2014-04-09 22:57:00'),
 (88,'daiane','802348007','2014-04-09 22:57:00','2014-04-19 11:37:43','LOGIN / SYSTEM LOGOUT','2014-04-19 11:37:43'),
 (90,'daiane','340873574','2014-04-19 11:37:43','2014-04-19 11:45:12','LOGIN / LOGOUT','2014-04-19 11:37:43'),
 (132,'aless','854136424','2020-11-07 10:55:30',NULL,'LOGIN','2020-11-07 10:55:30');
/*!40000 ALTER TABLE `usuario_log` ENABLE KEYS */;




/*!40101 SET SQL_MODE=@OLD_SQL_MODE */;
/*!40014 SET FOREIGN_KEY_CHECKS=@OLD_FOREIGN_KEY_CHECKS */;
/*!40014 SET UNIQUE_CHECKS=@OLD_UNIQUE_CHECKS */;
/*!40101 SET CHARACTER_SET_CLIENT=@OLD_CHARACTER_SET_CLIENT */;
/*!40101 SET CHARACTER_SET_RESULTS=@OLD_CHARACTER_SET_RESULTS */;
/*!40101 SET COLLATION_CONNECTION=@OLD_COLLATION_CONNECTION */;
/*!40101 SET CHARACTER_SET_CLIENT=@OLD_CHARACTER_SET_CLIENT */;
